[INFO] Scanning for projects...
[INFO] 
[INFO] --------------------< com.ycsopen:ycsopen-sms-core >--------------------
[INFO] Building ycsopen-sms-core 0.1.0-SNAPSHOT
[INFO]   from pom.xml
[INFO] --------------------------------[ jar ]---------------------------------
[INFO] 
[INFO] --- resources:3.3.1:resources (default-resources) @ ycsopen-sms-core ---
[INFO] Copying 2 resources from src/main/resources to target/classes
[INFO] Copying 62 resources from src/main/resources to target/classes
[INFO] 
[INFO] --- compiler:3.13.0:compile (default-compile) @ ycsopen-sms-core ---
[INFO] Nothing to compile - all classes are up to date.
[INFO] 
[INFO] --- resources:3.3.1:testResources (default-testResources) @ ycsopen-sms-core ---
[INFO] Copying 5 resources from src/test/resources to target/test-classes
[INFO] 
[INFO] --- compiler:3.13.0:testCompile (default-testCompile) @ ycsopen-sms-core ---
[INFO] Nothing to compile - all classes are up to date.
[INFO] 
[INFO] --- surefire:3.2.5:test (default-test) @ ycsopen-sms-core ---
[INFO] Using auto detected provider org.apache.maven.surefire.junitplatform.JUnitPlatformProvider
[INFO] 
[INFO] -------------------------------------------------------
[INFO]  T E S T S
[INFO] -------------------------------------------------------
[INFO] Running com.ycsopen.sms.core.config.RuntimeDatabaseGrantCallbackTest
[INFO] Tests run: 2, Failures: 0, Errors: 0, Skipped: 0, Time elapsed: 0.587 s -- in com.ycsopen.sms.core.config.RuntimeDatabaseGrantCallbackTest
[INFO] Running com.ycsopen.sms.core.notification.provider.HttpPlatformNotificationSpiTest
[INFO] Tests run: 1, Failures: 0, Errors: 0, Skipped: 0, Time elapsed: 0.175 s -- in com.ycsopen.sms.core.notification.provider.HttpPlatformNotificationSpiTest
[INFO] Running com.ycsopen.sms.core.notification.provider.PlatformMessageBootstrapServiceTest
[INFO] Tests run: 3, Failures: 0, Errors: 0, Skipped: 0, Time elapsed: 0.011 s -- in com.ycsopen.sms.core.notification.provider.PlatformMessageBootstrapServiceTest
[INFO] Running com.ycsopen.sms.core.cmpp.CmppDownstreamGatewaySessionTest
[INFO] Tests run: 7, Failures: 0, Errors: 0, Skipped: 0, Time elapsed: 0.011 s -- in com.ycsopen.sms.core.cmpp.CmppDownstreamGatewaySessionTest
[INFO] Running com.ycsopen.sms.core.cmpp.CmppProtocolCodecTest
[INFO] Tests run: 3, Failures: 0, Errors: 0, Skipped: 0, Time elapsed: 0.005 s -- in com.ycsopen.sms.core.cmpp.CmppProtocolCodecTest
[INFO] Running com.ycsopen.sms.core.cmpp.CmppMessageSubmitAcceptanceAdapterTest
[INFO] Tests run: 3, Failures: 0, Errors: 0, Skipped: 0, Time elapsed: 0.028 s -- in com.ycsopen.sms.core.cmpp.CmppMessageSubmitAcceptanceAdapterTest
[INFO] Running com.ycsopen.sms.core.cmpp.CmppClientSessionTest
23:48:26.252 [main] WARN com.ycsopen.sms.core.cmpp.CmppSmsUpstreamProviderClient -- Rejecting invalid CMPP submit request: invalid CMPP destination
23:48:26.258 [main] WARN com.ycsopen.sms.core.cmpp.CmppSmsUpstreamProviderClient -- CMPP submit outcome is unknown: code=CMPP_SUBMIT_UNKNOWN, message=CMPP 提交结果未知，保留任务声明等待重连确认
[INFO] Tests run: 7, Failures: 0, Errors: 0, Skipped: 0, Time elapsed: 0.018 s -- in com.ycsopen.sms.core.cmpp.CmppClientSessionTest
[INFO] Running com.ycsopen.sms.core.web.dto.LoginRequestValidationTest
23:48:26.286 [main] INFO org.hibernate.validator.internal.util.Version -- HV000001: Hibernate Validator 8.0.1.Final
[INFO] Tests run: 1, Failures: 0, Errors: 0, Skipped: 0, Time elapsed: 0.103 s -- in com.ycsopen.sms.core.web.dto.LoginRequestValidationTest
[INFO] Running com.ycsopen.sms.core.web.security.HmacRequestAuthenticatorTest
[INFO] Tests run: 3, Failures: 0, Errors: 0, Skipped: 0, Time elapsed: 0.072 s -- in com.ycsopen.sms.core.web.security.HmacRequestAuthenticatorTest
[INFO] Running com.ycsopen.sms.core.web.TenantAccessAdministrationControllerTest
[INFO] Tests run: 1, Failures: 0, Errors: 0, Skipped: 0, Time elapsed: 0.223 s -- in com.ycsopen.sms.core.web.TenantAccessAdministrationControllerTest
[INFO] Running com.ycsopen.sms.core.web.controller.MessageControllerRateLimitTest
[INFO] Tests run: 1, Failures: 0, Errors: 0, Skipped: 0, Time elapsed: 0.018 s -- in com.ycsopen.sms.core.web.controller.MessageControllerRateLimitTest
[INFO] Running com.ycsopen.sms.core.web.controller.BlacklistRiskControlControllerSecurityContractTest
[INFO] Tests run: 1, Failures: 0, Errors: 0, Skipped: 0, Time elapsed: 0.002 s -- in com.ycsopen.sms.core.web.controller.BlacklistRiskControlControllerSecurityContractTest
[INFO] Running com.ycsopen.sms.core.web.controller.ContentSafetyControllerSecurityContractTest
[INFO] Tests run: 1, Failures: 0, Errors: 0, Skipped: 0, Time elapsed: 0.001 s -- in com.ycsopen.sms.core.web.controller.ContentSafetyControllerSecurityContractTest
[INFO] Running com.ycsopen.sms.core.web.controller.PlatformRoleControllerAuthorizationTest
[INFO] Tests run: 3, Failures: 0, Errors: 0, Skipped: 0, Time elapsed: 0.047 s -- in com.ycsopen.sms.core.web.controller.PlatformRoleControllerAuthorizationTest
[INFO] Running com.ycsopen.sms.core.web.controller.TenantRegistrationControllerTest
23:48:26.867 [main] INFO org.springframework.mock.web.MockServletContext -- Initializing Spring TestDispatcherServlet ''
23:48:26.867 [main] INFO org.springframework.test.web.servlet.TestDispatcherServlet -- Initializing Servlet ''
23:48:26.868 [main] INFO org.springframework.test.web.servlet.TestDispatcherServlet -- Completed initialization in 1 ms
23:48:26.913 [main] INFO org.springframework.mock.web.MockServletContext -- Initializing Spring TestDispatcherServlet ''
23:48:26.913 [main] INFO org.springframework.test.web.servlet.TestDispatcherServlet -- Initializing Servlet ''
23:48:26.913 [main] INFO org.springframework.test.web.servlet.TestDispatcherServlet -- Completed initialization in 0 ms
23:48:26.938 [main] INFO org.springframework.mock.web.MockServletContext -- Initializing Spring TestDispatcherServlet ''
23:48:26.938 [main] INFO org.springframework.test.web.servlet.TestDispatcherServlet -- Initializing Servlet ''
23:48:26.938 [main] INFO org.springframework.test.web.servlet.TestDispatcherServlet -- Completed initialization in 0 ms
23:48:26.953 [main] INFO org.springframework.mock.web.MockServletContext -- Initializing Spring TestDispatcherServlet ''
23:48:26.953 [main] INFO org.springframework.test.web.servlet.TestDispatcherServlet -- Initializing Servlet ''
23:48:26.953 [main] INFO org.springframework.test.web.servlet.TestDispatcherServlet -- Completed initialization in 0 ms
23:48:26.961 [main] INFO org.springframework.mock.web.MockServletContext -- Initializing Spring TestDispatcherServlet ''
23:48:26.962 [main] INFO org.springframework.test.web.servlet.TestDispatcherServlet -- Initializing Servlet ''
23:48:26.962 [main] INFO org.springframework.test.web.servlet.TestDispatcherServlet -- Completed initialization in 0 ms
23:48:26.967 [main] INFO org.springframework.mock.web.MockServletContext -- Initializing Spring TestDispatcherServlet ''
23:48:26.967 [main] INFO org.springframework.test.web.servlet.TestDispatcherServlet -- Initializing Servlet ''
23:48:26.967 [main] INFO org.springframework.test.web.servlet.TestDispatcherServlet -- Completed initialization in 0 ms
23:48:26.972 [main] INFO org.springframework.mock.web.MockServletContext -- Initializing Spring TestDispatcherServlet ''
23:48:26.972 [main] INFO org.springframework.test.web.servlet.TestDispatcherServlet -- Initializing Servlet ''
23:48:26.972 [main] INFO org.springframework.test.web.servlet.TestDispatcherServlet -- Completed initialization in 0 ms
[INFO] Tests run: 7, Failures: 0, Errors: 0, Skipped: 0, Time elapsed: 0.238 s -- in com.ycsopen.sms.core.web.controller.TenantRegistrationControllerTest
[INFO] Running com.ycsopen.sms.core.web.controller.FrequencyRuleControllerSecurityContractTest
[INFO] Tests run: 1, Failures: 0, Errors: 0, Skipped: 0, Time elapsed: 0.002 s -- in com.ycsopen.sms.core.web.controller.FrequencyRuleControllerSecurityContractTest
[INFO] Running com.ycsopen.sms.core.web.controller.ReconciliationSettlementControllerTest
[INFO] Tests run: 2, Failures: 0, Errors: 0, Skipped: 0, Time elapsed: 0.045 s -- in com.ycsopen.sms.core.web.controller.ReconciliationSettlementControllerTest
[INFO] Running com.ycsopen.sms.core.web.controller.FeeWarningCreditControllerTest
[INFO] Tests run: 4, Failures: 0, Errors: 0, Skipped: 0, Time elapsed: 0.019 s -- in com.ycsopen.sms.core.web.controller.FeeWarningCreditControllerTest
[INFO] Running com.ycsopen.sms.core.web.controller.CustomReportControllerTest
23:48:27.062 [main] INFO org.springframework.mock.web.MockServletContext -- Initializing Spring TestDispatcherServlet ''
23:48:27.062 [main] INFO org.springframework.test.web.servlet.TestDispatcherServlet -- Initializing Servlet ''
23:48:27.062 [main] INFO org.springframework.test.web.servlet.TestDispatcherServlet -- Completed initialization in 0 ms
23:48:27.072 [main] INFO org.springframework.mock.web.MockServletContext -- Initializing Spring TestDispatcherServlet ''
23:48:27.072 [main] INFO org.springframework.test.web.servlet.TestDispatcherServlet -- Initializing Servlet ''
23:48:27.072 [main] INFO org.springframework.test.web.servlet.TestDispatcherServlet -- Completed initialization in 0 ms
[INFO] Tests run: 2, Failures: 0, Errors: 0, Skipped: 0, Time elapsed: 0.039 s -- in com.ycsopen.sms.core.web.controller.CustomReportControllerTest
[INFO] Running com.ycsopen.sms.core.web.controller.TenantConsoleSendControllerTest
[INFO] Tests run: 2, Failures: 0, Errors: 0, Skipped: 0, Time elapsed: 0.002 s -- in com.ycsopen.sms.core.web.controller.TenantConsoleSendControllerTest
[INFO] Running com.ycsopen.sms.core.web.controller.TenantRiskAutoPauseControllerTest
23:48:27.104 [main] INFO org.springframework.mock.web.MockServletContext -- Initializing Spring TestDispatcherServlet ''
23:48:27.104 [main] INFO org.springframework.test.web.servlet.TestDispatcherServlet -- Initializing Servlet ''
23:48:27.104 [main] INFO org.springframework.test.web.servlet.TestDispatcherServlet -- Completed initialization in 0 ms
[INFO] Tests run: 1, Failures: 0, Errors: 0, Skipped: 0, Time elapsed: 0.033 s -- in com.ycsopen.sms.core.web.controller.TenantRiskAutoPauseControllerTest
[INFO] Running com.ycsopen.sms.core.web.controller.SecurityEventControllerTest
23:48:27.169 [main] INFO org.springframework.mock.web.MockServletContext -- Initializing Spring TestDispatcherServlet ''
23:48:27.169 [main] INFO org.springframework.test.web.servlet.TestDispatcherServlet -- Initializing Servlet ''
23:48:27.169 [main] INFO org.springframework.test.web.servlet.TestDispatcherServlet -- Completed initialization in 0 ms
[INFO] Tests run: 2, Failures: 0, Errors: 0, Skipped: 0, Time elapsed: 0.057 s -- in com.ycsopen.sms.core.web.controller.SecurityEventControllerTest
[INFO] Running com.ycsopen.sms.core.web.controller.ComplaintCaseControllerTest
23:48:27.195 [main] INFO org.springframework.mock.web.MockServletContext -- Initializing Spring TestDispatcherServlet ''
23:48:27.195 [main] INFO org.springframework.test.web.servlet.TestDispatcherServlet -- Initializing Servlet ''
23:48:27.195 [main] INFO org.springframework.test.web.servlet.TestDispatcherServlet -- Completed initialization in 0 ms
[INFO] Tests run: 1, Failures: 0, Errors: 0, Skipped: 0, Time elapsed: 0.031 s -- in com.ycsopen.sms.core.web.controller.ComplaintCaseControllerTest
[INFO] Running com.ycsopen.sms.core.web.controller.RoutingCircuitPolicyControllerSecurityContractTest
[INFO] Tests run: 1, Failures: 0, Errors: 0, Skipped: 0, Time elapsed: 0.002 s -- in com.ycsopen.sms.core.web.controller.RoutingCircuitPolicyControllerSecurityContractTest
[INFO] Running com.ycsopen.sms.core.web.controller.LoginHistoryControllerTest
[INFO] Tests run: 5, Failures: 0, Errors: 0, Skipped: 0, Time elapsed: 0.014 s -- in com.ycsopen.sms.core.web.controller.LoginHistoryControllerTest
[INFO] Running com.ycsopen.sms.core.web.controller.TenantControllerCompatibilityTest
23:48:27.240 [main] INFO org.springframework.mock.web.MockServletContext -- Initializing Spring TestDispatcherServlet ''
23:48:27.240 [main] INFO org.springframework.test.web.servlet.TestDispatcherServlet -- Initializing Servlet ''
23:48:27.240 [main] INFO org.springframework.test.web.servlet.TestDispatcherServlet -- Completed initialization in 0 ms
23:48:27.246 [main] INFO org.springframework.mock.web.MockServletContext -- Initializing Spring TestDispatcherServlet ''
23:48:27.246 [main] INFO org.springframework.test.web.servlet.TestDispatcherServlet -- Initializing Servlet ''
23:48:27.246 [main] INFO org.springframework.test.web.servlet.TestDispatcherServlet -- Completed initialization in 0 ms
23:48:27.248 [main] INFO org.springframework.mock.web.MockServletContext -- Initializing Spring TestDispatcherServlet ''
23:48:27.248 [main] INFO org.springframework.test.web.servlet.TestDispatcherServlet -- Initializing Servlet ''
23:48:27.248 [main] INFO org.springframework.test.web.servlet.TestDispatcherServlet -- Completed initialization in 0 ms
23:48:27.253 [main] INFO org.springframework.mock.web.MockServletContext -- Initializing Spring TestDispatcherServlet ''
23:48:27.253 [main] INFO org.springframework.test.web.servlet.TestDispatcherServlet -- Initializing Servlet ''
23:48:27.253 [main] INFO org.springframework.test.web.servlet.TestDispatcherServlet -- Completed initialization in 0 ms
[INFO] Tests run: 4, Failures: 0, Errors: 0, Skipped: 0, Time elapsed: 0.032 s -- in com.ycsopen.sms.core.web.controller.TenantControllerCompatibilityTest
[INFO] Running com.ycsopen.sms.core.web.controller.PlatformConfigurationControllerTest
[INFO] Tests run: 3, Failures: 0, Errors: 0, Skipped: 0, Time elapsed: 0.034 s -- in com.ycsopen.sms.core.web.controller.PlatformConfigurationControllerTest
[INFO] Running com.ycsopen.sms.core.web.controller.ProviderStatusTaxonomyControllerSecurityContractTest
[INFO] Tests run: 1, Failures: 0, Errors: 0, Skipped: 0, Time elapsed: 0.001 s -- in com.ycsopen.sms.core.web.controller.ProviderStatusTaxonomyControllerSecurityContractTest
[INFO] Running com.ycsopen.sms.core.web.controller.PlatformAccountControllerAuthorizationTest
[INFO] Tests run: 3, Failures: 0, Errors: 0, Skipped: 0, Time elapsed: 0.046 s -- in com.ycsopen.sms.core.web.controller.PlatformAccountControllerAuthorizationTest
[INFO] Running com.ycsopen.sms.core.web.controller.DashboardControllerTest
23:48:27.360 [main] INFO org.springframework.mock.web.MockServletContext -- Initializing Spring TestDispatcherServlet ''
23:48:27.360 [main] INFO org.springframework.test.web.servlet.TestDispatcherServlet -- Initializing Servlet ''
23:48:27.360 [main] INFO org.springframework.test.web.servlet.TestDispatcherServlet -- Completed initialization in 0 ms
23:48:27.367 [main] INFO org.springframework.mock.web.MockServletContext -- Initializing Spring TestDispatcherServlet ''
23:48:27.368 [main] INFO org.springframework.test.web.servlet.TestDispatcherServlet -- Initializing Servlet ''
23:48:27.368 [main] INFO org.springframework.test.web.servlet.TestDispatcherServlet -- Completed initialization in 0 ms
23:48:27.372 [main] INFO org.springframework.mock.web.MockServletContext -- Initializing Spring TestDispatcherServlet ''
23:48:27.372 [main] INFO org.springframework.test.web.servlet.TestDispatcherServlet -- Initializing Servlet ''
23:48:27.372 [main] INFO org.springframework.test.web.servlet.TestDispatcherServlet -- Completed initialization in 0 ms
[INFO] Tests run: 3, Failures: 0, Errors: 0, Skipped: 0, Time elapsed: 0.035 s -- in com.ycsopen.sms.core.web.controller.DashboardControllerTest
[INFO] Running com.ycsopen.sms.core.web.controller.PrivilegedDataControllerTest
[INFO] Tests run: 2, Failures: 0, Errors: 0, Skipped: 0, Time elapsed: 0.026 s -- in com.ycsopen.sms.core.web.controller.PrivilegedDataControllerTest
[INFO] Running com.ycsopen.sms.core.web.controller.NumberAttributionControllerSecurityContractTest
[INFO] Tests run: 1, Failures: 0, Errors: 0, Skipped: 0, Time elapsed: 0.002 s -- in com.ycsopen.sms.core.web.controller.NumberAttributionControllerSecurityContractTest
[INFO] Running com.ycsopen.sms.core.web.controller.TrialPrepaidLedgerControllerSecurityContractTest
[INFO] Tests run: 3, Failures: 0, Errors: 0, Skipped: 0, Time elapsed: 0.020 s -- in com.ycsopen.sms.core.web.controller.TrialPrepaidLedgerControllerSecurityContractTest
[INFO] Running com.ycsopen.sms.core.web.controller.ShortLinkSafetyControllerTest
[INFO] Tests run: 1, Failures: 0, Errors: 0, Skipped: 0, Time elapsed: 0.022 s -- in com.ycsopen.sms.core.web.controller.ShortLinkSafetyControllerTest
[INFO] Running com.ycsopen.sms.core.web.controller.FinancialSourceAnalyticsControllerTest
[INFO] Tests run: 2, Failures: 0, Errors: 0, Skipped: 0, Time elapsed: 0.015 s -- in com.ycsopen.sms.core.web.controller.FinancialSourceAnalyticsControllerTest
[INFO] Running com.ycsopen.sms.core.web.controller.SignatureLifecycleControllerTest
[INFO] Tests run: 2, Failures: 0, Errors: 0, Skipped: 0, Time elapsed: 0.019 s -- in com.ycsopen.sms.core.web.controller.SignatureLifecycleControllerTest
[INFO] Running com.ycsopen.sms.core.web.controller.OperationalDashboardControllerTest
23:48:27.501 [main] INFO org.springframework.mock.web.MockServletContext -- Initializing Spring TestDispatcherServlet ''
23:48:27.501 [main] INFO org.springframework.test.web.servlet.TestDispatcherServlet -- Initializing Servlet ''
23:48:27.501 [main] INFO org.springframework.test.web.servlet.TestDispatcherServlet -- Completed initialization in 0 ms
23:48:27.507 [main] INFO org.springframework.mock.web.MockServletContext -- Initializing Spring TestDispatcherServlet ''
23:48:27.507 [main] INFO org.springframework.test.web.servlet.TestDispatcherServlet -- Initializing Servlet ''
23:48:27.507 [main] INFO org.springframework.test.web.servlet.TestDispatcherServlet -- Completed initialization in 0 ms
[INFO] Tests run: 2, Failures: 0, Errors: 0, Skipped: 0, Time elapsed: 0.034 s -- in com.ycsopen.sms.core.web.controller.OperationalDashboardControllerTest
[INFO] Running com.ycsopen.sms.core.web.controller.ChannelHealthControllerTest
[INFO] Tests run: 1, Failures: 0, Errors: 0, Skipped: 0, Time elapsed: 0.061 s -- in com.ycsopen.sms.core.web.controller.ChannelHealthControllerTest
[INFO] Running com.ycsopen.sms.core.web.TenantRegistrationObjectApiTest
23:48:27.618 [main] INFO org.springframework.mock.web.MockServletContext -- Initializing Spring TestDispatcherServlet ''
23:48:27.618 [main] INFO org.springframework.test.web.servlet.TestDispatcherServlet -- Initializing Servlet ''
23:48:27.618 [main] INFO org.springframework.test.web.servlet.TestDispatcherServlet -- Completed initialization in 0 ms
23:48:27.645 [main] INFO org.springframework.mock.web.MockServletContext -- Initializing Spring TestDispatcherServlet ''
23:48:27.646 [main] INFO org.springframework.test.web.servlet.TestDispatcherServlet -- Initializing Servlet ''
23:48:27.646 [main] INFO org.springframework.test.web.servlet.TestDispatcherServlet -- Completed initialization in 0 ms
[INFO] Tests run: 10, Failures: 0, Errors: 0, Skipped: 0, Time elapsed: 0.071 s -- in com.ycsopen.sms.core.web.TenantRegistrationObjectApiTest
[INFO] Running com.ycsopen.sms.core.web.ProtectedObjectAccessControllerTest
23:48:27.653 [main] INFO org.springframework.mock.web.MockServletContext -- Initializing Spring TestDispatcherServlet ''
23:48:27.653 [main] INFO org.springframework.test.web.servlet.TestDispatcherServlet -- Initializing Servlet ''
23:48:27.653 [main] INFO org.springframework.test.web.servlet.TestDispatcherServlet -- Completed initialization in 0 ms
23:48:27.663 [main] INFO org.springframework.mock.web.MockServletContext -- Initializing Spring TestDispatcherServlet ''
23:48:27.663 [main] INFO org.springframework.test.web.servlet.TestDispatcherServlet -- Initializing Servlet ''
23:48:27.663 [main] INFO org.springframework.test.web.servlet.TestDispatcherServlet -- Completed initialization in 0 ms
23:48:27.667 [main] INFO org.springframework.mock.web.MockServletContext -- Initializing Spring TestDispatcherServlet ''
23:48:27.667 [main] INFO org.springframework.test.web.servlet.TestDispatcherServlet -- Initializing Servlet ''
23:48:27.667 [main] INFO org.springframework.test.web.servlet.TestDispatcherServlet -- Completed initialization in 0 ms
23:48:27.670 [main] INFO org.springframework.mock.web.MockServletContext -- Initializing Spring TestDispatcherServlet ''
23:48:27.670 [main] INFO org.springframework.test.web.servlet.TestDispatcherServlet -- Initializing Servlet ''
23:48:27.670 [main] INFO org.springframework.test.web.servlet.TestDispatcherServlet -- Completed initialization in 0 ms
[INFO] Tests run: 4, Failures: 0, Errors: 0, Skipped: 0, Time elapsed: 0.023 s -- in com.ycsopen.sms.core.web.ProtectedObjectAccessControllerTest
[INFO] Running com.ycsopen.sms.core.web.HmacSignatureVerifierTest
[INFO] Tests run: 5, Failures: 0, Errors: 0, Skipped: 0, Time elapsed: 0.002 s -- in com.ycsopen.sms.core.web.HmacSignatureVerifierTest
[INFO] Running com.ycsopen.sms.core.verification.Phase10ChannelDataMySqlTest
[WARNING] Tests run: 1, Failures: 0, Errors: 0, Skipped: 1, Time elapsed: 0.001 s -- in com.ycsopen.sms.core.verification.Phase10ChannelDataMySqlTest
[INFO] Running com.ycsopen.sms.core.verification.Phase03ObjectStorageIntegrationTest
[WARNING] Tests run: 1, Failures: 0, Errors: 0, Skipped: 1, Time elapsed: 0 s -- in com.ycsopen.sms.core.verification.Phase03ObjectStorageIntegrationTest
[INFO] Running com.ycsopen.sms.core.verification.Phase08TenantQualificationMySqlTest
[WARNING] Tests run: 2, Failures: 0, Errors: 0, Skipped: 2, Time elapsed: 0 s -- in com.ycsopen.sms.core.verification.Phase08TenantQualificationMySqlTest
[INFO] Running com.ycsopen.sms.core.verification.Phase01ServiceHarnessProcessTest
[INFO] Tests run: 5, Failures: 0, Errors: 0, Skipped: 0, Time elapsed: 6.753 s -- in com.ycsopen.sms.core.verification.Phase01ServiceHarnessProcessTest
[INFO] Running com.ycsopen.sms.core.verification.Phase03ProtectedPersistenceIntegrationTest
[WARNING] Tests run: 1, Failures: 0, Errors: 0, Skipped: 1, Time elapsed: 0.001 s -- in com.ycsopen.sms.core.verification.Phase03ProtectedPersistenceIntegrationTest
[INFO] Running com.ycsopen.sms.core.verification.Phase05IdentityMySqlIntegrationTest
[WARNING] Tests run: 2, Failures: 0, Errors: 0, Skipped: 2, Time elapsed: 0 s -- in com.ycsopen.sms.core.verification.Phase05IdentityMySqlIntegrationTest
[INFO] Running com.ycsopen.sms.core.verification.Phase07RealServicePlaywrightTest
[WARNING] Tests run: 1, Failures: 0, Errors: 0, Skipped: 1, Time elapsed: 0 s -- in com.ycsopen.sms.core.verification.Phase07RealServicePlaywrightTest
[INFO] Running com.ycsopen.sms.core.verification.Phase03LeakScanIntegrationTest
[WARNING] Tests run: 1, Failures: 0, Errors: 0, Skipped: 1, Time elapsed: 0 s -- in com.ycsopen.sms.core.verification.Phase03LeakScanIntegrationTest
[INFO] Running com.ycsopen.sms.core.verification.Phase03FixturePreflightTest
[WARNING] Tests run: 1, Failures: 0, Errors: 0, Skipped: 1, Time elapsed: 0 s -- in com.ycsopen.sms.core.verification.Phase03FixturePreflightTest
[INFO] Running com.ycsopen.sms.core.verification.Phase07ConfigurationMySqlIntegrationTest
[WARNING] Tests run: 1, Failures: 0, Errors: 0, Skipped: 1, Time elapsed: 0 s -- in com.ycsopen.sms.core.verification.Phase07ConfigurationMySqlIntegrationTest
[INFO] Running com.ycsopen.sms.core.verification.Phase01RedisIntegrationTest
[WARNING] Tests run: 2, Failures: 0, Errors: 0, Skipped: 2, Time elapsed: 0 s -- in com.ycsopen.sms.core.verification.Phase01RedisIntegrationTest
[INFO] Running com.ycsopen.sms.core.verification.Phase11RealServicePlaywrightTest
[WARNING] Tests run: 1, Failures: 0, Errors: 0, Skipped: 1, Time elapsed: 0.001 s -- in com.ycsopen.sms.core.verification.Phase11RealServicePlaywrightTest
[INFO] Running com.ycsopen.sms.core.verification.Phase08OwnedProcessTest
[INFO] Tests run: 3, Failures: 0, Errors: 0, Skipped: 0, Time elapsed: 3.168 s -- in com.ycsopen.sms.core.verification.Phase08OwnedProcessTest
[INFO] Running com.ycsopen.sms.core.verification.Phase01MySqlIntegrationTest
[WARNING] Tests run: 2, Failures: 0, Errors: 0, Skipped: 2, Time elapsed: 0.001 s -- in com.ycsopen.sms.core.verification.Phase01MySqlIntegrationTest
[INFO] Running com.ycsopen.sms.core.verification.TenantQualificationMySqlMigrationTest
[WARNING] Tests run: 1, Failures: 0, Errors: 0, Skipped: 1, Time elapsed: 0 s -- in com.ycsopen.sms.core.verification.TenantQualificationMySqlMigrationTest
[INFO] Running com.ycsopen.sms.core.verification.Phase06AuditMySqlIntegrationTest
[WARNING] Tests run: 1, Failures: 0, Errors: 0, Skipped: 1, Time elapsed: 0 s -- in com.ycsopen.sms.core.verification.Phase06AuditMySqlIntegrationTest
[INFO] Running com.ycsopen.sms.core.verification.Phase08RealServicePlaywrightTest
[WARNING] Tests run: 1, Failures: 0, Errors: 0, Skipped: 1, Time elapsed: 0 s -- in com.ycsopen.sms.core.verification.Phase08RealServicePlaywrightTest
[INFO] Running com.ycsopen.sms.core.verification.Phase03RotationRecoveryIntegrationTest
[WARNING] Tests run: 1, Failures: 0, Errors: 0, Skipped: 1, Time elapsed: 0 s -- in com.ycsopen.sms.core.verification.Phase03RotationRecoveryIntegrationTest
[INFO] Running com.ycsopen.sms.core.verification.Phase03MigrationIntegrationTest
[WARNING] Tests run: 2, Failures: 0, Errors: 0, Skipped: 2, Time elapsed: 0 s -- in com.ycsopen.sms.core.verification.Phase03MigrationIntegrationTest
[INFO] Running com.ycsopen.sms.core.verification.Phase01TimezoneContractTest
[WARNING] Tests run: 2, Failures: 0, Errors: 0, Skipped: 2, Time elapsed: 0 s -- in com.ycsopen.sms.core.verification.Phase01TimezoneContractTest
[INFO] Running com.ycsopen.sms.core.verification.Phase09TenantCredentialMySqlTest
[WARNING] Tests run: 2, Failures: 0, Errors: 0, Skipped: 2, Time elapsed: 0 s -- in com.ycsopen.sms.core.verification.Phase09TenantCredentialMySqlTest
[INFO] Running com.ycsopen.sms.core.verification.Phase10RealServicePlaywrightTest
[WARNING] Tests run: 1, Failures: 0, Errors: 0, Skipped: 1, Time elapsed: 0 s -- in com.ycsopen.sms.core.verification.Phase10RealServicePlaywrightTest
[INFO] Running com.ycsopen.sms.core.verification.Phase09RealServicePlaywrightTest
[WARNING] Tests run: 1, Failures: 0, Errors: 0, Skipped: 1, Time elapsed: 0 s -- in com.ycsopen.sms.core.verification.Phase09RealServicePlaywrightTest
[INFO] Running com.ycsopen.sms.core.verification.Phase03Pkcs11IntegrationTest
[WARNING] Tests run: 1, Failures: 0, Errors: 0, Skipped: 1, Time elapsed: 0 s -- in com.ycsopen.sms.core.verification.Phase03Pkcs11IntegrationTest
[INFO] Running com.ycsopen.sms.core.verification.Phase11ChannelHealthMySqlTest
[WARNING] Tests run: 1, Failures: 0, Errors: 0, Skipped: 1, Time elapsed: 0.001 s -- in com.ycsopen.sms.core.verification.Phase11ChannelHealthMySqlTest
[INFO] Running com.ycsopen.sms.core.common.security.TenantReviewSecurityTest

  .   ____          _            __ _ _
 /\\ / ___'_ __ _ _(_)_ __  __ _ \ \ \ \
( ( )\___ | '_ | '_| | '_ \/ _` | \ \ \ \
 \\/  ___)| |_)| | | | | || (_| |  ) ) ) )
  '  |____| .__|_| |_|_| |_\__, | / / / /
 =========|_|==============|___/=/_/_/_/

 :: Spring Boot ::                (v3.3.4)

2026-09-10T23:48:37.855+08:00 INFO  c.y.s.c.common.security.TenantReviewSecurityTest - Starting TenantReviewSecurityTest using Java 21.0.10 with PID 56038 (started by laosanzheong in /Users/laosanzheong/Documents/codebases/ycsopen-sms/core)
2026-09-10T23:48:37.856+08:00 DEBUG c.y.s.c.common.security.TenantReviewSecurityTest - Running with Spring Boot v3.3.4, Spring v6.1.13
2026-09-10T23:48:37.857+08:00 INFO  c.y.s.c.common.security.TenantReviewSecurityTest - The following 1 profile is active: "dev"
2026-09-10T23:48:38.025+08:00 INFO  o.s.d.r.config.RepositoryConfigurationDelegate - Multiple Spring Data modules found, entering strict repository configuration mode
2026-09-10T23:48:38.025+08:00 INFO  o.s.d.r.config.RepositoryConfigurationDelegate - Bootstrapping Spring Data Redis repositories in DEFAULT mode.
2026-09-10T23:48:38.121+08:00 INFO  o.s.d.r.config.RepositoryConfigurationDelegate - Finished Spring Data repository scanning in 88 ms. Found 0 Redis repository interfaces.
2026-09-10T23:48:38.219+08:00 WARN  o.s.b.a.s.s.UserDetailsServiceAutoConfiguration -   Using generated security [redacted]  This generated password is for development use only. Your security configuration must be updated before running your application in production. 
2026-09-10T23:48:38.222+08:00 INFO  o.s.s.c.a.a.c.InitializeUserDetailsBeanManagerConfigurer$InitializeUserDetailsManagerConfigurer - Global AuthenticationManager configured with UserDetailsService bean with name inMemoryUserDetailsManager
2026-09-10T23:48:38.666+08:00 INFO  org.quartz.impl.StdSchedulerFactory - Using default implementation for ThreadExecutor
2026-09-10T23:48:38.671+08:00 INFO  org.quartz.core.SchedulerSignalerImpl - Initialized Scheduler Signaller of type: class org.quartz.core.SchedulerSignalerImpl
2026-09-10T23:48:38.671+08:00 INFO  org.quartz.core.QuartzScheduler - Quartz Scheduler v.2.3.2 created.
2026-09-10T23:48:38.671+08:00 INFO  org.quartz.simpl.RAMJobStore - RAMJobStore initialized.
2026-09-10T23:48:38.672+08:00 INFO  org.quartz.core.QuartzScheduler - Scheduler meta-data: Quartz Scheduler (v2.3.2) 'quartzScheduler' with instanceId 'NON_CLUSTERED'   Scheduler class: 'org.quartz.core.QuartzScheduler' - running locally.   NOT STARTED.   Currently in standby mode.   Number of jobs executed: 0   Using thread pool 'org.quartz.simpl.SimpleThreadPool' - with 10 threads.   Using job-store 'org.quartz.simpl.RAMJobStore' - which does not support persistence. and is not clustered. 
2026-09-10T23:48:38.672+08:00 INFO  org.quartz.impl.StdSchedulerFactory - Quartz scheduler 'quartzScheduler' initialized from an externally provided properties instance.
2026-09-10T23:48:38.672+08:00 INFO  org.quartz.impl.StdSchedulerFactory - Quartz scheduler version: 2.3.2
2026-09-10T23:48:38.672+08:00 INFO  org.quartz.core.QuartzScheduler - JobFactory set to: org.springframework.scheduling.quartz.SpringBeanJobFactory@48f3210f
2026-09-10T23:48:38.701+08:00 INFO  o.s.b.test.mock.web.SpringBootMockServletContext - Initializing Spring TestDispatcherServlet ''
2026-09-10T23:48:38.702+08:00 INFO  o.s.test.web.servlet.TestDispatcherServlet - Initializing Servlet ''
2026-09-10T23:48:38.702+08:00 INFO  o.s.test.web.servlet.TestDispatcherServlet - Completed initialization in 0 ms
2026-09-10T23:48:38.705+08:00 INFO  o.s.scheduling.quartz.SchedulerFactoryBean - Starting Quartz Scheduler now
2026-09-10T23:48:38.705+08:00 INFO  org.quartz.core.QuartzScheduler - Scheduler quartzScheduler_$_NON_CLUSTERED started.
2026-09-10T23:48:38.709+08:00 INFO  c.y.s.c.common.security.TenantReviewSecurityTest - Started TenantReviewSecurityTest in 0.999 seconds (process running for 13.883)
[INFO] Tests run: 5, Failures: 0, Errors: 0, Skipped: 0, Time elapsed: 1.149 s -- in com.ycsopen.sms.core.common.security.TenantReviewSecurityTest
[INFO] Running com.ycsopen.sms.core.common.security.config.CryptoStorageStartupVerifierTest
[INFO] Tests run: 6, Failures: 0, Errors: 0, Skipped: 0, Time elapsed: 0.009 s -- in com.ycsopen.sms.core.common.security.config.CryptoStorageStartupVerifierTest
[INFO] Running com.ycsopen.sms.core.common.security.config.CryptoStorageConfigurationWiringTest
[INFO] Tests run: 1, Failures: 0, Errors: 0, Skipped: 0, Time elapsed: 0.081 s -- in com.ycsopen.sms.core.common.security.config.CryptoStorageConfigurationWiringTest
[INFO] Running com.ycsopen.sms.core.common.security.config.ObjectStorageConfigurationTest
[INFO] Tests run: 3, Failures: 0, Errors: 0, Skipped: 0, Time elapsed: 0.261 s -- in com.ycsopen.sms.core.common.security.config.ObjectStorageConfigurationTest
[INFO] Running com.ycsopen.sms.core.common.security.key.lifecycle.SnapshotEnvelopeInventoryTest
[INFO] Tests run: 4, Failures: 0, Errors: 0, Skipped: 0, Time elapsed: 0.299 s -- in com.ycsopen.sms.core.common.security.key.lifecycle.SnapshotEnvelopeInventoryTest
[INFO] Running com.ycsopen.sms.core.common.security.key.lifecycle.EnvelopeRewrapServiceTest
[INFO] Tests run: 7, Failures: 0, Errors: 0, Skipped: 0, Time elapsed: 0.009 s -- in com.ycsopen.sms.core.common.security.key.lifecycle.EnvelopeRewrapServiceTest
[INFO] Running com.ycsopen.sms.core.common.security.key.lifecycle.KeyLifecycleServiceTest
[INFO] Tests run: 10, Failures: 0, Errors: 0, Skipped: 0, Time elapsed: 0.250 s -- in com.ycsopen.sms.core.common.security.key.lifecycle.KeyLifecycleServiceTest
[INFO] Running com.ycsopen.sms.core.common.security.key.lifecycle.TokenDigestPublicationFenceTest
[INFO] Tests run: 3, Failures: 0, Errors: 0, Skipped: 0, Time elapsed: 0.012 s -- in com.ycsopen.sms.core.common.security.key.lifecycle.TokenDigestPublicationFenceTest
[INFO] Running com.ycsopen.sms.core.common.security.key.lifecycle.EnvelopeReferenceInventoryTest
[INFO] Tests run: 1, Failures: 0, Errors: 0, Skipped: 0, Time elapsed: 0.004 s -- in com.ycsopen.sms.core.common.security.key.lifecycle.EnvelopeReferenceInventoryTest
[INFO] Running com.ycsopen.sms.core.common.security.key.VersionedBlindIndexTest
[INFO] Tests run: 10, Failures: 0, Errors: 0, Skipped: 0, Time elapsed: 0.010 s -- in com.ycsopen.sms.core.common.security.key.VersionedBlindIndexTest
[INFO] Running com.ycsopen.sms.core.common.security.key.pkcs11.Pkcs11ProviderFactoryTest
[INFO] Tests run: 4, Failures: 0, Errors: 0, Skipped: 0, Time elapsed: 0.237 s -- in com.ycsopen.sms.core.common.security.key.pkcs11.Pkcs11ProviderFactoryTest
[INFO] Running com.ycsopen.sms.core.common.security.key.pkcs11.SunPkcs11KeyAdapterTest
[INFO] Tests run: 12, Failures: 0, Errors: 0, Skipped: 0, Time elapsed: 0.276 s -- in com.ycsopen.sms.core.common.security.key.pkcs11.SunPkcs11KeyAdapterTest
[INFO] Running com.ycsopen.sms.core.common.security.key.pkcs11.VersionedKeyDescriptorRegistryTest
[INFO] Tests run: 2, Failures: 0, Errors: 0, Skipped: 0, Time elapsed: 0.002 s -- in com.ycsopen.sms.core.common.security.key.pkcs11.VersionedKeyDescriptorRegistryTest
[INFO] Running com.ycsopen.sms.core.common.security.JwtAccessVerifierTest
[INFO] Tests run: 3, Failures: 0, Errors: 0, Skipped: 0, Time elapsed: 0.045 s -- in com.ycsopen.sms.core.common.security.JwtAccessVerifierTest
[INFO] Running com.ycsopen.sms.core.common.security.TenantQualificationSecurityTest

  .   ____          _            __ _ _
 /\\ / ___'_ __ _ _(_)_ __  __ _ \ \ \ \
( ( )\___ | '_ | '_| | '_ \/ _` | \ \ \ \
 \\/  ___)| |_)| | | | | || (_| |  ) ) ) )
  '  |____| .__|_| |_|_| |_\__, | / / / /
 =========|_|==============|___/=/_/_/_/

 :: Spring Boot ::                (v3.3.4)

2026-09-10T23:48:40.297+08:00 INFO  c.y.s.c.c.s.TenantQualificationSecurityTest - Starting TenantQualificationSecurityTest using Java 21.0.10 with PID 56038 (started by laosanzheong in /Users/laosanzheong/Documents/codebases/ycsopen-sms/core)
2026-09-10T23:48:40.297+08:00 DEBUG c.y.s.c.c.s.TenantQualificationSecurityTest - Running with Spring Boot v3.3.4, Spring v6.1.13
2026-09-10T23:48:40.297+08:00 INFO  c.y.s.c.c.s.TenantQualificationSecurityTest - The following 1 profile is active: "dev"
2026-09-10T23:48:40.348+08:00 INFO  o.s.d.r.config.RepositoryConfigurationDelegate - Multiple Spring Data modules found, entering strict repository configuration mode
2026-09-10T23:48:40.348+08:00 INFO  o.s.d.r.config.RepositoryConfigurationDelegate - Bootstrapping Spring Data Redis repositories in DEFAULT mode.
2026-09-10T23:48:40.371+08:00 INFO  o.s.d.r.config.RepositoryConfigurationDelegate - Finished Spring Data repository scanning in 23 ms. Found 0 Redis repository interfaces.
2026-09-10T23:48:40.417+08:00 WARN  o.s.b.a.s.s.UserDetailsServiceAutoConfiguration -   Using generated security [redacted]  This generated password is for development use only. Your security configuration must be updated before running your application in production. 
2026-09-10T23:48:40.418+08:00 INFO  o.s.s.c.a.a.c.InitializeUserDetailsBeanManagerConfigurer$InitializeUserDetailsManagerConfigurer - Global AuthenticationManager configured with UserDetailsService bean with name inMemoryUserDetailsManager
2026-09-10T23:48:40.532+08:00 INFO  org.quartz.impl.StdSchedulerFactory - Using default implementation for ThreadExecutor
2026-09-10T23:48:40.532+08:00 INFO  org.quartz.core.SchedulerSignalerImpl - Initialized Scheduler Signaller of type: class org.quartz.core.SchedulerSignalerImpl
2026-09-10T23:48:40.532+08:00 INFO  org.quartz.core.QuartzScheduler - Quartz Scheduler v.2.3.2 created.
2026-09-10T23:48:40.532+08:00 INFO  org.quartz.simpl.RAMJobStore - RAMJobStore initialized.
2026-09-10T23:48:40.532+08:00 INFO  org.quartz.core.QuartzScheduler - Scheduler meta-data: Quartz Scheduler (v2.3.2) 'quartzScheduler' with instanceId 'NON_CLUSTERED'   Scheduler class: 'org.quartz.core.QuartzScheduler' - running locally.   NOT STARTED.   Currently in standby mode.   Number of jobs executed: 0   Using thread pool 'org.quartz.simpl.SimpleThreadPool' - with 10 threads.   Using job-store 'org.quartz.simpl.RAMJobStore' - which does not support persistence. and is not clustered. 
2026-09-10T23:48:40.532+08:00 INFO  org.quartz.impl.StdSchedulerFactory - Quartz scheduler 'quartzScheduler' initialized from an externally provided properties instance.
2026-09-10T23:48:40.533+08:00 INFO  org.quartz.impl.StdSchedulerFactory - Quartz scheduler version: 2.3.2
2026-09-10T23:48:40.533+08:00 INFO  org.quartz.core.QuartzScheduler - JobFactory set to: org.springframework.scheduling.quartz.SpringBeanJobFactory@4762b2c0
2026-09-10T23:48:40.544+08:00 INFO  o.s.b.test.mock.web.SpringBootMockServletContext - Initializing Spring TestDispatcherServlet ''
2026-09-10T23:48:40.544+08:00 INFO  o.s.test.web.servlet.TestDispatcherServlet - Initializing Servlet ''
2026-09-10T23:48:40.545+08:00 INFO  o.s.test.web.servlet.TestDispatcherServlet - Completed initialization in 1 ms
2026-09-10T23:48:40.546+08:00 INFO  o.s.scheduling.quartz.SchedulerFactoryBean - Starting Quartz Scheduler now
2026-09-10T23:48:40.546+08:00 INFO  org.quartz.core.QuartzScheduler - Scheduler quartzScheduler_$_NON_CLUSTERED started.
2026-09-10T23:48:40.548+08:00 INFO  c.y.s.c.c.s.TenantQualificationSecurityTest - Started TenantQualificationSecurityTest in 0.263 seconds (process running for 15.721)
[INFO] Tests run: 3, Failures: 0, Errors: 0, Skipped: 0, Time elapsed: 0.279 s -- in com.ycsopen.sms.core.common.security.TenantQualificationSecurityTest
[INFO] Running com.ycsopen.sms.core.common.security.envelope.ProtectionContextTest
[INFO] Tests run: 7, Failures: 0, Errors: 0, Skipped: 0, Time elapsed: 0.004 s -- in com.ycsopen.sms.core.common.security.envelope.ProtectionContextTest
[INFO] Running com.ycsopen.sms.core.common.security.envelope.EnvelopeCodecTest
[INFO] Tests run: 38, Failures: 0, Errors: 0, Skipped: 0, Time elapsed: 0.011 s -- in com.ycsopen.sms.core.common.security.envelope.EnvelopeCodecTest
[INFO] Running com.ycsopen.sms.core.common.security.object.S3PrivateObjectStoreAdapterTest
[WARNING] Tests run: 24, Failures: 0, Errors: 0, Skipped: 1, Time elapsed: 0.339 s -- in com.ycsopen.sms.core.common.security.object.S3PrivateObjectStoreAdapterTest
[INFO] Running com.ycsopen.sms.core.common.security.object.QualificationEvidenceCompositionTest
[INFO] Tests run: 4, Failures: 0, Errors: 0, Skipped: 0, Time elapsed: 0.024 s -- in com.ycsopen.sms.core.common.security.object.QualificationEvidenceCompositionTest
[INFO] Running com.ycsopen.sms.core.common.security.object.ObjectCapabilityServiceTest
[INFO] Tests run: 12, Failures: 0, Errors: 0, Skipped: 0, Time elapsed: 0.009 s -- in com.ycsopen.sms.core.common.security.object.ObjectCapabilityServiceTest
[INFO] Running com.ycsopen.sms.core.common.security.object.TokenDigestPublicationRaceTest
[WARNING] Tests run: 3, Failures: 0, Errors: 0, Skipped: 1, Time elapsed: 0.465 s -- in com.ycsopen.sms.core.common.security.object.TokenDigestPublicationRaceTest
[INFO] Running com.ycsopen.sms.core.common.security.object.ProtectedObjectServiceTest
[INFO] Tests run: 19, Failures: 0, Errors: 0, Skipped: 0, Time elapsed: 0.499 s -- in com.ycsopen.sms.core.common.security.object.ProtectedObjectServiceTest
[INFO] Running com.ycsopen.sms.core.common.security.object.ProtectedObjectMetadataRepositoryJdbcTest
[INFO] Tests run: 8, Failures: 0, Errors: 0, Skipped: 0, Time elapsed: 0.025 s -- in com.ycsopen.sms.core.common.security.object.ProtectedObjectMetadataRepositoryJdbcTest
[INFO] Running com.ycsopen.sms.core.common.security.JwtSecurityBoundaryTest

  .   ____          _            __ _ _
 /\\ / ___'_ __ _ _(_)_ __  __ _ \ \ \ \
( ( )\___ | '_ | '_| | '_ \/ _` | \ \ \ \
 \\/  ___)| |_)| | | | | || (_| |  ) ) ) )
  '  |____| .__|_| |_|_| |_\__, | / / / /
 =========|_|==============|___/=/_/_/_/

 :: Spring Boot ::                (v3.3.4)

2026-09-10T23:48:41.953+08:00 INFO  c.y.s.c.common.security.JwtSecurityBoundaryTest - Starting JwtSecurityBoundaryTest using Java 21.0.10 with PID 56038 (started by laosanzheong in /Users/laosanzheong/Documents/codebases/ycsopen-sms/core)
2026-09-10T23:48:41.953+08:00 DEBUG c.y.s.c.common.security.JwtSecurityBoundaryTest - Running with Spring Boot v3.3.4, Spring v6.1.13
2026-09-10T23:48:41.953+08:00 INFO  c.y.s.c.common.security.JwtSecurityBoundaryTest - The following 1 profile is active: "dev"
2026-09-10T23:48:41.997+08:00 INFO  o.s.d.r.config.RepositoryConfigurationDelegate - Multiple Spring Data modules found, entering strict repository configuration mode
2026-09-10T23:48:41.997+08:00 INFO  o.s.d.r.config.RepositoryConfigurationDelegate - Bootstrapping Spring Data Redis repositories in DEFAULT mode.
2026-09-10T23:48:42.016+08:00 INFO  o.s.d.r.config.RepositoryConfigurationDelegate - Finished Spring Data repository scanning in 18 ms. Found 0 Redis repository interfaces.
2026-09-10T23:48:42.033+08:00 WARN  o.s.b.a.s.s.UserDetailsServiceAutoConfiguration -   Using generated security [redacted]  This generated password is for development use only. Your security configuration must be updated before running your application in production. 
2026-09-10T23:48:42.033+08:00 INFO  o.s.s.c.a.a.c.InitializeUserDetailsBeanManagerConfigurer$InitializeUserDetailsManagerConfigurer - Global AuthenticationManager configured with UserDetailsService bean with name inMemoryUserDetailsManager
2026-09-10T23:48:42.085+08:00 INFO  org.quartz.impl.StdSchedulerFactory - Using default implementation for ThreadExecutor
2026-09-10T23:48:42.085+08:00 INFO  org.quartz.core.SchedulerSignalerImpl - Initialized Scheduler Signaller of type: class org.quartz.core.SchedulerSignalerImpl
2026-09-10T23:48:42.085+08:00 INFO  org.quartz.core.QuartzScheduler - Quartz Scheduler v.2.3.2 created.
2026-09-10T23:48:42.085+08:00 INFO  org.quartz.simpl.RAMJobStore - RAMJobStore initialized.
2026-09-10T23:48:42.086+08:00 INFO  org.quartz.core.QuartzScheduler - Scheduler meta-data: Quartz Scheduler (v2.3.2) 'quartzScheduler' with instanceId 'NON_CLUSTERED'   Scheduler class: 'org.quartz.core.QuartzScheduler' - running locally.   NOT STARTED.   Currently in standby mode.   Number of jobs executed: 0   Using thread pool 'org.quartz.simpl.SimpleThreadPool' - with 10 threads.   Using job-store 'org.quartz.simpl.RAMJobStore' - which does not support persistence. and is not clustered. 
2026-09-10T23:48:42.086+08:00 INFO  org.quartz.impl.StdSchedulerFactory - Quartz scheduler 'quartzScheduler' initialized from an externally provided properties instance.
2026-09-10T23:48:42.086+08:00 INFO  org.quartz.impl.StdSchedulerFactory - Quartz scheduler version: 2.3.2
2026-09-10T23:48:42.086+08:00 INFO  org.quartz.core.QuartzScheduler - JobFactory set to: org.springframework.scheduling.quartz.SpringBeanJobFactory@55271bec
2026-09-10T23:48:42.090+08:00 INFO  o.s.b.test.mock.web.SpringBootMockServletContext - Initializing Spring TestDispatcherServlet ''
2026-09-10T23:48:42.090+08:00 INFO  o.s.test.web.servlet.TestDispatcherServlet - Initializing Servlet ''
2026-09-10T23:48:42.090+08:00 INFO  o.s.test.web.servlet.TestDispatcherServlet - Completed initialization in 0 ms
2026-09-10T23:48:42.091+08:00 INFO  o.s.scheduling.quartz.SchedulerFactoryBean - Starting Quartz Scheduler now
2026-09-10T23:48:42.091+08:00 INFO  org.quartz.core.QuartzScheduler - Scheduler quartzScheduler_$_NON_CLUSTERED started.
2026-09-10T23:48:42.092+08:00 INFO  c.y.s.c.common.security.JwtSecurityBoundaryTest - Started JwtSecurityBoundaryTest in 0.146 seconds (process running for 17.266)
[INFO] Tests run: 8, Failures: 0, Errors: 0, Skipped: 0, Time elapsed: 0.169 s -- in com.ycsopen.sms.core.common.security.JwtSecurityBoundaryTest
[INFO] Running com.ycsopen.sms.core.common.security.persistence.CurrentProtectedReaderFenceTest
2026-09-10T23:48:42.113+08:00 INFO  o.s.t.c.s.AnnotationConfigContextLoaderUtils - Could not detect default configuration classes for test class [com.ycsopen.sms.core.common.security.persistence.CurrentProtectedReaderFenceTest]: CurrentProtectedReaderFenceTest does not declare any static, non-private, non-final, nested classes annotated with @Configuration.
2026-09-10T23:48:42.138+08:00 INFO  o.s.b.t.c.SpringBootTestContextBootstrapper - Found @SpringBootConfiguration com.ycsopen.sms.core.YcsopenSmsCoreApplication for test class com.ycsopen.sms.core.common.security.persistence.CurrentProtectedReaderFenceTest

  .   ____          _            __ _ _
 /\\ / ___'_ __ _ _(_)_ __  __ _ \ \ \ \
( ( )\___ | '_ | '_| | '_ \/ _` | \ \ \ \
 \\/  ___)| |_)| | | | | || (_| |  ) ) ) )
  '  |____| .__|_| |_|_| |_\__, | / / / /
 =========|_|==============|___/=/_/_/_/

 :: Spring Boot ::                (v3.3.4)

2026-09-10T23:48:42.151+08:00 INFO  c.y.s.c.c.s.p.CurrentProtectedReaderFenceTest - Starting CurrentProtectedReaderFenceTest using Java 21.0.10 with PID 56038 (started by laosanzheong in /Users/laosanzheong/Documents/codebases/ycsopen-sms/core)
2026-09-10T23:48:42.151+08:00 DEBUG c.y.s.c.c.s.p.CurrentProtectedReaderFenceTest - Running with Spring Boot v3.3.4, Spring v6.1.13
2026-09-10T23:48:42.151+08:00 INFO  c.y.s.c.c.s.p.CurrentProtectedReaderFenceTest - The following 1 profile is active: "test"
2026-09-10T23:48:42.430+08:00 INFO  o.s.d.r.config.RepositoryConfigurationDelegate - Multiple Spring Data modules found, entering strict repository configuration mode
2026-09-10T23:48:42.430+08:00 INFO  o.s.d.r.config.RepositoryConfigurationDelegate - Bootstrapping Spring Data JPA repositories in DEFAULT mode.
2026-09-10T23:48:42.469+08:00 INFO  o.s.d.r.config.RepositoryConfigurationDelegate - Finished Spring Data repository scanning in 37 ms. Found 16 JPA repository interfaces.
2026-09-10T23:48:42.480+08:00 INFO  o.s.b.t.a.j.TestDatabaseAutoConfiguration$EmbeddedDataSourceBeanFactoryPostProcessor - Replacing 'dataSource' DataSource bean with embedded version
2026-09-10T23:48:42.491+08:00 INFO  o.s.j.d.embedded.EmbeddedDatabaseFactory - Starting embedded database: url='jdbc:h2:mem:b6e145ab-db85-4fca-8b9a-ac6643010742;DB_CLOSE_DELAY=-1;DB_CLOSE_ON_EXIT=false', username='sa'
2026-09-10T23:48:42.528+08:00 INFO  org.hibernate.jpa.internal.util.LogHelper - HHH000204: Processing PersistenceUnitInfo [name: default]
2026-09-10T23:48:42.551+08:00 INFO  org.hibernate.Version - HHH000412: Hibernate ORM core version 6.5.3.Final
2026-09-10T23:48:42.565+08:00 INFO  o.h.cache.internal.RegionFactoryInitiator - HHH000026: Second-level cache disabled
2026-09-10T23:48:42.618+08:00 INFO  o.s.o.j.p.SpringPersistenceUnitInfo - No LoadTimeWeaver setup: ignoring JPA class transformer
2026-09-10T23:48:42.964+08:00 INFO  o.h.e.t.j.platform.internal.JtaPlatformInitiator - HHH000489: No JTA platform available (set 'hibernate.transaction.jta.platform' to enable JTA platform integration)
Hibernate: 
    drop table if exists billing_records cascade 
Hibernate: 
    drop table if exists blacklist_entries cascade 
Hibernate: 
    drop table if exists channels cascade 
Hibernate: 
    drop table if exists complaint_ratio_stats cascade 
Hibernate: 
    drop table if exists complaints cascade 
Hibernate: 
    drop table if exists frequency_rules cascade 
Hibernate: 
    drop table if exists message_tasks cascade 
Hibernate: 
    drop table if exists route_rules cascade 
Hibernate: 
    drop table if exists sensitive_words cascade 
Hibernate: 
    drop table if exists signatures cascade 
Hibernate: 
    drop table if exists templates cascade 
Hibernate: 
    drop table if exists tenant_accounts cascade 
Hibernate: 
    drop table if exists tenant_api_keys cascade 
Hibernate: 
    drop table if exists tenant_protocol_credentials cascade 
Hibernate: 
    drop table if exists tenants cascade 
Hibernate: 
    drop table if exists users cascade 
Hibernate: 
    create table billing_records (
        billing_date date not null,
        quantity integer not null,
        unit_price numeric(38,2) not null,
        amount bigint not null,
        created_at timestamp(6),
        id bigint generated by default as identity,
        task_ref_id bigint not null,
        tenant_id bigint not null,
        billing_status enum ('CONFIRMED','RESERVED','REVERSED'),
        primary key (id)
    )
Hibernate: 
    create table blacklist_entries (
        created_at timestamp(6),
        effective_at timestamp default current_timestamp,
        expires_at timestamp(6),
        id bigint generated by default as identity,
        tenant_id bigint,
        masked_mobile varchar(32) default '***' not null,
        mobile_encrypted varbinary(255) not null,
        mobile_hash varchar(255) not null,
        reason varchar(255),
        list_type enum ('BLACK','WHITE') not null,
        source enum ('BATCH_IMPORT','COMPLAINT_LINKED','MANUAL','THIRD_PARTY_RISK','UNSUBSCRIBE_AUTO'),
        status enum ('ACTIVE','DISABLED'),
        primary key (id)
    )
Hibernate: 
    create table channels (
        max_connections integer not null,
        port integer,
        price numeric(38,2) not null,
        priority integer not null,
        tps_limit integer not null,
        window_size integer not null,
        configuration_version bigint not null,
        effective_version_id bigint,
        id bigint generated by default as identity,
        offline_at timestamp(6),
        paused_at timestamp(6),
        account_encrypted varbinary(255),
        active_window varchar(255),
        availability varchar(255) not null,
        channel_name varchar(255) not null,
        extra_config varchar(255),
        host varchar(255),
        offline_by varchar(255),
        password_encrypted varbinary(255),
        pause_reason varchar(255),
        paused_by varchar(255),
        service_id varchar(255),
        sp_id varchar(255),
        src_id varchar(255),
        operator enum ('INTERNATIONAL','MOBILE','TELECOM','UNICOM','VIRTUAL'),
        protocol enum ('CMPP','HTTP','SGIP','SMGP'),
        status enum ('ABNORMAL','MAINTENANCE','NORMAL','OFFLINE','PAUSED'),
        primary key (id)
    )
Hibernate: 
    create table complaint_ratio_stats (
        over_threshold boolean,
        ratio numeric(38,2),
        calculated_at timestamp(6),
        complaint_count bigint,
        dimension_id bigint not null,
        id bigint generated by default as identity,
        send_count bigint,
        data_quality varchar(255),
        source_registry varchar(255),
        stat_month varchar(255) not null,
        threshold_config_version varchar(255),
        dimension_type enum ('CHANNEL','TENANT') not null,
        primary key (id)
    )
Hibernate: 
    create table complaints (
        channel_id bigint,
        created_at timestamp(6),
        id bigint generated by default as identity,
        tenant_id bigint,
        message_id varchar(255),
        summary varchar(255),
        source enum ('OPERATOR','REGULATOR','USER_REPORT'),
        status enum ('CLOSED','PENDING','PROCESSED','PROCESSING'),
        primary key (id)
    )
Hibernate: 
    create table frequency_rules (
        limit_count integer not null,
        limit_window_seconds integer not null,
        created_at timestamp(6),
        hit_count bigint,
        id bigint generated by default as identity,
        scope_ref_id bigint,
        updated_at timestamp(6),
        rule_name varchar(255) not null,
        action enum ('ALERT','BLOCK','DELAY'),
        limit_type enum ('CONTENT_SIMILARITY','IP','MOBILE','TENANT_LEVEL') not null,
        scope enum ('API_KEY','GLOBAL','TENANT'),
        status enum ('ACTIVE','DISABLED'),
        primary key (id)
    )
Hibernate: 
    create table message_tasks (
        cost numeric(38,2),
        retry_count integer,
        version integer,
        channel_id bigint,
        created_at timestamp(6),
        deliver_time timestamp(6),
        id bigint generated by default as identity,
        send_time timestamp(6),
        signature_id bigint,
        submit_id bigint,
        template_id bigint,
        tenant_id bigint not null,
        mobile_hash varchar(64) not null,
        channel_msg_id varchar(255),
        content varchar(255) not null,
        error_code varchar(255),
        error_message varchar(255),
        message_id varchar(255) not null unique,
        mobile_encrypted varbinary(255) not null,
        send_status enum ('DELIVERED','FAILED','PENDING','SENT'),
        primary key (id)
    )
Hibernate: 
    create table route_rules (
        priority integer not null,
        id bigint generated by default as identity,
        target_channel_id bigint,
        tenant_id bigint,
        phone_prefix varchar(255),
        rule_name varchar(255) not null,
        operator enum ('INTERNATIONAL','MOBILE','TELECOM','UNICOM','VIRTUAL'),
        status enum ('ACTIVE','DISABLED'),
        primary key (id)
    )
Hibernate: 
    create table sensitive_words (
        created_at timestamp(6),
        hit_count bigint,
        id bigint generated by default as identity,
        scope_ref_id bigint,
        updated_at timestamp(6),
        replacement varchar(255),
        word varchar(255) not null,
        action enum ('ALERT','BLOCK','REPLACE'),
        category enum ('ADULT','FINANCIAL','ILLEGAL','MARKETING','OTHER','POLITICAL'),
        level enum ('HIGH','LOW','MEDIUM'),
        scope enum ('GLOBAL','PRODUCT','TENANT'),
        status enum ('ACTIVE','DISABLED'),
        primary key (id)
    )
Hibernate: 
    create table signatures (
        created_at timestamp(6),
        id bigint generated by default as identity,
        tenant_id bigint not null,
        audit_comment varchar(255),
        sign_code varchar(255) not null,
        sign_content varchar(255) not null,
        audit_status enum ('APPROVED','PENDING','REJECTED','SUPPLEMENT_REQUIRED'),
        risk_level enum ('HIGH','LOW','MEDIUM'),
        sign_type enum ('APP','ENTERPRISE','GOVERNMENT','INSTITUTION','TRADEMARK') not null,
        primary key (id)
    )
Hibernate: 
    create table templates (
        is_system_template boolean,
        version_no integer,
        audit_time timestamp(6),
        created_at timestamp(6),
        id bigint generated by default as identity,
        previous_template_id bigint,
        signature_id bigint not null,
        tenant_id bigint not null,
        usage_count bigint,
        audit_comment varchar(255),
        content varchar(255) not null,
        description varchar(255),
        param_check_rule varchar(255),
        template_code varchar(255) not null,
        template_name varchar(255) not null,
        variable_names varchar(255),
        audit_status enum ('AMENDMENT_REQUIRED','APPROVED','PENDING','REJECTED'),
        template_type enum ('MARKETING','NOTIFY','VERIFY') not null,
        primary key (id)
    )
Hibernate: 
    create table tenant_accounts (
        version integer,
        balance bigint not null,
        frozen_amount bigint not null,
        id bigint generated by default as identity,
        tenant_id bigint not null unique,
        status enum ('ARREARS_FROZEN','DISABLED','NORMAL'),
        primary key (id)
    )
Hibernate: 
    create table tenant_api_keys (
        rate_limit_per_day integer,
        rate_limit_per_hour integer,
        rate_limit_per_min integer,
        rate_limit_per_sec integer,
        expire_time timestamp(6),
        id bigint generated by default as identity,
        last_used_time timestamp(6),
        revoked_at timestamp(6),
        tenant_id bigint not null,
        app_key varchar(255) not null unique,
        app_secret_encrypted varbinary(255) not null,
        description varchar(255),
        ip_whitelist varchar(255),
        key_name varchar(255),
        status enum ('ACTIVE','DISABLED'),
        primary key (id)
    )
Hibernate: 
    create table tenant_protocol_credentials (
        endpoint_port integer,
        max_connections integer,
        tps_limit integer,
        window_size integer,
        id bigint generated by default as identity,
        revoked_at timestamp(6),
        tenant_id bigint not null,
        endpoint_host varchar(255),
        ip_whitelist varchar(255),
        protocol varchar(255),
        spid varchar(255),
        status varchar(255),
        primary key (id)
    )
Hibernate: 
    create table tenants (
        contract_signed_at date,
        customer_level integer,
        inspection_confidence float(53),
        license_valid_until date,
        trademark_use boolean default false not null,
        trial_quota integer,
        trial_quota_used integer,
        created_at timestamp(6),
        id bigint generated by default as identity,
        initial_admin_user_id bigint,
        inspection_completed_at timestamp(6),
        qualification_revision bigint default 0 not null,
        qualification_submitted_at timestamp(6),
        trial_end_at timestamp(6),
        trial_start_at timestamp(6),
        verification_time timestamp(6),
        verification_updated_at timestamp(6),
        inspection_credit_code varchar(18),
        registered_capital varchar(50),
        biz_manager varchar(64),
        industry varchar(64),
        inspection_company_name varchar(100),
        inspection_provider_request_id varchar(100),
        qualification_reason varchar(500),
        business_address varchar(255),
        business_license_url varchar(255),
        business_scope TEXT,
        contact_id_no_encrypted varbinary(255),
        contact_name varchar(255),
        contact_phone_encrypted varbinary(255),
        full_name varchar(255) not null,
        legal_rep_id_back_url varchar(255),
        legal_rep_id_front_url varchar(255),
        legal_rep_id_no_encrypted varbinary(255),
        legal_rep_name varchar(255),
        registered_address varchar(255),
        short_name varchar(255) not null,
        shortlink_domain_proof_url varchar(255),
        tenant_no varchar(255) not null unique,
        trademark_proof_url varchar(255),
        unified_social_credit_code varchar(255) not null unique,
        billing_mode enum ('POSTPAID','PREPAID'),
        inspection_status enum ('COMPLETED','FAILED','NOT_STARTED') default 'NOT_STARTED' not null,
        lifecycle_status enum ('FROZEN','SIGNED','SUBMITTED','TERMINATED','TRIAL','TRIAL_FROZEN'),
        verification_status enum ('PENDING','REJECTED','SUPPLEMENT_REQUIRED','UNVERIFIED','VERIFIED'),
        primary key (id)
    )
Hibernate: 
    create table users (
        failed_login_count integer,
        valid_until date,
        created_at timestamp(6),
        id bigint generated by default as identity,
        last_login_time timestamp(6),
        password_expire_time timestamp(6),
        tenant_id bigint,
        created_by varchar(255),
        email varchar(255),
        last_login_ip varchar(255),
        password_hash varchar(255) not null,
        phone_encrypted varbinary(255),
        real_name varchar(255),
        username varchar(255) not null unique,
        status enum ('ACTIVE','DISABLED','LOCKED'),
        user_type enum ('ADMIN','FINANCE','OPERATOR','TENANT_ADMIN','TENANT_DEV','TENANT_USER') not null,
        primary key (id)
    )
2026-09-10T23:48:42.979+08:00 INFO  o.s.o.jpa.LocalContainerEntityManagerFactoryBean - Initialized JPA EntityManagerFactory for persistence unit 'default'
2026-09-10T23:48:43.060+08:00 INFO  o.s.d.jpa.repository.query.QueryEnhancerFactory - Hibernate is in classpath; If applicable, HQL parser will be used.
2026-09-10T23:48:43.338+08:00 INFO  c.y.s.c.c.s.p.CurrentProtectedReaderFenceTest - Started CurrentProtectedReaderFenceTest in 1.199 seconds (process running for 18.511)
Hibernate: 
    select
        tak1_0.id,
        tak1_0.tenant_id,
        tak1_0.status,
        tak1_0.rate_limit_per_sec,
        tak1_0.rate_limit_per_min,
        tak1_0.rate_limit_per_hour,
        tak1_0.rate_limit_per_day 
    from
        tenant_api_keys tak1_0 
    where
        tak1_0.app_key=? 
        and tak1_0.status='ACTIVE' 
        and (
            tak1_0.expire_time is null 
            or tak1_0.expire_time>localtimestamp
        )
Hibernate: 
    select
        be1_0.id,
        be1_0.status,
        be1_0.list_type,
        be1_0.tenant_id,
        be1_0.mobile_hash 
    from
        blacklist_entries be1_0 
    where
        be1_0.mobile_hash=? 
        and be1_0.tenant_id=? 
        and be1_0.status=? 
        and be1_0.effective_at<=localtimestamp 
        and (
            be1_0.expires_at is null 
            or be1_0.expires_at>localtimestamp
        )
Hibernate: 
    select
        t1_0.id 
    from
        tenants t1_0
[INFO] Tests run: 4, Failures: 0, Errors: 0, Skipped: 0, Time elapsed: 1.604 s -- in com.ycsopen.sms.core.common.security.persistence.CurrentProtectedReaderFenceTest
[INFO] Running com.ycsopen.sms.core.common.security.persistence.BlacklistEntryProtectionAdapterTest
2026-09-10T23:48:43.718+08:00 INFO  o.s.t.c.s.AnnotationConfigContextLoaderUtils - Could not detect default configuration classes for test class [com.ycsopen.sms.core.common.security.persistence.BlacklistEntryProtectionAdapterTest]: BlacklistEntryProtectionAdapterTest does not declare any static, non-private, non-final, nested classes annotated with @Configuration.
2026-09-10T23:48:43.720+08:00 INFO  o.s.b.t.c.SpringBootTestContextBootstrapper - Found @SpringBootConfiguration com.ycsopen.sms.core.YcsopenSmsCoreApplication for test class com.ycsopen.sms.core.common.security.persistence.BlacklistEntryProtectionAdapterTest
[INFO] Tests run: 4, Failures: 0, Errors: 0, Skipped: 0, Time elapsed: 0.035 s -- in com.ycsopen.sms.core.common.security.persistence.BlacklistEntryProtectionAdapterTest
[INFO] Running com.ycsopen.sms.core.common.security.persistence.ProtectedFieldCodecTest
[INFO] Tests run: 9, Failures: 0, Errors: 0, Skipped: 0, Time elapsed: 0.011 s -- in com.ycsopen.sms.core.common.security.persistence.ProtectedFieldCodecTest
[INFO] Running com.ycsopen.sms.core.common.security.persistence.ProtectedEntityMappingTest
2026-09-10T23:48:43.764+08:00 INFO  o.s.t.c.s.AnnotationConfigContextLoaderUtils - Could not detect default configuration classes for test class [com.ycsopen.sms.core.common.security.persistence.ProtectedEntityMappingTest]: ProtectedEntityMappingTest does not declare any static, non-private, non-final, nested classes annotated with @Configuration.
2026-09-10T23:48:43.766+08:00 INFO  o.s.b.t.c.SpringBootTestContextBootstrapper - Found @SpringBootConfiguration com.ycsopen.sms.core.YcsopenSmsCoreApplication for test class com.ycsopen.sms.core.common.security.persistence.ProtectedEntityMappingTest
Hibernate: 
    select
        u1_0.id,
        u1_0.created_at,
        u1_0.created_by,
        u1_0.email,
        u1_0.failed_login_count,
        u1_0.last_login_ip,
        u1_0.last_login_time,
        u1_0.password_expire_time,
        u1_0.password_hash,
        u1_0.phone_encrypted,
        u1_0.real_name,
        u1_0.status,
        u1_0.tenant_id,
        u1_0.user_type,
        u1_0.username,
        u1_0.valid_until 
    from
        users u1_0 
    where
        u1_0.id=?
Hibernate: 
    select
        t1_0.id,
        t1_0.billing_mode,
        t1_0.biz_manager,
        t1_0.business_address,
        t1_0.business_license_url,
        t1_0.business_scope,
        t1_0.contact_id_no_encrypted,
        t1_0.contact_name,
        t1_0.contact_phone_encrypted,
        t1_0.contract_signed_at,
        t1_0.created_at,
        t1_0.customer_level,
        t1_0.full_name,
        t1_0.industry,
        t1_0.initial_admin_user_id,
        t1_0.inspection_company_name,
        t1_0.inspection_completed_at,
        t1_0.inspection_confidence,
        t1_0.inspection_credit_code,
        t1_0.inspection_provider_request_id,
        t1_0.inspection_status,
        t1_0.legal_rep_id_back_url,
        t1_0.legal_rep_id_front_url,
        t1_0.legal_rep_id_no_encrypted,
        t1_0.legal_rep_name,
        t1_0.license_valid_until,
        t1_0.lifecycle_status,
        t1_0.qualification_reason,
        t1_0.qualification_revision,
        t1_0.qualification_submitted_at,
        t1_0.registered_address,
        t1_0.registered_capital,
        t1_0.short_name,
        t1_0.shortlink_domain_proof_url,
        t1_0.tenant_no,
        t1_0.trademark_proof_url,
        t1_0.trademark_use,
        t1_0.trial_end_at,
        t1_0.trial_quota,
        t1_0.trial_quota_used,
        t1_0.trial_start_at,
        t1_0.unified_social_credit_code,
        t1_0.verification_status,
        t1_0.verification_time,
        t1_0.verification_updated_at 
    from
        tenants t1_0 
    where
        t1_0.id=?
Hibernate: 
    select
        be1_0.id,
        be1_0.created_at,
        be1_0.effective_at,
        be1_0.expires_at,
        be1_0.list_type,
        be1_0.masked_mobile,
        be1_0.mobile_encrypted,
        be1_0.mobile_hash,
        be1_0.reason,
        be1_0.source,
        be1_0.status,
        be1_0.tenant_id 
    from
        blacklist_entries be1_0 
    where
        be1_0.id=?
Hibernate: 
    select
        tak1_0.id,
        tak1_0.app_key,
        tak1_0.app_secret_encrypted,
        tak1_0.description,
        tak1_0.expire_time,
        tak1_0.ip_whitelist,
        tak1_0.key_name,
        tak1_0.last_used_time,
        tak1_0.rate_limit_per_day,
        tak1_0.rate_limit_per_hour,
        tak1_0.rate_limit_per_min,
        tak1_0.rate_limit_per_sec,
        tak1_0.revoked_at,
        tak1_0.status,
        tak1_0.tenant_id 
    from
        tenant_api_keys tak1_0 
    where
        tak1_0.id=?
Hibernate: 
    update
        users 
    set
        created_at=?,
        created_by=?,
        email=?,
        failed_login_count=?,
        last_login_ip=?,
        last_login_time=?,
        password_expire_time=?,
        password_hash=?,
        phone_encrypted=?,
        real_name=?,
        status=?,
        tenant_id=?,
        user_type=?,
        username=?,
        valid_until=? 
    where
        id=?
Hibernate: 
    update
        tenants 
    set
        billing_mode=?,
        biz_manager=?,
        business_address=?,
        business_license_url=?,
        business_scope=?,
        contact_id_no_encrypted=?,
        contact_name=?,
        contact_phone_encrypted=?,
        contract_signed_at=?,
        created_at=?,
        customer_level=?,
        full_name=?,
        industry=?,
        initial_admin_user_id=?,
        inspection_company_name=?,
        inspection_completed_at=?,
        inspection_confidence=?,
        inspection_credit_code=?,
        inspection_provider_request_id=?,
        inspection_status=?,
        legal_rep_id_back_url=?,
        legal_rep_id_front_url=?,
        legal_rep_id_no_encrypted=?,
        legal_rep_name=?,
        license_valid_until=?,
        lifecycle_status=?,
        qualification_reason=?,
        qualification_revision=?,
        qualification_submitted_at=?,
        registered_address=?,
        registered_capital=?,
        short_name=?,
        shortlink_domain_proof_url=?,
        tenant_no=?,
        trademark_proof_url=?,
        trademark_use=?,
        trial_end_at=?,
        trial_quota=?,
        trial_quota_used=?,
        trial_start_at=?,
        unified_social_credit_code=?,
        verification_status=?,
        verification_time=?,
        verification_updated_at=? 
    where
        id=? 
        and qualification_revision=?
Hibernate: 
    update
        blacklist_entries 
    set
        created_at=?,
        effective_at=?,
        expires_at=?,
        list_type=?,
        masked_mobile=?,
        mobile_encrypted=?,
        mobile_hash=?,
        reason=?,
        source=?,
        status=?,
        tenant_id=? 
    where
        id=?
Hibernate: 
    update
        tenant_api_keys 
    set
        app_key=?,
        app_secret_encrypted=?,
        description=?,
        expire_time=?,
        ip_whitelist=?,
        key_name=?,
        last_used_time=?,
        rate_limit_per_day=?,
        rate_limit_per_hour=?,
        rate_limit_per_min=?,
        rate_limit_per_sec=?,
        revoked_at=?,
        status=?,
        tenant_id=? 
    where
        id=?
[INFO] Tests run: 3, Failures: 0, Errors: 0, Skipped: 0, Time elapsed: 0.044 s -- in com.ycsopen.sms.core.common.security.persistence.ProtectedEntityMappingTest
[INFO] Running com.ycsopen.sms.core.common.security.persistence.ProtectedFieldContextsTest
[INFO] Tests run: 2, Failures: 0, Errors: 0, Skipped: 0, Time elapsed: 0.005 s -- in com.ycsopen.sms.core.common.security.persistence.ProtectedFieldContextsTest
[INFO] Running com.ycsopen.sms.core.common.security.persistence.BlindIndexLookupServiceTest
2026-09-10T23:48:43.813+08:00 INFO  o.s.t.c.s.AnnotationConfigContextLoaderUtils - Could not detect default configuration classes for test class [com.ycsopen.sms.core.common.security.persistence.BlindIndexLookupServiceTest]: BlindIndexLookupServiceTest does not declare any static, non-private, non-final, nested classes annotated with @Configuration.
2026-09-10T23:48:43.815+08:00 INFO  o.s.b.t.c.SpringBootTestContextBootstrapper - Found @SpringBootConfiguration com.ycsopen.sms.core.YcsopenSmsCoreApplication for test class com.ycsopen.sms.core.common.security.persistence.BlindIndexLookupServiceTest
[INFO] Tests run: 8, Failures: 0, Errors: 0, Skipped: 0, Time elapsed: 0.118 s -- in com.ycsopen.sms.core.common.security.persistence.BlindIndexLookupServiceTest
[INFO] Running com.ycsopen.sms.core.common.security.persistence.MessageTaskProtectionAdapterTest
2026-09-10T23:48:43.931+08:00 INFO  o.s.t.c.s.AnnotationConfigContextLoaderUtils - Could not detect default configuration classes for test class [com.ycsopen.sms.core.common.security.persistence.MessageTaskProtectionAdapterTest]: MessageTaskProtectionAdapterTest does not declare any static, non-private, non-final, nested classes annotated with @Configuration.
2026-09-10T23:48:43.933+08:00 INFO  o.s.b.t.c.SpringBootTestContextBootstrapper - Found @SpringBootConfiguration com.ycsopen.sms.core.YcsopenSmsCoreApplication for test class com.ycsopen.sms.core.common.security.persistence.MessageTaskProtectionAdapterTest
Hibernate: 
    insert 
    into
        message_tasks
        (channel_id, channel_msg_id, content, cost, created_at, deliver_time, error_code, error_message, message_id, mobile_encrypted, mobile_hash, retry_count, send_status, send_time, signature_id, submit_id, template_id, tenant_id, version, id) 
    values
        (?, ?, ?, ?, ?, ?, ?, ?, ?, ?, ?, ?, ?, ?, ?, ?, ?, ?, ?, default)
Hibernate: 
    insert 
    into
        message_tasks
        (channel_id, channel_msg_id, content, cost, created_at, deliver_time, error_code, error_message, message_id, mobile_encrypted, mobile_hash, retry_count, send_status, send_time, signature_id, submit_id, template_id, tenant_id, version, id) 
    values
        (?, ?, ?, ?, ?, ?, ?, ?, ?, ?, ?, ?, ?, ?, ?, ?, ?, ?, ?, default)
Hibernate: 
    insert 
    into
        message_tasks
        (channel_id, channel_msg_id, content, cost, created_at, deliver_time, error_code, error_message, message_id, mobile_encrypted, mobile_hash, retry_count, send_status, send_time, signature_id, submit_id, template_id, tenant_id, version, id) 
    values
        (?, ?, ?, ?, ?, ?, ?, ?, ?, ?, ?, ?, ?, ?, ?, ?, ?, ?, ?, default)
Hibernate: 
    insert 
    into
        message_tasks
        (channel_id, channel_msg_id, content, cost, created_at, deliver_time, error_code, error_message, message_id, mobile_encrypted, mobile_hash, retry_count, send_status, send_time, signature_id, submit_id, template_id, tenant_id, version, id) 
    values
        (?, ?, ?, ?, ?, ?, ?, ?, ?, ?, ?, ?, ?, ?, ?, ?, ?, ?, ?, default)
Hibernate: 
    insert 
    into
        message_tasks
        (channel_id, channel_msg_id, content, cost, created_at, deliver_time, error_code, error_message, message_id, mobile_encrypted, mobile_hash, retry_count, send_status, send_time, signature_id, submit_id, template_id, tenant_id, version, id) 
    values
        (?, ?, ?, ?, ?, ?, ?, ?, ?, ?, ?, ?, ?, ?, ?, ?, ?, ?, ?, default)
[INFO] Tests run: 8, Failures: 0, Errors: 0, Skipped: 0, Time elapsed: 0.485 s -- in com.ycsopen.sms.core.common.security.persistence.MessageTaskProtectionAdapterTest
[INFO] Running com.ycsopen.sms.core.common.security.migration.snapshot.MySqlSnapshotProcessTest
[INFO] Tests run: 11, Failures: 0, Errors: 0, Skipped: 0, Time elapsed: 0.177 s -- in com.ycsopen.sms.core.common.security.migration.snapshot.MySqlSnapshotProcessTest
[INFO] Running com.ycsopen.sms.core.common.security.migration.snapshot.EncryptedMySqlSnapshotServiceTest
[INFO] Tests run: 15, Failures: 0, Errors: 0, Skipped: 0, Time elapsed: 0.834 s -- in com.ycsopen.sms.core.common.security.migration.snapshot.EncryptedMySqlSnapshotServiceTest
[INFO] Running com.ycsopen.sms.core.common.security.migration.MigrationBlindIndexPublicationRaceTest
[WARNING] Tests run: 2, Failures: 0, Errors: 0, Skipped: 1, Time elapsed: 0.010 s -- in com.ycsopen.sms.core.common.security.migration.MigrationBlindIndexPublicationRaceTest
[INFO] Running com.ycsopen.sms.core.common.security.migration.MigrationPreflightTest
[INFO] Tests run: 3, Failures: 0, Errors: 0, Skipped: 0, Time elapsed: 0.004 s -- in com.ycsopen.sms.core.common.security.migration.MigrationPreflightTest
[INFO] Running com.ycsopen.sms.core.common.security.migration.ProtectedDataMigrationCommandTest
[INFO] Tests run: 22, Failures: 0, Errors: 0, Skipped: 0, Time elapsed: 0.010 s -- in com.ycsopen.sms.core.common.security.migration.ProtectedDataMigrationCommandTest
[INFO] Running com.ycsopen.sms.core.common.security.migration.SignedMigrationManifestVerifierTest
[INFO] Tests run: 11, Failures: 0, Errors: 0, Skipped: 0, Time elapsed: 1.571 s -- in com.ycsopen.sms.core.common.security.migration.SignedMigrationManifestVerifierTest
[INFO] Running com.ycsopen.sms.core.common.security.migration.ProtectedDataMigrationRunnerTest
[INFO] Tests run: 11, Failures: 0, Errors: 0, Skipped: 0, Time elapsed: 0.043 s -- in com.ycsopen.sms.core.common.security.migration.ProtectedDataMigrationRunnerTest
[INFO] Running com.ycsopen.sms.core.common.security.migration.ProtectedDataManifestTest
[INFO] Tests run: 6, Failures: 0, Errors: 0, Skipped: 0, Time elapsed: 0.010 s -- in com.ycsopen.sms.core.common.security.migration.ProtectedDataManifestTest
[INFO] Running com.ycsopen.sms.core.common.security.migration.LegacyValueClassifierTest
[INFO] Tests run: 3, Failures: 0, Errors: 0, Skipped: 0, Time elapsed: 0.001 s -- in com.ycsopen.sms.core.common.security.migration.LegacyValueClassifierTest
[INFO] Running com.ycsopen.sms.core.common.security.migration.ProductionMigrationCommandServicesFactoryTest
[INFO] Tests run: 11, Failures: 0, Errors: 0, Skipped: 0, Time elapsed: 0.540 s -- in com.ycsopen.sms.core.common.security.migration.ProductionMigrationCommandServicesFactoryTest
[INFO] Running com.ycsopen.sms.core.common.security.logging.SecurityRedactionConverterTest
[INFO] Tests run: 4, Failures: 0, Errors: 0, Skipped: 0, Time elapsed: 0.001 s -- in com.ycsopen.sms.core.common.security.logging.SecurityRedactionConverterTest
[INFO] Running com.ycsopen.sms.core.common.security.logging.SensitiveDataLeakScannerTest
[INFO] Tests run: 8, Failures: 0, Errors: 0, Skipped: 0, Time elapsed: 1.159 s -- in com.ycsopen.sms.core.common.security.logging.SensitiveDataLeakScannerTest
[INFO] Running com.ycsopen.sms.core.common.security.logging.SafeLogValueTest
[INFO] Tests run: 2, Failures: 0, Errors: 0, Skipped: 0, Time elapsed: 0.001 s -- in com.ycsopen.sms.core.common.security.logging.SafeLogValueTest
[INFO] Running com.ycsopen.sms.core.common.web.TrustedProxyClientIpResolverTest
[INFO] Tests run: 4, Failures: 0, Errors: 0, Skipped: 0, Time elapsed: 0.001 s -- in com.ycsopen.sms.core.common.web.TrustedProxyClientIpResolverTest
[INFO] Running com.ycsopen.sms.core.common.exception.GlobalExceptionHandlerLoggingTest
2026-09-10T23:48:48.786+08:00 ERROR security - security_event event=UNEXPECTED_FAILURE category=UNEXPECTED correlation=invalid
2026-09-10T23:48:48.786+08:00 WARN  security - security_event event=BUSINESS_REJECTION category=BUSINESS correlation=trace-business-1
2026-09-10T23:48:48.787+08:00 ERROR security - security_event event=UNEXPECTED_FAILURE category=UNEXPECTED correlation=trace-unexpected-2
[INFO] Tests run: 3, Failures: 0, Errors: 0, Skipped: 0, Time elapsed: 0.002 s -- in com.ycsopen.sms.core.common.exception.GlobalExceptionHandlerLoggingTest
[INFO] Running com.ycsopen.sms.core.common.exception.GlobalExceptionHandlerTest
2026-09-10T23:48:48.792+08:00 INFO  org.springframework.mock.web.MockServletContext - Initializing Spring TestDispatcherServlet ''
2026-09-10T23:48:48.792+08:00 INFO  o.s.test.web.servlet.TestDispatcherServlet - Initializing Servlet ''
2026-09-10T23:48:48.792+08:00 INFO  o.s.test.web.servlet.TestDispatcherServlet - Completed initialization in 0 ms
2026-09-10T23:48:48.799+08:00 INFO  org.springframework.mock.web.MockServletContext - Initializing Spring TestDispatcherServlet ''
2026-09-10T23:48:48.799+08:00 INFO  o.s.test.web.servlet.TestDispatcherServlet - Initializing Servlet ''
2026-09-10T23:48:48.799+08:00 INFO  o.s.test.web.servlet.TestDispatcherServlet - Completed initialization in 0 ms
2026-09-10T23:48:48.801+08:00 INFO  org.springframework.mock.web.MockServletContext - Initializing Spring TestDispatcherServlet ''
2026-09-10T23:48:48.801+08:00 INFO  o.s.test.web.servlet.TestDispatcherServlet - Initializing Servlet ''
2026-09-10T23:48:48.801+08:00 INFO  o.s.test.web.servlet.TestDispatcherServlet - Completed initialization in 0 ms
2026-09-10T23:48:48.804+08:00 INFO  org.springframework.mock.web.MockServletContext - Initializing Spring TestDispatcherServlet ''
2026-09-10T23:48:48.804+08:00 INFO  o.s.test.web.servlet.TestDispatcherServlet - Initializing Servlet ''
2026-09-10T23:48:48.804+08:00 INFO  o.s.test.web.servlet.TestDispatcherServlet - Completed initialization in 0 ms
2026-09-10T23:48:48.808+08:00 INFO  org.springframework.mock.web.MockServletContext - Initializing Spring TestDispatcherServlet ''
2026-09-10T23:48:48.808+08:00 INFO  o.s.test.web.servlet.TestDispatcherServlet - Initializing Servlet ''
2026-09-10T23:48:48.808+08:00 INFO  o.s.test.web.servlet.TestDispatcherServlet - Completed initialization in 0 ms
[INFO] Tests run: 5, Failures: 0, Errors: 0, Skipped: 0, Time elapsed: 0.022 s -- in com.ycsopen.sms.core.common.exception.GlobalExceptionHandlerTest
[INFO] Running com.ycsopen.sms.core.service.statistics.StatisticsAggregationServiceTest
[INFO] Tests run: 3, Failures: 0, Errors: 0, Skipped: 0, Time elapsed: 0.021 s -- in com.ycsopen.sms.core.service.statistics.StatisticsAggregationServiceTest
[INFO] Running com.ycsopen.sms.core.service.webhook.WebhookDeliveryTransportServiceTest
[INFO] Tests run: 8, Failures: 0, Errors: 0, Skipped: 0, Time elapsed: 0.234 s -- in com.ycsopen.sms.core.service.webhook.WebhookDeliveryTransportServiceTest
[INFO] Running com.ycsopen.sms.core.service.tenant.TenantRegistrationServiceTest
[INFO] Tests run: 7, Failures: 0, Errors: 0, Skipped: 0, Time elapsed: 0.197 s -- in com.ycsopen.sms.core.service.tenant.TenantRegistrationServiceTest
[INFO] Running com.ycsopen.sms.core.service.tenant.JdbcContactChallengeStoreTest
[INFO] Tests run: 5, Failures: 0, Errors: 0, Skipped: 0, Time elapsed: 0.708 s -- in com.ycsopen.sms.core.service.tenant.JdbcContactChallengeStoreTest
[INFO] Running com.ycsopen.sms.core.service.tenant.AdminTenantStatusWorkflowTest
2026-09-10T23:48:50.005+08:00 INFO  org.springframework.mock.web.MockServletContext - Initializing Spring TestDispatcherServlet ''
2026-09-10T23:48:50.005+08:00 INFO  o.s.test.web.servlet.TestDispatcherServlet - Initializing Servlet ''
2026-09-10T23:48:50.005+08:00 INFO  o.s.test.web.servlet.TestDispatcherServlet - Completed initialization in 0 ms
[INFO] Tests run: 1, Failures: 0, Errors: 0, Skipped: 0, Time elapsed: 0.039 s -- in com.ycsopen.sms.core.service.tenant.AdminTenantStatusWorkflowTest
[INFO] Running com.ycsopen.sms.core.service.tenant.TenantQualificationSafeAggregateTest
2026-09-10T23:48:50.013+08:00 INFO  org.springframework.mock.web.MockServletContext - Initializing Spring TestDispatcherServlet ''
2026-09-10T23:48:50.013+08:00 INFO  o.s.test.web.servlet.TestDispatcherServlet - Initializing Servlet ''
2026-09-10T23:48:50.013+08:00 INFO  o.s.test.web.servlet.TestDispatcherServlet - Completed initialization in 0 ms
2026-09-10T23:48:50.023+08:00 INFO  org.springframework.mock.web.MockServletContext - Initializing Spring TestDispatcherServlet ''
2026-09-10T23:48:50.023+08:00 INFO  o.s.test.web.servlet.TestDispatcherServlet - Initializing Servlet ''
2026-09-10T23:48:50.023+08:00 INFO  o.s.test.web.servlet.TestDispatcherServlet - Completed initialization in 0 ms
2026-09-10T23:48:50.028+08:00 INFO  org.springframework.mock.web.MockServletContext - Initializing Spring TestDispatcherServlet ''
2026-09-10T23:48:50.028+08:00 INFO  o.s.test.web.servlet.TestDispatcherServlet - Initializing Servlet ''
2026-09-10T23:48:50.028+08:00 INFO  o.s.test.web.servlet.TestDispatcherServlet - Completed initialization in 0 ms
2026-09-10T23:48:50.031+08:00 INFO  org.springframework.mock.web.MockServletContext - Initializing Spring TestDispatcherServlet ''
2026-09-10T23:48:50.031+08:00 INFO  o.s.test.web.servlet.TestDispatcherServlet - Initializing Servlet ''
2026-09-10T23:48:50.031+08:00 INFO  o.s.test.web.servlet.TestDispatcherServlet - Completed initialization in 0 ms
[INFO] Tests run: 4, Failures: 0, Errors: 0, Skipped: 0, Time elapsed: 0.022 s -- in com.ycsopen.sms.core.service.tenant.TenantQualificationSafeAggregateTest
[INFO] Running com.ycsopen.sms.core.service.tenant.TenantMaintenanceServiceTest
[INFO] Tests run: 6, Failures: 0, Errors: 0, Skipped: 0, Time elapsed: 0.004 s -- in com.ycsopen.sms.core.service.tenant.TenantMaintenanceServiceTest
[INFO] Running com.ycsopen.sms.core.service.tenant.TenantQualificationFieldsTest
2026-09-10T23:48:50.062+08:00 INFO  o.s.b.t.c.SpringBootTestContextBootstrapper - Found @SpringBootConfiguration com.ycsopen.sms.core.YcsopenSmsCoreApplication for test class com.ycsopen.sms.core.service.tenant.TenantQualificationFieldsTest

  .   ____          _            __ _ _
 /\\ / ___'_ __ _ _(_)_ __  __ _ \ \ \ \
( ( )\___ | '_ | '_| | '_ \/ _` | \ \ \ \
 \\/  ___)| |_)| | | | | || (_| |  ) ) ) )
  '  |____| .__|_| |_|_| |_\__, | / / / /
 =========|_|==============|___/=/_/_/_/

 :: Spring Boot ::                (v3.3.4)

2026-09-10T23:48:50.071+08:00 INFO  c.y.s.c.s.tenant.TenantQualificationFieldsTest - Starting TenantQualificationFieldsTest using Java 21.0.10 with PID 56038 (started by laosanzheong in /Users/laosanzheong/Documents/codebases/ycsopen-sms/core)
2026-09-10T23:48:50.071+08:00 DEBUG c.y.s.c.s.tenant.TenantQualificationFieldsTest - Running with Spring Boot v3.3.4, Spring v6.1.13
2026-09-10T23:48:50.071+08:00 INFO  c.y.s.c.s.tenant.TenantQualificationFieldsTest - The following 1 profile is active: "dev"
2026-09-10T23:48:50.258+08:00 INFO  o.s.d.r.config.RepositoryConfigurationDelegate - Multiple Spring Data modules found, entering strict repository configuration mode
2026-09-10T23:48:50.258+08:00 INFO  o.s.d.r.config.RepositoryConfigurationDelegate - Bootstrapping Spring Data JPA repositories in DEFAULT mode.
2026-09-10T23:48:50.287+08:00 INFO  o.s.d.r.config.RepositoryConfigurationDelegate - Finished Spring Data repository scanning in 29 ms. Found 16 JPA repository interfaces.
2026-09-10T23:48:50.292+08:00 INFO  o.s.b.t.a.j.TestDatabaseAutoConfiguration$EmbeddedDataSourceBeanFactoryPostProcessor - Replacing 'dataSource' DataSource bean with embedded version
2026-09-10T23:48:50.297+08:00 INFO  o.s.j.d.embedded.EmbeddedDatabaseFactory - Starting embedded database: url='jdbc:h2:mem:6cf48854-9618-45cb-b269-fad875d19046;DB_CLOSE_DELAY=-1;DB_CLOSE_ON_EXIT=false', username='sa'
2026-09-10T23:48:50.313+08:00 INFO  org.hibernate.jpa.internal.util.LogHelper - HHH000204: Processing PersistenceUnitInfo [name: default]
2026-09-10T23:48:50.314+08:00 INFO  o.h.cache.internal.RegionFactoryInitiator - HHH000026: Second-level cache disabled
2026-09-10T23:48:50.316+08:00 INFO  o.s.o.j.p.SpringPersistenceUnitInfo - No LoadTimeWeaver setup: ignoring JPA class transformer
2026-09-10T23:48:50.398+08:00 INFO  o.h.e.t.j.platform.internal.JtaPlatformInitiator - HHH000489: No JTA platform available (set 'hibernate.transaction.jta.platform' to enable JTA platform integration)
2026-09-10T23:48:50.401+08:00 INFO  o.s.o.jpa.LocalContainerEntityManagerFactoryBean - Initialized JPA EntityManagerFactory for persistence unit 'default'
2026-09-10T23:48:50.455+08:00 INFO  c.y.s.c.s.tenant.TenantQualificationFieldsTest - Started TenantQualificationFieldsTest in 0.391 seconds (process running for 25.629)
[INFO] Tests run: 18, Failures: 0, Errors: 0, Skipped: 0, Time elapsed: 0.670 s -- in com.ycsopen.sms.core.service.tenant.TenantQualificationFieldsTest
[INFO] Running com.ycsopen.sms.core.service.tenant.TenantReviewServiceTest
[INFO] Tests run: 9, Failures: 0, Errors: 0, Skipped: 0, Time elapsed: 0.005 s -- in com.ycsopen.sms.core.service.tenant.TenantReviewServiceTest
[INFO] Running com.ycsopen.sms.core.service.tenant.TenantAccessAdministrationServiceTest
[INFO] Tests run: 1, Failures: 0, Errors: 0, Skipped: 0, Time elapsed: 0 s -- in com.ycsopen.sms.core.service.tenant.TenantAccessAdministrationServiceTest
[INFO] Running com.ycsopen.sms.core.service.tenant.TenantQualificationPermissionMigrationTest
[INFO] Tests run: 1, Failures: 0, Errors: 0, Skipped: 0, Time elapsed: 0.011 s -- in com.ycsopen.sms.core.service.tenant.TenantQualificationPermissionMigrationTest
[INFO] Running com.ycsopen.sms.core.service.tenant.TenantRegistrationProtectionTest
[INFO] Tests run: 6, Failures: 0, Errors: 0, Skipped: 0, Time elapsed: 0.007 s -- in com.ycsopen.sms.core.service.tenant.TenantRegistrationProtectionTest
[INFO] Running com.ycsopen.sms.core.service.tenant.QualificationObjectAuthorizationTest
[INFO] Tests run: 2, Failures: 0, Errors: 0, Skipped: 0, Time elapsed: 0.005 s -- in com.ycsopen.sms.core.service.tenant.QualificationObjectAuthorizationTest
[INFO] Running com.ycsopen.sms.core.service.tenant.ContactVerificationServiceTest
[INFO] Tests run: 4, Failures: 0, Errors: 0, Skipped: 0, Time elapsed: 0.395 s -- in com.ycsopen.sms.core.service.tenant.ContactVerificationServiceTest
[INFO] Running com.ycsopen.sms.core.service.tenant.TenantCooperationTerminationServiceTest
[INFO] Tests run: 4, Failures: 0, Errors: 0, Skipped: 0, Time elapsed: 0.049 s -- in com.ycsopen.sms.core.service.tenant.TenantCooperationTerminationServiceTest
[INFO] Running com.ycsopen.sms.core.service.tenant.TenantQualificationMigrationTest
[INFO] Tests run: 1, Failures: 0, Errors: 0, Skipped: 0, Time elapsed: 0.013 s -- in com.ycsopen.sms.core.service.tenant.TenantQualificationMigrationTest
[INFO] Running com.ycsopen.sms.core.service.tenant.QualificationInspectionServiceTest
[INFO] Tests run: 3, Failures: 0, Errors: 0, Skipped: 0, Time elapsed: 0.096 s -- in com.ycsopen.sms.core.service.tenant.QualificationInspectionServiceTest
[INFO] Running com.ycsopen.sms.core.service.tenant.TenantApiKeyServiceTest
[INFO] Tests run: 1, Failures: 0, Errors: 0, Skipped: 0, Time elapsed: 0 s -- in com.ycsopen.sms.core.service.tenant.TenantApiKeyServiceTest
[INFO] Running com.ycsopen.sms.core.service.tenant.TenantProtocolCredentialServiceTest
[INFO] Tests run: 1, Failures: 0, Errors: 0, Skipped: 0, Time elapsed: 0 s -- in com.ycsopen.sms.core.service.tenant.TenantProtocolCredentialServiceTest
[INFO] Running com.ycsopen.sms.core.service.tenant.TenantEligibilityPolicyTest
[INFO] Tests run: 13, Failures: 0, Errors: 0, Skipped: 0, Time elapsed: 0.004 s -- in com.ycsopen.sms.core.service.tenant.TenantEligibilityPolicyTest
[INFO] Running com.ycsopen.sms.core.service.tenant.TenantQualificationValidatorTest
[INFO] Tests run: 6, Failures: 0, Errors: 0, Skipped: 0, Time elapsed: 0.001 s -- in com.ycsopen.sms.core.service.tenant.TenantQualificationValidatorTest
[INFO] Running com.ycsopen.sms.core.service.tenant.HttpQualificationInspectionSpiTest
[INFO] Tests run: 3, Failures: 0, Errors: 0, Skipped: 0, Time elapsed: 0.068 s -- in com.ycsopen.sms.core.service.tenant.HttpQualificationInspectionSpiTest
[INFO] Running com.ycsopen.sms.core.service.configuration.PlatformConfigurationServiceTest
[INFO] Tests run: 5, Failures: 0, Errors: 0, Skipped: 0, Time elapsed: 0.004 s -- in com.ycsopen.sms.core.service.configuration.PlatformConfigurationServiceTest
[INFO] Running com.ycsopen.sms.core.service.configuration.PlatformConfigurationRegistryTest
[INFO] Tests run: 4, Failures: 0, Errors: 0, Skipped: 0, Time elapsed: 0.002 s -- in com.ycsopen.sms.core.service.configuration.PlatformConfigurationRegistryTest
[INFO] Running com.ycsopen.sms.core.service.bulk.BulkScheduledTaskServiceTest
[INFO] Tests run: 9, Failures: 0, Errors: 0, Skipped: 0, Time elapsed: 0.031 s -- in com.ycsopen.sms.core.service.bulk.BulkScheduledTaskServiceTest
[INFO] Running com.ycsopen.sms.core.service.archive.RetentionArchiveServiceTest
[INFO] Tests run: 4, Failures: 0, Errors: 0, Skipped: 0, Time elapsed: 0.024 s -- in com.ycsopen.sms.core.service.archive.RetentionArchiveServiceTest
[INFO] Running com.ycsopen.sms.core.service.signature.SignatureLifecycleServiceTest
[INFO] Tests run: 8, Failures: 0, Errors: 0, Skipped: 0, Time elapsed: 0.053 s -- in com.ycsopen.sms.core.service.signature.SignatureLifecycleServiceTest
[INFO] Running com.ycsopen.sms.core.service.alert.AlertEngineServiceTest
[INFO] Tests run: 4, Failures: 0, Errors: 0, Skipped: 0, Time elapsed: 0.011 s -- in com.ycsopen.sms.core.service.alert.AlertEngineServiceTest
[INFO] Running com.ycsopen.sms.core.service.exemption.ExemptionPolicyServiceTest
[INFO] Tests run: 5, Failures: 0, Errors: 0, Skipped: 0, Time elapsed: 0.023 s -- in com.ycsopen.sms.core.service.exemption.ExemptionPolicyServiceTest
[INFO] Running com.ycsopen.sms.core.service.template.TemplateLifecycleServiceTest
[INFO] Tests run: 4, Failures: 0, Errors: 0, Skipped: 0, Time elapsed: 0.024 s -- in com.ycsopen.sms.core.service.template.TemplateLifecycleServiceTest
[INFO] Running com.ycsopen.sms.core.service.template.TemplateSendComplianceServiceTest
[INFO] Tests run: 2, Failures: 0, Errors: 0, Skipped: 0, Time elapsed: 0.074 s -- in com.ycsopen.sms.core.service.template.TemplateSendComplianceServiceTest
[INFO] Running com.ycsopen.sms.core.service.message.MessageAcceptanceIdempotencyServiceTest
2026-09-10T23:48:51.621+08:00 INFO  o.s.j.d.embedded.EmbeddedDatabaseFactory - Starting embedded database: url='jdbc:h2:mem:phase23-1083547147199791;DB_CLOSE_DELAY=-1;DB_CLOSE_ON_EXIT=false', username='sa'
2026-09-10T23:48:51.624+08:00 INFO  o.s.j.d.embedded.EmbeddedDatabaseFactory - Shutting down embedded database: url='jdbc:h2:mem:phase23-1083547147199791;DB_CLOSE_DELAY=-1;DB_CLOSE_ON_EXIT=false'
2026-09-10T23:48:51.625+08:00 INFO  o.s.j.d.embedded.EmbeddedDatabaseFactory - Starting embedded database: url='jdbc:h2:mem:phase23-1083547150525375;DB_CLOSE_DELAY=-1;DB_CLOSE_ON_EXIT=false', username='sa'
2026-09-10T23:48:51.626+08:00 INFO  o.s.j.d.embedded.EmbeddedDatabaseFactory - Shutting down embedded database: url='jdbc:h2:mem:phase23-1083547150525375;DB_CLOSE_DELAY=-1;DB_CLOSE_ON_EXIT=false'
2026-09-10T23:48:51.626+08:00 INFO  o.s.j.d.embedded.EmbeddedDatabaseFactory - Starting embedded database: url='jdbc:h2:mem:phase23-1083547152120666;DB_CLOSE_DELAY=-1;DB_CLOSE_ON_EXIT=false', username='sa'
2026-09-10T23:48:51.627+08:00 INFO  o.s.j.d.embedded.EmbeddedDatabaseFactory - Shutting down embedded database: url='jdbc:h2:mem:phase23-1083547152120666;DB_CLOSE_DELAY=-1;DB_CLOSE_ON_EXIT=false'
2026-09-10T23:48:51.628+08:00 INFO  o.s.j.d.embedded.EmbeddedDatabaseFactory - Starting embedded database: url='jdbc:h2:mem:phase23-1083547153691625;DB_CLOSE_DELAY=-1;DB_CLOSE_ON_EXIT=false', username='sa'
2026-09-10T23:48:51.631+08:00 INFO  o.s.j.d.embedded.EmbeddedDatabaseFactory - Shutting down embedded database: url='jdbc:h2:mem:phase23-1083547153691625;DB_CLOSE_DELAY=-1;DB_CLOSE_ON_EXIT=false'
[INFO] Tests run: 4, Failures: 0, Errors: 0, Skipped: 0, Time elapsed: 0.010 s -- in com.ycsopen.sms.core.service.message.MessageAcceptanceIdempotencyServiceTest
[INFO] Running com.ycsopen.sms.core.service.message.MessageSubmitServiceTest
[INFO] Tests run: 9, Failures: 0, Errors: 0, Skipped: 0, Time elapsed: 0.229 s -- in com.ycsopen.sms.core.service.message.MessageSubmitServiceTest
[INFO] Running com.ycsopen.sms.core.service.unsubscribe.UnsubscribeComplianceServiceTest
[INFO] Tests run: 4, Failures: 0, Errors: 0, Skipped: 0, Time elapsed: 0.016 s -- in com.ycsopen.sms.core.service.unsubscribe.UnsubscribeComplianceServiceTest
[INFO] Running com.ycsopen.sms.core.service.channel.health.ChannelPoolServiceTest
[INFO] Tests run: 5, Failures: 0, Errors: 0, Skipped: 0, Time elapsed: 0.013 s -- in com.ycsopen.sms.core.service.channel.health.ChannelPoolServiceTest
[INFO] Running com.ycsopen.sms.core.service.channel.health.ChannelHealthServiceTest
[INFO] Tests run: 8, Failures: 0, Errors: 0, Skipped: 0, Time elapsed: 0.030 s -- in com.ycsopen.sms.core.service.channel.health.ChannelHealthServiceTest
[INFO] Running com.ycsopen.sms.core.service.channel.health.ChannelCandidateEligibilityServiceTest
[INFO] Tests run: 2, Failures: 0, Errors: 0, Skipped: 0, Time elapsed: 0 s -- in com.ycsopen.sms.core.service.channel.health.ChannelCandidateEligibilityServiceTest
[INFO] Running com.ycsopen.sms.core.service.channel.ChannelConnectivityConformanceTest
[INFO] Tests run: 2, Failures: 0, Errors: 0, Skipped: 0, Time elapsed: 0.002 s -- in com.ycsopen.sms.core.service.channel.ChannelConnectivityConformanceTest
[INFO] Running com.ycsopen.sms.core.service.channel.ChannelOfflineTransitionTest
[INFO] Tests run: 3, Failures: 0, Errors: 0, Skipped: 0, Time elapsed: 0.037 s -- in com.ycsopen.sms.core.service.channel.ChannelOfflineTransitionTest
[INFO] Running com.ycsopen.sms.core.service.channel.ChannelDependencyMigrationTest
[INFO] Tests run: 2, Failures: 0, Errors: 0, Skipped: 0, Time elapsed: 0.004 s -- in com.ycsopen.sms.core.service.channel.ChannelDependencyMigrationTest
[INFO] Running com.ycsopen.sms.core.service.channel.ChannelConfigurationHotReloadTest
[INFO] Tests run: 8, Failures: 0, Errors: 0, Skipped: 0, Time elapsed: 0.024 s -- in com.ycsopen.sms.core.service.channel.ChannelConfigurationHotReloadTest
[INFO] Running com.ycsopen.sms.core.service.channel.ChannelConfigurationServiceTest
[INFO] Tests run: 3, Failures: 0, Errors: 0, Skipped: 0, Time elapsed: 0.007 s -- in com.ycsopen.sms.core.service.channel.ChannelConfigurationServiceTest
[INFO] Running com.ycsopen.sms.core.service.channel.ChannelDependencyInventoryTest
[INFO] Tests run: 1, Failures: 0, Errors: 0, Skipped: 0, Time elapsed: 0.004 s -- in com.ycsopen.sms.core.service.channel.ChannelDependencyInventoryTest
[INFO] Running com.ycsopen.sms.core.service.channel.ChannelConfigurationActivationFaultTest
[INFO] Tests run: 1, Failures: 0, Errors: 0, Skipped: 0, Time elapsed: 0.003 s -- in com.ycsopen.sms.core.service.channel.ChannelConfigurationActivationFaultTest
[INFO] Running com.ycsopen.sms.core.service.dashboard.OperationalDashboardServiceTest
[INFO] Tests run: 6, Failures: 0, Errors: 0, Skipped: 0, Time elapsed: 0.027 s -- in com.ycsopen.sms.core.service.dashboard.OperationalDashboardServiceTest
[INFO] Running com.ycsopen.sms.core.service.complaint.ComplaintRatioDashboardServiceTest
2026-09-10T23:48:52.034+08:00 INFO  o.s.j.d.embedded.EmbeddedDatabaseFactory - Starting embedded database: url='jdbc:h2:mem:phase45-1083547559670333;MODE=MySQL;DATABASE_TO_UPPER=false;DB_CLOSE_DELAY=-1;DB_CLOSE_ON_EXIT=false', username='sa'
2026-09-10T23:48:52.036+08:00 INFO  o.s.j.d.embedded.EmbeddedDatabaseFactory - Starting embedded database: url='jdbc:h2:mem:phase45-1083547562247708;MODE=MySQL;DATABASE_TO_UPPER=false;DB_CLOSE_DELAY=-1;DB_CLOSE_ON_EXIT=false', username='sa'
2026-09-10T23:48:52.038+08:00 INFO  o.s.j.d.embedded.EmbeddedDatabaseFactory - Starting embedded database: url='jdbc:h2:mem:phase45-1083547563522000;MODE=MySQL;DATABASE_TO_UPPER=false;DB_CLOSE_DELAY=-1;DB_CLOSE_ON_EXIT=false', username='sa'
2026-09-10T23:48:52.039+08:00 INFO  o.s.j.d.embedded.EmbeddedDatabaseFactory - Starting embedded database: url='jdbc:h2:mem:phase45-1083547564725625;MODE=MySQL;DATABASE_TO_UPPER=false;DB_CLOSE_DELAY=-1;DB_CLOSE_ON_EXIT=false', username='sa'
2026-09-10T23:48:52.044+08:00 INFO  o.s.j.d.embedded.EmbeddedDatabaseFactory - Starting embedded database: url='jdbc:h2:mem:phase45-1083547569835500;MODE=MySQL;DATABASE_TO_UPPER=false;DB_CLOSE_DELAY=-1;DB_CLOSE_ON_EXIT=false', username='sa'
2026-09-10T23:48:52.048+08:00 INFO  o.s.j.d.embedded.EmbeddedDatabaseFactory - Starting embedded database: url='jdbc:h2:mem:phase45-1083547573413958;MODE=MySQL;DATABASE_TO_UPPER=false;DB_CLOSE_DELAY=-1;DB_CLOSE_ON_EXIT=false', username='sa'
2026-09-10T23:48:52.049+08:00 INFO  o.s.j.d.embedded.EmbeddedDatabaseFactory - Starting embedded database: url='jdbc:h2:mem:phase45-1083547574792958;MODE=MySQL;DATABASE_TO_UPPER=false;DB_CLOSE_DELAY=-1;DB_CLOSE_ON_EXIT=false', username='sa'
[INFO] Tests run: 7, Failures: 0, Errors: 0, Skipped: 0, Time elapsed: 0.017 s -- in com.ycsopen.sms.core.service.complaint.ComplaintRatioDashboardServiceTest
[INFO] Running com.ycsopen.sms.core.service.complaint.ComplaintCaseServiceTest
2026-09-10T23:48:52.052+08:00 INFO  o.s.j.d.embedded.EmbeddedDatabaseFactory - Starting embedded database: url='jdbc:h2:mem:phase41-1083547577547083;MODE=MySQL;DATABASE_TO_UPPER=false;DB_CLOSE_DELAY=-1;DB_CLOSE_DELAY=-1;DB_CLOSE_ON_EXIT=false', username='sa'
2026-09-10T23:48:52.103+08:00 INFO  o.s.j.d.embedded.EmbeddedDatabaseFactory - Starting embedded database: url='jdbc:h2:mem:phase41-1083547629031458;MODE=MySQL;DATABASE_TO_UPPER=false;DB_CLOSE_DELAY=-1;DB_CLOSE_DELAY=-1;DB_CLOSE_ON_EXIT=false', username='sa'
2026-09-10T23:48:52.110+08:00 INFO  o.s.j.d.embedded.EmbeddedDatabaseFactory - Starting embedded database: url='jdbc:h2:mem:phase41-1083547635414375;MODE=MySQL;DATABASE_TO_UPPER=false;DB_CLOSE_DELAY=-1;DB_CLOSE_DELAY=-1;DB_CLOSE_ON_EXIT=false', username='sa'
2026-09-10T23:48:52.120+08:00 INFO  o.s.j.d.embedded.EmbeddedDatabaseFactory - Starting embedded database: url='jdbc:h2:mem:phase41-1083547646093291;MODE=MySQL;DATABASE_TO_UPPER=false;DB_CLOSE_DELAY=-1;DB_CLOSE_DELAY=-1;DB_CLOSE_ON_EXIT=false', username='sa'
2026-09-10T23:48:52.137+08:00 INFO  o.s.j.d.embedded.EmbeddedDatabaseFactory - Starting embedded database: url='jdbc:h2:mem:phase41-1083547662906625;MODE=MySQL;DATABASE_TO_UPPER=false;DB_CLOSE_DELAY=-1;DB_CLOSE_DELAY=-1;DB_CLOSE_ON_EXIT=false', username='sa'
2026-09-10T23:48:52.156+08:00 INFO  o.s.j.d.embedded.EmbeddedDatabaseFactory - Starting embedded database: url='jdbc:h2:mem:phase41-1083547681727541;MODE=MySQL;DATABASE_TO_UPPER=false;DB_CLOSE_DELAY=-1;DB_CLOSE_DELAY=-1;DB_CLOSE_ON_EXIT=false', username='sa'
2026-09-10T23:48:52.172+08:00 INFO  o.s.j.d.embedded.EmbeddedDatabaseFactory - Starting embedded database: url='jdbc:h2:mem:phase41-1083547697704541;MODE=MySQL;DATABASE_TO_UPPER=false;DB_CLOSE_DELAY=-1;DB_CLOSE_DELAY=-1;DB_CLOSE_ON_EXIT=false', username='sa'
2026-09-10T23:48:52.182+08:00 INFO  o.s.j.d.embedded.EmbeddedDatabaseFactory - Starting embedded database: url='jdbc:h2:mem:phase41-1083547708146708;MODE=MySQL;DATABASE_TO_UPPER=false;DB_CLOSE_DELAY=-1;DB_CLOSE_DELAY=-1;DB_CLOSE_ON_EXIT=false', username='sa'
2026-09-10T23:48:52.190+08:00 INFO  o.s.j.d.embedded.EmbeddedDatabaseFactory - Starting embedded database: url='jdbc:h2:mem:phase41-1083547715590416;MODE=MySQL;DATABASE_TO_UPPER=false;DB_CLOSE_DELAY=-1;DB_CLOSE_DELAY=-1;DB_CLOSE_ON_EXIT=false', username='sa'
2026-09-10T23:48:52.195+08:00 INFO  o.s.j.d.embedded.EmbeddedDatabaseFactory - Starting embedded database: url='jdbc:h2:mem:phase41-1083547720605375;MODE=MySQL;DATABASE_TO_UPPER=false;DB_CLOSE_DELAY=-1;DB_CLOSE_DELAY=-1;DB_CLOSE_ON_EXIT=false', username='sa'
[INFO] Tests run: 10, Failures: 0, Errors: 0, Skipped: 0, Time elapsed: 0.152 s -- in com.ycsopen.sms.core.service.complaint.ComplaintCaseServiceTest
[INFO] Running com.ycsopen.sms.core.service.complaint.ComplaintRatioServiceTest
[INFO] Tests run: 3, Failures: 0, Errors: 0, Skipped: 0, Time elapsed: 0.002 s -- in com.ycsopen.sms.core.service.complaint.ComplaintRatioServiceTest
[INFO] Running com.ycsopen.sms.core.service.audit.SecurityEventServiceTest
2026-09-10T23:48:52.208+08:00 INFO  o.s.j.d.embedded.EmbeddedDatabaseFactory - Starting embedded database: url='jdbc:h2:mem:c0ebc1b6-9078-48d6-aa98-95db91b9313d;DB_CLOSE_DELAY=-1;DB_CLOSE_ON_EXIT=false', username='sa'
2026-09-10T23:48:52.211+08:00 INFO  o.s.j.d.embedded.EmbeddedDatabaseFactory - Starting embedded database: url='jdbc:h2:mem:384efdd4-d927-4155-8ebd-6ac20d47eef8;DB_CLOSE_DELAY=-1;DB_CLOSE_ON_EXIT=false', username='sa'
2026-09-10T23:48:52.214+08:00 INFO  o.s.j.d.embedded.EmbeddedDatabaseFactory - Starting embedded database: url='jdbc:h2:mem:6db180c2-69f5-465b-b502-6e0e0f023be9;DB_CLOSE_DELAY=-1;DB_CLOSE_ON_EXIT=false', username='sa'
[INFO] Tests run: 3, Failures: 0, Errors: 0, Skipped: 0, Time elapsed: 0.010 s -- in com.ycsopen.sms.core.service.audit.SecurityEventServiceTest
[INFO] Running com.ycsopen.sms.core.service.audit.OperationAuditInterceptorTest
[INFO] Tests run: 2, Failures: 0, Errors: 0, Skipped: 0, Time elapsed: 0.043 s -- in com.ycsopen.sms.core.service.audit.OperationAuditInterceptorTest
[INFO] Running com.ycsopen.sms.core.service.audit.OperationAuditServiceTest
2026-09-10T23:48:52.278+08:00 INFO  o.s.j.d.embedded.EmbeddedDatabaseFactory - Starting embedded database: url='jdbc:h2:mem:bbbe2674-ddcd-44a2-b776-a71cab084888;DB_CLOSE_DELAY=-1;DB_CLOSE_ON_EXIT=false', username='sa'
2026-09-10T23:48:52.282+08:00 INFO  o.s.j.d.embedded.EmbeddedDatabaseFactory - Starting embedded database: url='jdbc:h2:mem:199286b4-fe80-493c-804f-f525c68018b5;DB_CLOSE_DELAY=-1;DB_CLOSE_ON_EXIT=false', username='sa'
2026-09-10T23:48:52.283+08:00 INFO  o.s.j.d.embedded.EmbeddedDatabaseFactory - Starting embedded database: url='jdbc:h2:mem:6c34da93-3873-4afa-a309-31db5539f56f;DB_CLOSE_DELAY=-1;DB_CLOSE_ON_EXIT=false', username='sa'
[INFO] Tests run: 3, Failures: 0, Errors: 0, Skipped: 0, Time elapsed: 0.009 s -- in com.ycsopen.sms.core.service.audit.OperationAuditServiceTest
[INFO] Running com.ycsopen.sms.core.service.audit.OperationAuditSecurityTest
[INFO] Tests run: 3, Failures: 0, Errors: 0, Skipped: 0, Time elapsed: 0.014 s -- in com.ycsopen.sms.core.service.audit.OperationAuditSecurityTest
[INFO] Running com.ycsopen.sms.core.service.review.ResourceReviewHistoryServiceTest
[INFO] Tests run: 2, Failures: 0, Errors: 0, Skipped: 0, Time elapsed: 0.014 s -- in com.ycsopen.sms.core.service.review.ResourceReviewHistoryServiceTest
[INFO] Running com.ycsopen.sms.core.service.shortlink.ShortLinkSafetyServiceTest
[INFO] Tests run: 4, Failures: 0, Errors: 0, Skipped: 0, Time elapsed: 0.016 s -- in com.ycsopen.sms.core.service.shortlink.ShortLinkSafetyServiceTest
[INFO] Running com.ycsopen.sms.core.service.delivery.HttpMessageDeliveryServiceTest
[INFO] Tests run: 5, Failures: 0, Errors: 0, Skipped: 0, Time elapsed: 0.058 s -- in com.ycsopen.sms.core.service.delivery.HttpMessageDeliveryServiceTest
[INFO] Running com.ycsopen.sms.core.service.delivery.MessageStatusQueryServiceTest
[INFO] Tests run: 2, Failures: 0, Errors: 0, Skipped: 0, Time elapsed: 0.011 s -- in com.ycsopen.sms.core.service.delivery.MessageStatusQueryServiceTest
[INFO] Running com.ycsopen.sms.core.service.delivery.HttpSmsUpstreamProviderClientTest
[INFO] Tests run: 1, Failures: 0, Errors: 0, Skipped: 0, Time elapsed: 0.007 s -- in com.ycsopen.sms.core.service.delivery.HttpSmsUpstreamProviderClientTest
[INFO] Running com.ycsopen.sms.core.service.delivery.MessageReceiptErrorOperationsServiceTest
[INFO] Tests run: 6, Failures: 0, Errors: 0, Skipped: 0, Time elapsed: 0.101 s -- in com.ycsopen.sms.core.service.delivery.MessageReceiptErrorOperationsServiceTest
[INFO] Running com.ycsopen.sms.core.service.delivery.DispatchTaskRecoveryServiceTest
[INFO] Tests run: 5, Failures: 0, Errors: 0, Skipped: 0, Time elapsed: 0.006 s -- in com.ycsopen.sms.core.service.delivery.DispatchTaskRecoveryServiceTest
[INFO] Running com.ycsopen.sms.core.service.report.CustomReportServiceTest
[INFO] Tests run: 9, Failures: 0, Errors: 0, Skipped: 0, Time elapsed: 0.029 s -- in com.ycsopen.sms.core.service.report.CustomReportServiceTest
[INFO] Running com.ycsopen.sms.core.service.routing.ThirdPartyBlacklistClientTest
2026-09-10T23:48:52.549+08:00 WARN  c.y.s.c.s.routing.ThirdPartyBlacklistClient - third-party blacklist check failed, applying fallback=CACHE provider=route-risk
2026-09-10T23:48:52.552+08:00 WARN  c.y.s.c.s.routing.ThirdPartyBlacklistClient - third-party blacklist check failed, applying fallback=CACHE provider=route-risk
2026-09-10T23:48:52.552+08:00 WARN  c.y.s.c.s.routing.ThirdPartyBlacklistClient - third-party blacklist check failed, applying fallback=CACHE provider=route-risk
[INFO] Tests run: 3, Failures: 0, Errors: 0, Skipped: 0, Time elapsed: 0.004 s -- in com.ycsopen.sms.core.service.routing.ThirdPartyBlacklistClientTest
[INFO] Running com.ycsopen.sms.core.service.routing.ContentReviewCheckerTest
[INFO] Tests run: 7, Failures: 0, Errors: 0, Skipped: 0, Time elapsed: 0.045 s -- in com.ycsopen.sms.core.service.routing.ContentReviewCheckerTest
[INFO] Running com.ycsopen.sms.core.service.routing.ApiKeyRateLimitServiceTest
[INFO] Tests run: 2, Failures: 0, Errors: 0, Skipped: 0, Time elapsed: 0.033 s -- in com.ycsopen.sms.core.service.routing.ApiKeyRateLimitServiceTest
[INFO] Running com.ycsopen.sms.core.service.routing.FrequencyCheckerTest
[INFO] Tests run: 7, Failures: 0, Errors: 0, Skipped: 0, Time elapsed: 0.042 s -- in com.ycsopen.sms.core.service.routing.FrequencyCheckerTest
[INFO] Running com.ycsopen.sms.core.service.routing.ChannelSelectorTest
[INFO] Tests run: 2, Failures: 0, Errors: 0, Skipped: 0, Time elapsed: 0.037 s -- in com.ycsopen.sms.core.service.routing.ChannelSelectorTest
[INFO] Running com.ycsopen.sms.core.service.routing.RoutingCircuitPolicyServiceTest
[INFO] Tests run: 4, Failures: 0, Errors: 0, Skipped: 0, Time elapsed: 0.008 s -- in com.ycsopen.sms.core.service.routing.RoutingCircuitPolicyServiceTest
[INFO] Running com.ycsopen.sms.core.service.routing.RoutingEngineTest
2026-09-10T23:48:52.886+08:00 WARN  c.ycsopen.sms.core.service.routing.RoutingEngine - risk decision evidence recorder failed; preserving routing decision
[INFO] Tests run: 7, Failures: 0, Errors: 0, Skipped: 0, Time elapsed: 0.166 s -- in com.ycsopen.sms.core.service.routing.RoutingEngineTest
[INFO] Running com.ycsopen.sms.core.service.export.SecureAsyncExportServiceTest
[INFO] Tests run: 5, Failures: 0, Errors: 0, Skipped: 0, Time elapsed: 0.016 s -- in com.ycsopen.sms.core.service.export.SecureAsyncExportServiceTest
[INFO] Running com.ycsopen.sms.core.service.account.PlatformAccountPolicyTest
[INFO] Tests run: 5, Failures: 0, Errors: 0, Skipped: 0, Time elapsed: 0.001 s -- in com.ycsopen.sms.core.service.account.PlatformAccountPolicyTest
[INFO] Running com.ycsopen.sms.core.service.account.PlatformAccountServiceTransactionTest
2026-09-10T23:48:52.922+08:00 INFO  o.s.b.t.c.SpringBootTestContextBootstrapper - Found @SpringBootConfiguration com.ycsopen.sms.core.YcsopenSmsCoreApplication for test class com.ycsopen.sms.core.service.account.PlatformAccountServiceTransactionTest

  .   ____          _            __ _ _
 /\\ / ___'_ __ _ _(_)_ __  __ _ \ \ \ \
( ( )\___ | '_ | '_| | '_ \/ _` | \ \ \ \
 \\/  ___)| |_)| | | | | || (_| |  ) ) ) )
  '  |____| .__|_| |_|_| |_\__, | / / / /
 =========|_|==============|___/=/_/_/_/

 :: Spring Boot ::                (v3.3.4)

2026-09-10T23:48:52.929+08:00 INFO  c.y.s.c.s.a.PlatformAccountServiceTransactionTest - Starting PlatformAccountServiceTransactionTest using Java 21.0.10 with PID 56038 (started by laosanzheong in /Users/laosanzheong/Documents/codebases/ycsopen-sms/core)
2026-09-10T23:48:52.929+08:00 DEBUG c.y.s.c.s.a.PlatformAccountServiceTransactionTest - Running with Spring Boot v3.3.4, Spring v6.1.13
2026-09-10T23:48:52.929+08:00 INFO  c.y.s.c.s.a.PlatformAccountServiceTransactionTest - The following 1 profile is active: "dev"
2026-09-10T23:48:53.014+08:00 INFO  o.s.d.r.config.RepositoryConfigurationDelegate - Multiple Spring Data modules found, entering strict repository configuration mode
2026-09-10T23:48:53.014+08:00 INFO  o.s.d.r.config.RepositoryConfigurationDelegate - Bootstrapping Spring Data JPA repositories in DEFAULT mode.
2026-09-10T23:48:53.038+08:00 INFO  o.s.d.r.config.RepositoryConfigurationDelegate - Finished Spring Data repository scanning in 24 ms. Found 16 JPA repository interfaces.
2026-09-10T23:48:53.041+08:00 INFO  o.s.b.t.a.j.TestDatabaseAutoConfiguration$EmbeddedDataSourceBeanFactoryPostProcessor - Replacing 'dataSource' DataSource bean with embedded version
2026-09-10T23:48:53.044+08:00 INFO  o.s.j.d.embedded.EmbeddedDatabaseFactory - Starting embedded database: url='jdbc:h2:mem:5f26fb1e-e5dd-4ad0-845c-5e80247f9998;DB_CLOSE_DELAY=-1;DB_CLOSE_ON_EXIT=false', username='sa'
2026-09-10T23:48:53.058+08:00 INFO  org.hibernate.jpa.internal.util.LogHelper - HHH000204: Processing PersistenceUnitInfo [name: default]
2026-09-10T23:48:53.058+08:00 INFO  o.h.cache.internal.RegionFactoryInitiator - HHH000026: Second-level cache disabled
2026-09-10T23:48:53.060+08:00 INFO  o.s.o.j.p.SpringPersistenceUnitInfo - No LoadTimeWeaver setup: ignoring JPA class transformer
2026-09-10T23:48:53.123+08:00 INFO  o.h.e.t.j.platform.internal.JtaPlatformInitiator - HHH000489: No JTA platform available (set 'hibernate.transaction.jta.platform' to enable JTA platform integration)
Hibernate: 
    drop table if exists billing_records cascade 
Hibernate: 
    drop table if exists blacklist_entries cascade 
Hibernate: 
    drop table if exists channels cascade 
Hibernate: 
    drop table if exists complaint_ratio_stats cascade 
Hibernate: 
    drop table if exists complaints cascade 
Hibernate: 
    drop table if exists frequency_rules cascade 
Hibernate: 
    drop table if exists message_tasks cascade 
Hibernate: 
    drop table if exists route_rules cascade 
Hibernate: 
    drop table if exists sensitive_words cascade 
Hibernate: 
    drop table if exists signatures cascade 
Hibernate: 
    drop table if exists templates cascade 
Hibernate: 
    drop table if exists tenant_accounts cascade 
Hibernate: 
    drop table if exists tenant_api_keys cascade 
Hibernate: 
    drop table if exists tenant_protocol_credentials cascade 
Hibernate: 
    drop table if exists tenants cascade 
Hibernate: 
    drop table if exists users cascade 
Hibernate: 
    create table billing_records (
        billing_date date not null,
        quantity integer not null,
        unit_price numeric(38,2) not null,
        amount bigint not null,
        created_at timestamp(6),
        id bigint generated by default as identity,
        task_ref_id bigint not null,
        tenant_id bigint not null,
        billing_status enum ('CONFIRMED','RESERVED','REVERSED'),
        primary key (id)
    )
Hibernate: 
    create table blacklist_entries (
        created_at timestamp(6),
        effective_at timestamp default current_timestamp,
        expires_at timestamp(6),
        id bigint generated by default as identity,
        tenant_id bigint,
        masked_mobile varchar(32) default '***' not null,
        mobile_encrypted varbinary(255) not null,
        mobile_hash varchar(255) not null,
        reason varchar(255),
        list_type enum ('BLACK','WHITE') not null,
        source enum ('BATCH_IMPORT','COMPLAINT_LINKED','MANUAL','THIRD_PARTY_RISK','UNSUBSCRIBE_AUTO'),
        status enum ('ACTIVE','DISABLED'),
        primary key (id)
    )
Hibernate: 
    create table channels (
        max_connections integer not null,
        port integer,
        price numeric(38,2) not null,
        priority integer not null,
        tps_limit integer not null,
        window_size integer not null,
        configuration_version bigint not null,
        effective_version_id bigint,
        id bigint generated by default as identity,
        offline_at timestamp(6),
        paused_at timestamp(6),
        account_encrypted varbinary(255),
        active_window varchar(255),
        availability varchar(255) not null,
        channel_name varchar(255) not null,
        extra_config varchar(255),
        host varchar(255),
        offline_by varchar(255),
        password_encrypted varbinary(255),
        pause_reason varchar(255),
        paused_by varchar(255),
        service_id varchar(255),
        sp_id varchar(255),
        src_id varchar(255),
        operator enum ('INTERNATIONAL','MOBILE','TELECOM','UNICOM','VIRTUAL'),
        protocol enum ('CMPP','HTTP','SGIP','SMGP'),
        status enum ('ABNORMAL','MAINTENANCE','NORMAL','OFFLINE','PAUSED'),
        primary key (id)
    )
Hibernate: 
    create table complaint_ratio_stats (
        over_threshold boolean,
        ratio numeric(38,2),
        calculated_at timestamp(6),
        complaint_count bigint,
        dimension_id bigint not null,
        id bigint generated by default as identity,
        send_count bigint,
        data_quality varchar(255),
        source_registry varchar(255),
        stat_month varchar(255) not null,
        threshold_config_version varchar(255),
        dimension_type enum ('CHANNEL','TENANT') not null,
        primary key (id)
    )
Hibernate: 
    create table complaints (
        channel_id bigint,
        created_at timestamp(6),
        id bigint generated by default as identity,
        tenant_id bigint,
        message_id varchar(255),
        summary varchar(255),
        source enum ('OPERATOR','REGULATOR','USER_REPORT'),
        status enum ('CLOSED','PENDING','PROCESSED','PROCESSING'),
        primary key (id)
    )
Hibernate: 
    create table frequency_rules (
        limit_count integer not null,
        limit_window_seconds integer not null,
        created_at timestamp(6),
        hit_count bigint,
        id bigint generated by default as identity,
        scope_ref_id bigint,
        updated_at timestamp(6),
        rule_name varchar(255) not null,
        action enum ('ALERT','BLOCK','DELAY'),
        limit_type enum ('CONTENT_SIMILARITY','IP','MOBILE','TENANT_LEVEL') not null,
        scope enum ('API_KEY','GLOBAL','TENANT'),
        status enum ('ACTIVE','DISABLED'),
        primary key (id)
    )
Hibernate: 
    create table message_tasks (
        cost numeric(38,2),
        retry_count integer,
        version integer,
        channel_id bigint,
        created_at timestamp(6),
        deliver_time timestamp(6),
        id bigint generated by default as identity,
        send_time timestamp(6),
        signature_id bigint,
        submit_id bigint,
        template_id bigint,
        tenant_id bigint not null,
        mobile_hash varchar(64) not null,
        channel_msg_id varchar(255),
        content varchar(255) not null,
        error_code varchar(255),
        error_message varchar(255),
        message_id varchar(255) not null unique,
        mobile_encrypted varbinary(255) not null,
        send_status enum ('DELIVERED','FAILED','PENDING','SENT'),
        primary key (id)
    )
Hibernate: 
    create table route_rules (
        priority integer not null,
        id bigint generated by default as identity,
        target_channel_id bigint,
        tenant_id bigint,
        phone_prefix varchar(255),
        rule_name varchar(255) not null,
        operator enum ('INTERNATIONAL','MOBILE','TELECOM','UNICOM','VIRTUAL'),
        status enum ('ACTIVE','DISABLED'),
        primary key (id)
    )
Hibernate: 
    create table sensitive_words (
        created_at timestamp(6),
        hit_count bigint,
        id bigint generated by default as identity,
        scope_ref_id bigint,
        updated_at timestamp(6),
        replacement varchar(255),
        word varchar(255) not null,
        action enum ('ALERT','BLOCK','REPLACE'),
        category enum ('ADULT','FINANCIAL','ILLEGAL','MARKETING','OTHER','POLITICAL'),
        level enum ('HIGH','LOW','MEDIUM'),
        scope enum ('GLOBAL','PRODUCT','TENANT'),
        status enum ('ACTIVE','DISABLED'),
        primary key (id)
    )
Hibernate: 
    create table signatures (
        created_at timestamp(6),
        id bigint generated by default as identity,
        tenant_id bigint not null,
        audit_comment varchar(255),
        sign_code varchar(255) not null,
        sign_content varchar(255) not null,
        audit_status enum ('APPROVED','PENDING','REJECTED','SUPPLEMENT_REQUIRED'),
        risk_level enum ('HIGH','LOW','MEDIUM'),
        sign_type enum ('APP','ENTERPRISE','GOVERNMENT','INSTITUTION','TRADEMARK') not null,
        primary key (id)
    )
Hibernate: 
    create table templates (
        is_system_template boolean,
        version_no integer,
        audit_time timestamp(6),
        created_at timestamp(6),
        id bigint generated by default as identity,
        previous_template_id bigint,
        signature_id bigint not null,
        tenant_id bigint not null,
        usage_count bigint,
        audit_comment varchar(255),
        content varchar(255) not null,
        description varchar(255),
        param_check_rule varchar(255),
        template_code varchar(255) not null,
        template_name varchar(255) not null,
        variable_names varchar(255),
        audit_status enum ('AMENDMENT_REQUIRED','APPROVED','PENDING','REJECTED'),
        template_type enum ('MARKETING','NOTIFY','VERIFY') not null,
        primary key (id)
    )
Hibernate: 
    create table tenant_accounts (
        version integer,
        balance bigint not null,
        frozen_amount bigint not null,
        id bigint generated by default as identity,
        tenant_id bigint not null unique,
        status enum ('ARREARS_FROZEN','DISABLED','NORMAL'),
        primary key (id)
    )
Hibernate: 
    create table tenant_api_keys (
        rate_limit_per_day integer,
        rate_limit_per_hour integer,
        rate_limit_per_min integer,
        rate_limit_per_sec integer,
        expire_time timestamp(6),
        id bigint generated by default as identity,
        last_used_time timestamp(6),
        revoked_at timestamp(6),
        tenant_id bigint not null,
        app_key varchar(255) not null unique,
        app_secret_encrypted varbinary(255) not null,
        description varchar(255),
        ip_whitelist varchar(255),
        key_name varchar(255),
        status enum ('ACTIVE','DISABLED'),
        primary key (id)
    )
Hibernate: 
    create table tenant_protocol_credentials (
        endpoint_port integer,
        max_connections integer,
        tps_limit integer,
        window_size integer,
        id bigint generated by default as identity,
        revoked_at timestamp(6),
        tenant_id bigint not null,
        endpoint_host varchar(255),
        ip_whitelist varchar(255),
        protocol varchar(255),
        spid varchar(255),
        status varchar(255),
        primary key (id)
    )
Hibernate: 
    create table tenants (
        contract_signed_at date,
        customer_level integer,
        inspection_confidence float(53),
        license_valid_until date,
        trademark_use boolean default false not null,
        trial_quota integer,
        trial_quota_used integer,
        created_at timestamp(6),
        id bigint generated by default as identity,
        initial_admin_user_id bigint,
        inspection_completed_at timestamp(6),
        qualification_revision bigint default 0 not null,
        qualification_submitted_at timestamp(6),
        trial_end_at timestamp(6),
        trial_start_at timestamp(6),
        verification_time timestamp(6),
        verification_updated_at timestamp(6),
        inspection_credit_code varchar(18),
        registered_capital varchar(50),
        biz_manager varchar(64),
        industry varchar(64),
        inspection_company_name varchar(100),
        inspection_provider_request_id varchar(100),
        qualification_reason varchar(500),
        business_address varchar(255),
        business_license_url varchar(255),
        business_scope TEXT,
        contact_id_no_encrypted varbinary(255),
        contact_name varchar(255),
        contact_phone_encrypted varbinary(255),
        full_name varchar(255) not null,
        legal_rep_id_back_url varchar(255),
        legal_rep_id_front_url varchar(255),
        legal_rep_id_no_encrypted varbinary(255),
        legal_rep_name varchar(255),
        registered_address varchar(255),
        short_name varchar(255) not null,
        shortlink_domain_proof_url varchar(255),
        tenant_no varchar(255) not null unique,
        trademark_proof_url varchar(255),
        unified_social_credit_code varchar(255) not null unique,
        billing_mode enum ('POSTPAID','PREPAID'),
        inspection_status enum ('COMPLETED','FAILED','NOT_STARTED') default 'NOT_STARTED' not null,
        lifecycle_status enum ('FROZEN','SIGNED','SUBMITTED','TERMINATED','TRIAL','TRIAL_FROZEN'),
        verification_status enum ('PENDING','REJECTED','SUPPLEMENT_REQUIRED','UNVERIFIED','VERIFIED'),
        primary key (id)
    )
Hibernate: 
    create table users (
        failed_login_count integer,
        valid_until date,
        created_at timestamp(6),
        id bigint generated by default as identity,
        last_login_time timestamp(6),
        password_expire_time timestamp(6),
        tenant_id bigint,
        created_by varchar(255),
        email varchar(255),
        last_login_ip varchar(255),
        password_hash varchar(255) not null,
        phone_encrypted varbinary(255),
        real_name varchar(255),
        username varchar(255) not null unique,
        status enum ('ACTIVE','DISABLED','LOCKED'),
        user_type enum ('ADMIN','FINANCE','OPERATOR','TENANT_ADMIN','TENANT_DEV','TENANT_USER') not null,
        primary key (id)
    )
2026-09-10T23:48:53.126+08:00 INFO  o.s.o.jpa.LocalContainerEntityManagerFactoryBean - Initialized JPA EntityManagerFactory for persistence unit 'default'
2026-09-10T23:48:53.231+08:00 INFO  c.y.s.c.s.a.PlatformAccountServiceTransactionTest - Started PlatformAccountServiceTransactionTest in 0.307 seconds (process running for 28.404)
Hibernate: 
    select
        u1_0.id,
        u1_0.created_at,
        u1_0.created_by,
        u1_0.email,
        u1_0.failed_login_count,
        u1_0.last_login_ip,
        u1_0.last_login_time,
        u1_0.password_expire_time,
        u1_0.password_hash,
        u1_0.phone_encrypted,
        u1_0.real_name,
        u1_0.status,
        u1_0.tenant_id,
        u1_0.user_type,
        u1_0.username,
        u1_0.valid_until 
    from
        users u1_0
Hibernate: 
    select
        u1_0.id,
        u1_0.created_at,
        u1_0.created_by,
        u1_0.email,
        u1_0.failed_login_count,
        u1_0.last_login_ip,
        u1_0.last_login_time,
        u1_0.password_expire_time,
        u1_0.password_hash,
        u1_0.phone_encrypted,
        u1_0.real_name,
        u1_0.status,
        u1_0.tenant_id,
        u1_0.user_type,
        u1_0.username,
        u1_0.valid_until 
    from
        users u1_0 
    where
        u1_0.username=?
Hibernate: 
    insert 
    into
        users
        (created_at, created_by, email, failed_login_count, last_login_ip, last_login_time, password_expire_time, password_hash, phone_encrypted, real_name, status, tenant_id, user_type, username, valid_until, id) 
    values
        (?, ?, ?, ?, ?, ?, ?, ?, ?, ?, ?, ?, ?, ?, ?, default)
Hibernate: 
    select
        count(*) 
    from
        users u1_0
[INFO] Tests run: 1, Failures: 0, Errors: 0, Skipped: 0, Time elapsed: 0.336 s -- in com.ycsopen.sms.core.service.account.PlatformAccountServiceTransactionTest
[INFO] Running com.ycsopen.sms.core.service.account.RoleAdministrationServiceJdbcTest
[INFO] Tests run: 7, Failures: 0, Errors: 0, Skipped: 0, Time elapsed: 0.012 s -- in com.ycsopen.sms.core.service.account.RoleAdministrationServiceJdbcTest
[INFO] Running com.ycsopen.sms.core.service.account.PrivilegedDataServiceTest
[INFO] Tests run: 2, Failures: 0, Errors: 0, Skipped: 0, Time elapsed: 0.003 s -- in com.ycsopen.sms.core.service.account.PrivilegedDataServiceTest
[INFO] Running com.ycsopen.sms.core.service.account.LoginHistoryServiceTest
[INFO] Tests run: 1, Failures: 0, Errors: 0, Skipped: 0, Time elapsed: 0.002 s -- in com.ycsopen.sms.core.service.account.LoginHistoryServiceTest
[INFO] Running com.ycsopen.sms.core.service.account.IdentitySessionServiceTest
[INFO] Tests run: 2, Failures: 0, Errors: 0, Skipped: 0, Time elapsed: 0.001 s -- in com.ycsopen.sms.core.service.account.IdentitySessionServiceTest
[INFO] Running com.ycsopen.sms.core.service.account.LoginAnomalyServiceTest
[INFO] Tests run: 1, Failures: 0, Errors: 0, Skipped: 0, Time elapsed: 0.001 s -- in com.ycsopen.sms.core.service.account.LoginAnomalyServiceTest
[INFO] Running com.ycsopen.sms.core.service.account.PlatformAccountServiceTest
[INFO] Tests run: 7, Failures: 0, Errors: 0, Skipped: 0, Time elapsed: 0.012 s -- in com.ycsopen.sms.core.service.account.PlatformAccountServiceTest
[INFO] Running com.ycsopen.sms.core.service.account.RoleAdministrationServiceTest
[INFO] Tests run: 3, Failures: 0, Errors: 0, Skipped: 0, Time elapsed: 0.002 s -- in com.ycsopen.sms.core.service.account.RoleAdministrationServiceTest
[INFO] Running com.ycsopen.sms.core.service.account.PlatformAccountPhoneStoreTest
2026-09-10T23:48:53.276+08:00 INFO  o.s.t.c.s.AnnotationConfigContextLoaderUtils - Could not detect default configuration classes for test class [com.ycsopen.sms.core.service.account.PlatformAccountPhoneStoreTest]: PlatformAccountPhoneStoreTest does not declare any static, non-private, non-final, nested classes annotated with @Configuration.
2026-09-10T23:48:53.278+08:00 INFO  o.s.b.t.c.SpringBootTestContextBootstrapper - Found @SpringBootConfiguration com.ycsopen.sms.core.YcsopenSmsCoreApplication for test class com.ycsopen.sms.core.service.account.PlatformAccountPhoneStoreTest

  .   ____          _            __ _ _
 /\\ / ___'_ __ _ _(_)_ __  __ _ \ \ \ \
( ( )\___ | '_ | '_| | '_ \/ _` | \ \ \ \
 \\/  ___)| |_)| | | | | || (_| |  ) ) ) )
  '  |____| .__|_| |_|_| |_\__, | / / / /
 =========|_|==============|___/=/_/_/_/

 :: Spring Boot ::                (v3.3.4)

2026-09-10T23:48:53.288+08:00 INFO  c.y.s.c.s.account.PlatformAccountPhoneStoreTest - Starting PlatformAccountPhoneStoreTest using Java 21.0.10 with PID 56038 (started by laosanzheong in /Users/laosanzheong/Documents/codebases/ycsopen-sms/core)
2026-09-10T23:48:53.288+08:00 DEBUG c.y.s.c.s.account.PlatformAccountPhoneStoreTest - Running with Spring Boot v3.3.4, Spring v6.1.13
2026-09-10T23:48:53.288+08:00 INFO  c.y.s.c.s.account.PlatformAccountPhoneStoreTest - The following 1 profile is active: "dev"
2026-09-10T23:48:53.414+08:00 INFO  o.s.b.t.a.j.TestDatabaseAutoConfiguration$EmbeddedDataSourceBeanFactoryPostProcessor - Replacing 'dataSource' DataSource bean with embedded version
2026-09-10T23:48:53.423+08:00 INFO  o.s.j.d.embedded.EmbeddedDatabaseFactory - Starting embedded database: url='jdbc:h2:mem:1b4a51d6-3165-4924-af71-0d1290712161;DB_CLOSE_DELAY=-1;DB_CLOSE_ON_EXIT=false', username='sa'
2026-09-10T23:48:53.432+08:00 INFO  c.y.s.c.s.account.PlatformAccountPhoneStoreTest - Started PlatformAccountPhoneStoreTest in 0.154 seconds (process running for 28.605)
[INFO] Tests run: 1, Failures: 0, Errors: 0, Skipped: 0, Time elapsed: 0.163 s -- in com.ycsopen.sms.core.service.account.PlatformAccountPhoneStoreTest
[INFO] Running com.ycsopen.sms.core.service.account.RoleAdministrationServiceTransactionTest
2026-09-10T23:48:53.439+08:00 INFO  o.s.t.c.s.AnnotationConfigContextLoaderUtils - Could not detect default configuration classes for test class [com.ycsopen.sms.core.service.account.RoleAdministrationServiceTransactionTest]: RoleAdministrationServiceTransactionTest does not declare any static, non-private, non-final, nested classes annotated with @Configuration.
2026-09-10T23:48:53.440+08:00 INFO  o.s.b.t.c.SpringBootTestContextBootstrapper - Found @SpringBootConfiguration com.ycsopen.sms.core.YcsopenSmsCoreApplication for test class com.ycsopen.sms.core.service.account.RoleAdministrationServiceTransactionTest

  .   ____          _            __ _ _
 /\\ / ___'_ __ _ _(_)_ __  __ _ \ \ \ \
( ( )\___ | '_ | '_| | '_ \/ _` | \ \ \ \
 \\/  ___)| |_)| | | | | || (_| |  ) ) ) )
  '  |____| .__|_| |_|_| |_\__, | / / / /
 =========|_|==============|___/=/_/_/_/

 :: Spring Boot ::                (v3.3.4)

2026-09-10T23:48:53.446+08:00 INFO  c.y.s.c.s.a.RoleAdministrationServiceTransactionTest - Starting RoleAdministrationServiceTransactionTest using Java 21.0.10 with PID 56038 (started by laosanzheong in /Users/laosanzheong/Documents/codebases/ycsopen-sms/core)
2026-09-10T23:48:53.447+08:00 DEBUG c.y.s.c.s.a.RoleAdministrationServiceTransactionTest - Running with Spring Boot v3.3.4, Spring v6.1.13
2026-09-10T23:48:53.447+08:00 INFO  c.y.s.c.s.a.RoleAdministrationServiceTransactionTest - The following 1 profile is active: "dev"
2026-09-10T23:48:53.538+08:00 INFO  o.s.b.t.a.j.TestDatabaseAutoConfiguration$EmbeddedDataSourceBeanFactoryPostProcessor - Replacing 'dataSource' DataSource bean with embedded version
2026-09-10T23:48:53.540+08:00 INFO  o.s.j.d.embedded.EmbeddedDatabaseFactory - Starting embedded database: url='jdbc:h2:mem:7f795119-24c8-4e30-83b1-71f5a5ec8602;DB_CLOSE_DELAY=-1;DB_CLOSE_ON_EXIT=false', username='sa'
2026-09-10T23:48:53.543+08:00 INFO  c.y.s.c.s.a.RoleAdministrationServiceTransactionTest - Started RoleAdministrationServiceTransactionTest in 0.102 seconds (process running for 28.717)
[INFO] Tests run: 2, Failures: 0, Errors: 0, Skipped: 0, Time elapsed: 0.319 s -- in com.ycsopen.sms.core.service.account.RoleAdministrationServiceTransactionTest
[INFO] Running com.ycsopen.sms.core.service.account.AccountStateServiceTest
[INFO] Tests run: 1, Failures: 0, Errors: 0, Skipped: 0, Time elapsed: 0.002 s -- in com.ycsopen.sms.core.service.account.AccountStateServiceTest
[INFO] Running com.ycsopen.sms.core.service.account.AuthServiceTest
[INFO] Tests run: 7, Failures: 0, Errors: 0, Skipped: 0, Time elapsed: 0.147 s -- in com.ycsopen.sms.core.service.account.AuthServiceTest
[INFO] Running com.ycsopen.sms.core.service.account.AuthServiceTransactionTest
2026-09-10T23:48:53.910+08:00 INFO  o.s.b.t.c.SpringBootTestContextBootstrapper - Found @SpringBootConfiguration com.ycsopen.sms.core.YcsopenSmsCoreApplication for test class com.ycsopen.sms.core.service.account.AuthServiceTransactionTest

  .   ____          _            __ _ _
 /\\ / ___'_ __ _ _(_)_ __  __ _ \ \ \ \
( ( )\___ | '_ | '_| | '_ \/ _` | \ \ \ \
 \\/  ___)| |_)| | | | | || (_| |  ) ) ) )
  '  |____| .__|_| |_|_| |_\__, | / / / /
 =========|_|==============|___/=/_/_/_/

 :: Spring Boot ::                (v3.3.4)

2026-09-10T23:48:53.916+08:00 INFO  c.y.s.c.s.account.AuthServiceTransactionTest - Starting AuthServiceTransactionTest using Java 21.0.10 with PID 56038 (started by laosanzheong in /Users/laosanzheong/Documents/codebases/ycsopen-sms/core)
2026-09-10T23:48:53.917+08:00 DEBUG c.y.s.c.s.account.AuthServiceTransactionTest - Running with Spring Boot v3.3.4, Spring v6.1.13
2026-09-10T23:48:53.917+08:00 INFO  c.y.s.c.s.account.AuthServiceTransactionTest - The following 1 profile is active: "dev"
2026-09-10T23:48:54.004+08:00 INFO  o.s.d.r.config.RepositoryConfigurationDelegate - Multiple Spring Data modules found, entering strict repository configuration mode
2026-09-10T23:48:54.004+08:00 INFO  o.s.d.r.config.RepositoryConfigurationDelegate - Bootstrapping Spring Data JPA repositories in DEFAULT mode.
2026-09-10T23:48:54.028+08:00 INFO  o.s.d.r.config.RepositoryConfigurationDelegate - Finished Spring Data repository scanning in 24 ms. Found 16 JPA repository interfaces.
2026-09-10T23:48:54.031+08:00 INFO  o.s.b.t.a.j.TestDatabaseAutoConfiguration$EmbeddedDataSourceBeanFactoryPostProcessor - Replacing 'dataSource' DataSource bean with embedded version
2026-09-10T23:48:54.038+08:00 INFO  o.s.j.d.embedded.EmbeddedDatabaseFactory - Starting embedded database: url='jdbc:h2:mem:9292bf48-783e-4ff9-8381-07d8e51bf236;DB_CLOSE_DELAY=-1;DB_CLOSE_ON_EXIT=false', username='sa'
2026-09-10T23:48:54.050+08:00 INFO  org.hibernate.jpa.internal.util.LogHelper - HHH000204: Processing PersistenceUnitInfo [name: default]
2026-09-10T23:48:54.051+08:00 INFO  o.h.cache.internal.RegionFactoryInitiator - HHH000026: Second-level cache disabled
2026-09-10T23:48:54.053+08:00 INFO  o.s.o.j.p.SpringPersistenceUnitInfo - No LoadTimeWeaver setup: ignoring JPA class transformer
2026-09-10T23:48:54.103+08:00 INFO  o.h.e.t.j.platform.internal.JtaPlatformInitiator - HHH000489: No JTA platform available (set 'hibernate.transaction.jta.platform' to enable JTA platform integration)
Hibernate: 
    drop table if exists billing_records cascade 
Hibernate: 
    drop table if exists blacklist_entries cascade 
Hibernate: 
    drop table if exists channels cascade 
Hibernate: 
    drop table if exists complaint_ratio_stats cascade 
Hibernate: 
    drop table if exists complaints cascade 
Hibernate: 
    drop table if exists frequency_rules cascade 
Hibernate: 
    drop table if exists message_tasks cascade 
Hibernate: 
    drop table if exists route_rules cascade 
Hibernate: 
    drop table if exists sensitive_words cascade 
Hibernate: 
    drop table if exists signatures cascade 
Hibernate: 
    drop table if exists templates cascade 
Hibernate: 
    drop table if exists tenant_accounts cascade 
Hibernate: 
    drop table if exists tenant_api_keys cascade 
Hibernate: 
    drop table if exists tenant_protocol_credentials cascade 
Hibernate: 
    drop table if exists tenants cascade 
Hibernate: 
    drop table if exists users cascade 
Hibernate: 
    create table billing_records (
        billing_date date not null,
        quantity integer not null,
        unit_price numeric(38,2) not null,
        amount bigint not null,
        created_at timestamp(6),
        id bigint generated by default as identity,
        task_ref_id bigint not null,
        tenant_id bigint not null,
        billing_status enum ('CONFIRMED','RESERVED','REVERSED'),
        primary key (id)
    )
Hibernate: 
    create table blacklist_entries (
        created_at timestamp(6),
        effective_at timestamp default current_timestamp,
        expires_at timestamp(6),
        id bigint generated by default as identity,
        tenant_id bigint,
        masked_mobile varchar(32) default '***' not null,
        mobile_encrypted varbinary(255) not null,
        mobile_hash varchar(255) not null,
        reason varchar(255),
        list_type enum ('BLACK','WHITE') not null,
        source enum ('BATCH_IMPORT','COMPLAINT_LINKED','MANUAL','THIRD_PARTY_RISK','UNSUBSCRIBE_AUTO'),
        status enum ('ACTIVE','DISABLED'),
        primary key (id)
    )
Hibernate: 
    create table channels (
        max_connections integer not null,
        port integer,
        price numeric(38,2) not null,
        priority integer not null,
        tps_limit integer not null,
        window_size integer not null,
        configuration_version bigint not null,
        effective_version_id bigint,
        id bigint generated by default as identity,
        offline_at timestamp(6),
        paused_at timestamp(6),
        account_encrypted varbinary(255),
        active_window varchar(255),
        availability varchar(255) not null,
        channel_name varchar(255) not null,
        extra_config varchar(255),
        host varchar(255),
        offline_by varchar(255),
        password_encrypted varbinary(255),
        pause_reason varchar(255),
        paused_by varchar(255),
        service_id varchar(255),
        sp_id varchar(255),
        src_id varchar(255),
        operator enum ('INTERNATIONAL','MOBILE','TELECOM','UNICOM','VIRTUAL'),
        protocol enum ('CMPP','HTTP','SGIP','SMGP'),
        status enum ('ABNORMAL','MAINTENANCE','NORMAL','OFFLINE','PAUSED'),
        primary key (id)
    )
Hibernate: 
    create table complaint_ratio_stats (
        over_threshold boolean,
        ratio numeric(38,2),
        calculated_at timestamp(6),
        complaint_count bigint,
        dimension_id bigint not null,
        id bigint generated by default as identity,
        send_count bigint,
        data_quality varchar(255),
        source_registry varchar(255),
        stat_month varchar(255) not null,
        threshold_config_version varchar(255),
        dimension_type enum ('CHANNEL','TENANT') not null,
        primary key (id)
    )
Hibernate: 
    create table complaints (
        channel_id bigint,
        created_at timestamp(6),
        id bigint generated by default as identity,
        tenant_id bigint,
        message_id varchar(255),
        summary varchar(255),
        source enum ('OPERATOR','REGULATOR','USER_REPORT'),
        status enum ('CLOSED','PENDING','PROCESSED','PROCESSING'),
        primary key (id)
    )
Hibernate: 
    create table frequency_rules (
        limit_count integer not null,
        limit_window_seconds integer not null,
        created_at timestamp(6),
        hit_count bigint,
        id bigint generated by default as identity,
        scope_ref_id bigint,
        updated_at timestamp(6),
        rule_name varchar(255) not null,
        action enum ('ALERT','BLOCK','DELAY'),
        limit_type enum ('CONTENT_SIMILARITY','IP','MOBILE','TENANT_LEVEL') not null,
        scope enum ('API_KEY','GLOBAL','TENANT'),
        status enum ('ACTIVE','DISABLED'),
        primary key (id)
    )
Hibernate: 
    create table message_tasks (
        cost numeric(38,2),
        retry_count integer,
        version integer,
        channel_id bigint,
        created_at timestamp(6),
        deliver_time timestamp(6),
        id bigint generated by default as identity,
        send_time timestamp(6),
        signature_id bigint,
        submit_id bigint,
        template_id bigint,
        tenant_id bigint not null,
        mobile_hash varchar(64) not null,
        channel_msg_id varchar(255),
        content varchar(255) not null,
        error_code varchar(255),
        error_message varchar(255),
        message_id varchar(255) not null unique,
        mobile_encrypted varbinary(255) not null,
        send_status enum ('DELIVERED','FAILED','PENDING','SENT'),
        primary key (id)
    )
Hibernate: 
    create table route_rules (
        priority integer not null,
        id bigint generated by default as identity,
        target_channel_id bigint,
        tenant_id bigint,
        phone_prefix varchar(255),
        rule_name varchar(255) not null,
        operator enum ('INTERNATIONAL','MOBILE','TELECOM','UNICOM','VIRTUAL'),
        status enum ('ACTIVE','DISABLED'),
        primary key (id)
    )
Hibernate: 
    create table sensitive_words (
        created_at timestamp(6),
        hit_count bigint,
        id bigint generated by default as identity,
        scope_ref_id bigint,
        updated_at timestamp(6),
        replacement varchar(255),
        word varchar(255) not null,
        action enum ('ALERT','BLOCK','REPLACE'),
        category enum ('ADULT','FINANCIAL','ILLEGAL','MARKETING','OTHER','POLITICAL'),
        level enum ('HIGH','LOW','MEDIUM'),
        scope enum ('GLOBAL','PRODUCT','TENANT'),
        status enum ('ACTIVE','DISABLED'),
        primary key (id)
    )
Hibernate: 
    create table signatures (
        created_at timestamp(6),
        id bigint generated by default as identity,
        tenant_id bigint not null,
        audit_comment varchar(255),
        sign_code varchar(255) not null,
        sign_content varchar(255) not null,
        audit_status enum ('APPROVED','PENDING','REJECTED','SUPPLEMENT_REQUIRED'),
        risk_level enum ('HIGH','LOW','MEDIUM'),
        sign_type enum ('APP','ENTERPRISE','GOVERNMENT','INSTITUTION','TRADEMARK') not null,
        primary key (id)
    )
Hibernate: 
    create table templates (
        is_system_template boolean,
        version_no integer,
        audit_time timestamp(6),
        created_at timestamp(6),
        id bigint generated by default as identity,
        previous_template_id bigint,
        signature_id bigint not null,
        tenant_id bigint not null,
        usage_count bigint,
        audit_comment varchar(255),
        content varchar(255) not null,
        description varchar(255),
        param_check_rule varchar(255),
        template_code varchar(255) not null,
        template_name varchar(255) not null,
        variable_names varchar(255),
        audit_status enum ('AMENDMENT_REQUIRED','APPROVED','PENDING','REJECTED'),
        template_type enum ('MARKETING','NOTIFY','VERIFY') not null,
        primary key (id)
    )
Hibernate: 
    create table tenant_accounts (
        version integer,
        balance bigint not null,
        frozen_amount bigint not null,
        id bigint generated by default as identity,
        tenant_id bigint not null unique,
        status enum ('ARREARS_FROZEN','DISABLED','NORMAL'),
        primary key (id)
    )
Hibernate: 
    create table tenant_api_keys (
        rate_limit_per_day integer,
        rate_limit_per_hour integer,
        rate_limit_per_min integer,
        rate_limit_per_sec integer,
        expire_time timestamp(6),
        id bigint generated by default as identity,
        last_used_time timestamp(6),
        revoked_at timestamp(6),
        tenant_id bigint not null,
        app_key varchar(255) not null unique,
        app_secret_encrypted varbinary(255) not null,
        description varchar(255),
        ip_whitelist varchar(255),
        key_name varchar(255),
        status enum ('ACTIVE','DISABLED'),
        primary key (id)
    )
Hibernate: 
    create table tenant_protocol_credentials (
        endpoint_port integer,
        max_connections integer,
        tps_limit integer,
        window_size integer,
        id bigint generated by default as identity,
        revoked_at timestamp(6),
        tenant_id bigint not null,
        endpoint_host varchar(255),
        ip_whitelist varchar(255),
        protocol varchar(255),
        spid varchar(255),
        status varchar(255),
        primary key (id)
    )
Hibernate: 
    create table tenants (
        contract_signed_at date,
        customer_level integer,
        inspection_confidence float(53),
        license_valid_until date,
        trademark_use boolean default false not null,
        trial_quota integer,
        trial_quota_used integer,
        created_at timestamp(6),
        id bigint generated by default as identity,
        initial_admin_user_id bigint,
        inspection_completed_at timestamp(6),
        qualification_revision bigint default 0 not null,
        qualification_submitted_at timestamp(6),
        trial_end_at timestamp(6),
        trial_start_at timestamp(6),
        verification_time timestamp(6),
        verification_updated_at timestamp(6),
        inspection_credit_code varchar(18),
        registered_capital varchar(50),
        biz_manager varchar(64),
        industry varchar(64),
        inspection_company_name varchar(100),
        inspection_provider_request_id varchar(100),
        qualification_reason varchar(500),
        business_address varchar(255),
        business_license_url varchar(255),
        business_scope TEXT,
        contact_id_no_encrypted varbinary(255),
        contact_name varchar(255),
        contact_phone_encrypted varbinary(255),
        full_name varchar(255) not null,
        legal_rep_id_back_url varchar(255),
        legal_rep_id_front_url varchar(255),
        legal_rep_id_no_encrypted varbinary(255),
        legal_rep_name varchar(255),
        registered_address varchar(255),
        short_name varchar(255) not null,
        shortlink_domain_proof_url varchar(255),
        tenant_no varchar(255) not null unique,
        trademark_proof_url varchar(255),
        unified_social_credit_code varchar(255) not null unique,
        billing_mode enum ('POSTPAID','PREPAID'),
        inspection_status enum ('COMPLETED','FAILED','NOT_STARTED') default 'NOT_STARTED' not null,
        lifecycle_status enum ('FROZEN','SIGNED','SUBMITTED','TERMINATED','TRIAL','TRIAL_FROZEN'),
        verification_status enum ('PENDING','REJECTED','SUPPLEMENT_REQUIRED','UNVERIFIED','VERIFIED'),
        primary key (id)
    )
Hibernate: 
    create table users (
        failed_login_count integer,
        valid_until date,
        created_at timestamp(6),
        id bigint generated by default as identity,
        last_login_time timestamp(6),
        password_expire_time timestamp(6),
        tenant_id bigint,
        created_by varchar(255),
        email varchar(255),
        last_login_ip varchar(255),
        password_hash varchar(255) not null,
        phone_encrypted varbinary(255),
        real_name varchar(255),
        username varchar(255) not null unique,
        status enum ('ACTIVE','DISABLED','LOCKED'),
        user_type enum ('ADMIN','FINANCE','OPERATOR','TENANT_ADMIN','TENANT_DEV','TENANT_USER') not null,
        primary key (id)
    )
2026-09-10T23:48:54.105+08:00 INFO  o.s.o.jpa.LocalContainerEntityManagerFactoryBean - Initialized JPA EntityManagerFactory for persistence unit 'default'
2026-09-10T23:48:54.145+08:00 INFO  c.y.s.c.s.account.AuthServiceTransactionTest - Started AuthServiceTransactionTest in 0.234 seconds (process running for 29.318)
Hibernate: 
    select
        u1_0.id,
        u1_0.created_at,
        u1_0.created_by,
        u1_0.email,
        u1_0.failed_login_count,
        u1_0.last_login_ip,
        u1_0.last_login_time,
        u1_0.password_expire_time,
        u1_0.password_hash,
        u1_0.phone_encrypted,
        u1_0.real_name,
        u1_0.status,
        u1_0.tenant_id,
        u1_0.user_type,
        u1_0.username,
        u1_0.valid_until 
    from
        users u1_0
Hibernate: 
    insert 
    into
        users
        (created_at, created_by, email, failed_login_count, last_login_ip, last_login_time, password_expire_time, password_hash, phone_encrypted, real_name, status, tenant_id, user_type, username, valid_until, id) 
    values
        (?, ?, ?, ?, ?, ?, ?, ?, ?, ?, ?, ?, ?, ?, ?, default)
Hibernate: 
    select
        u1_0.id,
        u1_0.created_at,
        u1_0.created_by,
        u1_0.email,
        u1_0.failed_login_count,
        u1_0.last_login_ip,
        u1_0.last_login_time,
        u1_0.password_expire_time,
        u1_0.password_hash,
        u1_0.phone_encrypted,
        u1_0.real_name,
        u1_0.status,
        u1_0.tenant_id,
        u1_0.user_type,
        u1_0.username,
        u1_0.valid_until 
    from
        users u1_0 
    where
        u1_0.username=? for update
Hibernate: 
    update
        users 
    set
        created_at=?,
        created_by=?,
        email=?,
        failed_login_count=?,
        last_login_ip=?,
        last_login_time=?,
        password_expire_time=?,
        password_hash=?,
        phone_encrypted=?,
        real_name=?,
        status=?,
        tenant_id=?,
        user_type=?,
        username=?,
        valid_until=? 
    where
        id=?
Hibernate: 
    select
        u1_0.id,
        u1_0.created_at,
        u1_0.created_by,
        u1_0.email,
        u1_0.failed_login_count,
        u1_0.last_login_ip,
        u1_0.last_login_time,
        u1_0.password_expire_time,
        u1_0.password_hash,
        u1_0.phone_encrypted,
        u1_0.real_name,
        u1_0.status,
        u1_0.tenant_id,
        u1_0.user_type,
        u1_0.username,
        u1_0.valid_until 
    from
        users u1_0 
    where
        u1_0.username=? for update
Hibernate: 
    update
        users 
    set
        created_at=?,
        created_by=?,
        email=?,
        failed_login_count=?,
        last_login_ip=?,
        last_login_time=?,
        password_expire_time=?,
        password_hash=?,
        phone_encrypted=?,
        real_name=?,
        status=?,
        tenant_id=?,
        user_type=?,
        username=?,
        valid_until=? 
    where
        id=?
Hibernate: 
    select
        u1_0.id,
        u1_0.created_at,
        u1_0.created_by,
        u1_0.email,
        u1_0.failed_login_count,
        u1_0.last_login_ip,
        u1_0.last_login_time,
        u1_0.password_expire_time,
        u1_0.password_hash,
        u1_0.phone_encrypted,
        u1_0.real_name,
        u1_0.status,
        u1_0.tenant_id,
        u1_0.user_type,
        u1_0.username,
        u1_0.valid_until 
    from
        users u1_0 
    where
        u1_0.username=? for update
Hibernate: 
    update
        users 
    set
        created_at=?,
        created_by=?,
        email=?,
        failed_login_count=?,
        last_login_ip=?,
        last_login_time=?,
        password_expire_time=?,
        password_hash=?,
        phone_encrypted=?,
        real_name=?,
        status=?,
        tenant_id=?,
        user_type=?,
        username=?,
        valid_until=? 
    where
        id=?
Hibernate: 
    select
        u1_0.id,
        u1_0.created_at,
        u1_0.created_by,
        u1_0.email,
        u1_0.failed_login_count,
        u1_0.last_login_ip,
        u1_0.last_login_time,
        u1_0.password_expire_time,
        u1_0.password_hash,
        u1_0.phone_encrypted,
        u1_0.real_name,
        u1_0.status,
        u1_0.tenant_id,
        u1_0.user_type,
        u1_0.username,
        u1_0.valid_until 
    from
        users u1_0 
    where
        u1_0.username=? for update
Hibernate: 
    update
        users 
    set
        created_at=?,
        created_by=?,
        email=?,
        failed_login_count=?,
        last_login_ip=?,
        last_login_time=?,
        password_expire_time=?,
        password_hash=?,
        phone_encrypted=?,
        real_name=?,
        status=?,
        tenant_id=?,
        user_type=?,
        username=?,
        valid_until=? 
    where
        id=?
Hibernate: 
    select
        u1_0.id,
        u1_0.created_at,
        u1_0.created_by,
        u1_0.email,
        u1_0.failed_login_count,
        u1_0.last_login_ip,
        u1_0.last_login_time,
        u1_0.password_expire_time,
        u1_0.password_hash,
        u1_0.phone_encrypted,
        u1_0.real_name,
        u1_0.status,
        u1_0.tenant_id,
        u1_0.user_type,
        u1_0.username,
        u1_0.valid_until 
    from
        users u1_0 
    where
        u1_0.username=? for update
Hibernate: 
    update
        users 
    set
        created_at=?,
        created_by=?,
        email=?,
        failed_login_count=?,
        last_login_ip=?,
        last_login_time=?,
        password_expire_time=?,
        password_hash=?,
        phone_encrypted=?,
        real_name=?,
        status=?,
        tenant_id=?,
        user_type=?,
        username=?,
        valid_until=? 
    where
        id=?
Hibernate: 
    select
        u1_0.id,
        u1_0.created_at,
        u1_0.created_by,
        u1_0.email,
        u1_0.failed_login_count,
        u1_0.last_login_ip,
        u1_0.last_login_time,
        u1_0.password_expire_time,
        u1_0.password_hash,
        u1_0.phone_encrypted,
        u1_0.real_name,
        u1_0.status,
        u1_0.tenant_id,
        u1_0.user_type,
        u1_0.username,
        u1_0.valid_until 
    from
        users u1_0 
    where
        u1_0.username=?
Hibernate: 
    select
        u1_0.id,
        u1_0.created_at,
        u1_0.created_by,
        u1_0.email,
        u1_0.failed_login_count,
        u1_0.last_login_ip,
        u1_0.last_login_time,
        u1_0.password_expire_time,
        u1_0.password_hash,
        u1_0.phone_encrypted,
        u1_0.real_name,
        u1_0.status,
        u1_0.tenant_id,
        u1_0.user_type,
        u1_0.username,
        u1_0.valid_until 
    from
        users u1_0
Hibernate: 
    delete 
    from
        users 
    where
        id=?
Hibernate: 
    insert 
    into
        users
        (created_at, created_by, email, failed_login_count, last_login_ip, last_login_time, password_expire_time, password_hash, phone_encrypted, real_name, status, tenant_id, user_type, username, valid_until, id) 
    values
        (?, ?, ?, ?, ?, ?, ?, ?, ?, ?, ?, ?, ?, ?, ?, default)
Hibernate: 
    select
        u1_0.id,
        u1_0.created_at,
        u1_0.created_by,
        u1_0.email,
        u1_0.failed_login_count,
        u1_0.last_login_ip,
        u1_0.last_login_time,
        u1_0.password_expire_time,
        u1_0.password_hash,
        u1_0.phone_encrypted,
        u1_0.real_name,
        u1_0.status,
        u1_0.tenant_id,
        u1_0.user_type,
        u1_0.username,
        u1_0.valid_until 
    from
        users u1_0 
    where
        u1_0.username=? for update
Hibernate: 
    select
        u1_0.id,
        u1_0.created_at,
        u1_0.created_by,
        u1_0.email,
        u1_0.failed_login_count,
        u1_0.last_login_ip,
        u1_0.last_login_time,
        u1_0.password_expire_time,
        u1_0.password_hash,
        u1_0.phone_encrypted,
        u1_0.real_name,
        u1_0.status,
        u1_0.tenant_id,
        u1_0.user_type,
        u1_0.username,
        u1_0.valid_until 
    from
        users u1_0 
    where
        u1_0.username=? for update
Hibernate: 
    select
        u1_0.id,
        u1_0.created_at,
        u1_0.created_by,
        u1_0.email,
        u1_0.failed_login_count,
        u1_0.last_login_ip,
        u1_0.last_login_time,
        u1_0.password_expire_time,
        u1_0.password_hash,
        u1_0.phone_encrypted,
        u1_0.real_name,
        u1_0.status,
        u1_0.tenant_id,
        u1_0.user_type,
        u1_0.username,
        u1_0.valid_until 
    from
        users u1_0 
    where
        u1_0.username=? for update
Hibernate: 
    select
        u1_0.id,
        u1_0.created_at,
        u1_0.created_by,
        u1_0.email,
        u1_0.failed_login_count,
        u1_0.last_login_ip,
        u1_0.last_login_time,
        u1_0.password_expire_time,
        u1_0.password_hash,
        u1_0.phone_encrypted,
        u1_0.real_name,
        u1_0.status,
        u1_0.tenant_id,
        u1_0.user_type,
        u1_0.username,
        u1_0.valid_until 
    from
        users u1_0 
    where
        u1_0.username=? for update
Hibernate: 
    select
        u1_0.id,
        u1_0.created_at,
        u1_0.created_by,
        u1_0.email,
        u1_0.failed_login_count,
        u1_0.last_login_ip,
        u1_0.last_login_time,
        u1_0.password_expire_time,
        u1_0.password_hash,
        u1_0.phone_encrypted,
        u1_0.real_name,
        u1_0.status,
        u1_0.tenant_id,
        u1_0.user_type,
        u1_0.username,
        u1_0.valid_until 
    from
        users u1_0 
    where
        u1_0.username=? for update
Hibernate: 
    update
        users 
    set
        created_at=?,
        created_by=?,
        email=?,
        failed_login_count=?,
        last_login_ip=?,
        last_login_time=?,
        password_expire_time=?,
        password_hash=?,
        phone_encrypted=?,
        real_name=?,
        status=?,
        tenant_id=?,
        user_type=?,
        username=?,
        valid_until=? 
    where
        id=?
Hibernate: 
    update
        users 
    set
        created_at=?,
        created_by=?,
        email=?,
        failed_login_count=?,
        last_login_ip=?,
        last_login_time=?,
        password_expire_time=?,
        password_hash=?,
        phone_encrypted=?,
        real_name=?,
        status=?,
        tenant_id=?,
        user_type=?,
        username=?,
        valid_until=? 
    where
        id=?
Hibernate: 
    update
        users 
    set
        created_at=?,
        created_by=?,
        email=?,
        failed_login_count=?,
        last_login_ip=?,
        last_login_time=?,
        password_expire_time=?,
        password_hash=?,
        phone_encrypted=?,
        real_name=?,
        status=?,
        tenant_id=?,
        user_type=?,
        username=?,
        valid_until=? 
    where
        id=?
Hibernate: 
    update
        users 
    set
        created_at=?,
        created_by=?,
        email=?,
        failed_login_count=?,
        last_login_ip=?,
        last_login_time=?,
        password_expire_time=?,
        password_hash=?,
        phone_encrypted=?,
        real_name=?,
        status=?,
        tenant_id=?,
        user_type=?,
        username=?,
        valid_until=? 
    where
        id=?
Hibernate: 
    update
        users 
    set
        created_at=?,
        created_by=?,
        email=?,
        failed_login_count=?,
        last_login_ip=?,
        last_login_time=?,
        password_expire_time=?,
        password_hash=?,
        phone_encrypted=?,
        real_name=?,
        status=?,
        tenant_id=?,
        user_type=?,
        username=?,
        valid_until=? 
    where
        id=?
Hibernate: 
    select
        u1_0.id,
        u1_0.created_at,
        u1_0.created_by,
        u1_0.email,
        u1_0.failed_login_count,
        u1_0.last_login_ip,
        u1_0.last_login_time,
        u1_0.password_expire_time,
        u1_0.password_hash,
        u1_0.phone_encrypted,
        u1_0.real_name,
        u1_0.status,
        u1_0.tenant_id,
        u1_0.user_type,
        u1_0.username,
        u1_0.valid_until 
    from
        users u1_0 
    where
        u1_0.username=?
[INFO] Tests run: 2, Failures: 0, Errors: 0, Skipped: 0, Time elapsed: 0.986 s -- in com.ycsopen.sms.core.service.account.AuthServiceTransactionTest
[INFO] Running com.ycsopen.sms.core.service.risk.BlacklistRiskControlServiceTest
[INFO] Tests run: 4, Failures: 0, Errors: 0, Skipped: 0, Time elapsed: 0.009 s -- in com.ycsopen.sms.core.service.risk.BlacklistRiskControlServiceTest
[INFO] Running com.ycsopen.sms.core.service.risk.ContentSafetyServiceTest
[INFO] Tests run: 6, Failures: 0, Errors: 0, Skipped: 0, Time elapsed: 0.003 s -- in com.ycsopen.sms.core.service.risk.ContentSafetyServiceTest
[INFO] Running com.ycsopen.sms.core.service.risk.FrequencyRuleServiceTest
[INFO] Tests run: 5, Failures: 0, Errors: 0, Skipped: 0, Time elapsed: 0.002 s -- in com.ycsopen.sms.core.service.risk.FrequencyRuleServiceTest
[INFO] Running com.ycsopen.sms.core.service.risk.TenantRiskAutoPauseServiceTest
2026-09-10T23:48:54.908+08:00 INFO  o.s.j.d.embedded.EmbeddedDatabaseFactory - Starting embedded database: url='jdbc:h2:mem:phase42-1083550434245791;MODE=MySQL;DATABASE_TO_UPPER=false;DB_CLOSE_DELAY=-1;DB_CLOSE_ON_EXIT=false', username='sa'
2026-09-10T23:48:54.910+08:00 INFO  o.s.j.d.embedded.EmbeddedDatabaseFactory - Starting embedded database: url='jdbc:h2:mem:phase42-1083550435735916;MODE=MySQL;DATABASE_TO_UPPER=false;DB_CLOSE_DELAY=-1;DB_CLOSE_ON_EXIT=false', username='sa'
2026-09-10T23:48:54.911+08:00 INFO  o.s.j.d.embedded.EmbeddedDatabaseFactory - Starting embedded database: url='jdbc:h2:mem:phase42-1083550436984250;MODE=MySQL;DATABASE_TO_UPPER=false;DB_CLOSE_DELAY=-1;DB_CLOSE_ON_EXIT=false', username='sa'
2026-09-10T23:48:54.912+08:00 INFO  o.s.j.d.embedded.EmbeddedDatabaseFactory - Starting embedded database: url='jdbc:h2:mem:phase42-1083550437807041;MODE=MySQL;DATABASE_TO_UPPER=false;DB_CLOSE_DELAY=-1;DB_CLOSE_ON_EXIT=false', username='sa'
[INFO] Tests run: 4, Failures: 0, Errors: 0, Skipped: 0, Time elapsed: 0.005 s -- in com.ycsopen.sms.core.service.risk.TenantRiskAutoPauseServiceTest
[INFO] Running com.ycsopen.sms.core.service.billing.FinancialSourceAnalyticsServiceTest
[INFO] Tests run: 5, Failures: 0, Errors: 0, Skipped: 0, Time elapsed: 0.007 s -- in com.ycsopen.sms.core.service.billing.FinancialSourceAnalyticsServiceTest
[INFO] Running com.ycsopen.sms.core.service.billing.FeeWarningCreditServiceTest
2026-09-10T23:48:54.921+08:00 INFO  o.s.j.d.embedded.EmbeddedDatabaseFactory - Starting embedded database: url='jdbc:h2:mem:phase40-1083550446354625;MODE=MySQL;DATABASE_TO_UPPER=false;DB_CLOSE_DELAY=-1;DB_CLOSE_ON_EXIT=false', username='sa'
2026-09-10T23:48:54.929+08:00 INFO  o.s.j.d.embedded.EmbeddedDatabaseFactory - Starting embedded database: url='jdbc:h2:mem:phase40-1083550455020875;MODE=MySQL;DATABASE_TO_UPPER=false;DB_CLOSE_DELAY=-1;DB_CLOSE_ON_EXIT=false', username='sa'
2026-09-10T23:48:54.931+08:00 INFO  o.s.j.d.embedded.EmbeddedDatabaseFactory - Starting embedded database: url='jdbc:h2:mem:phase40-1083550457252416;MODE=MySQL;DATABASE_TO_UPPER=false;DB_CLOSE_DELAY=-1;DB_CLOSE_ON_EXIT=false', username='sa'
[INFO] Tests run: 3, Failures: 0, Errors: 0, Skipped: 0, Time elapsed: 0.013 s -- in com.ycsopen.sms.core.service.billing.FeeWarningCreditServiceTest
[INFO] Running com.ycsopen.sms.core.service.billing.BillingServiceTest
[INFO] Tests run: 5, Failures: 0, Errors: 0, Skipped: 0, Time elapsed: 0.003 s -- in com.ycsopen.sms.core.service.billing.BillingServiceTest
[INFO] Running com.ycsopen.sms.core.service.billing.TenantRechargeServiceTest
[INFO] Tests run: 3, Failures: 0, Errors: 0, Skipped: 0, Time elapsed: 0.010 s -- in com.ycsopen.sms.core.service.billing.TenantRechargeServiceTest
[INFO] Running com.ycsopen.sms.core.service.billing.TrialPrepaidLedgerServiceTest
[INFO] Tests run: 7, Failures: 0, Errors: 0, Skipped: 0, Time elapsed: 0.028 s -- in com.ycsopen.sms.core.service.billing.TrialPrepaidLedgerServiceTest
[INFO] Running com.ycsopen.sms.core.service.billing.ContractPricingServiceTest
[INFO] Tests run: 3, Failures: 0, Errors: 0, Skipped: 0, Time elapsed: 0.004 s -- in com.ycsopen.sms.core.service.billing.ContractPricingServiceTest
[INFO] Running com.ycsopen.sms.core.service.billing.ReconciliationSettlementServiceTest
[INFO] Tests run: 3, Failures: 0, Errors: 0, Skipped: 0, Time elapsed: 0.015 s -- in com.ycsopen.sms.core.service.billing.ReconciliationSettlementServiceTest
[INFO] Running com.ycsopen.sms.core.service.tool.NumberAttributionServiceTest
[INFO] Tests run: 5, Failures: 0, Errors: 0, Skipped: 0, Time elapsed: 0.025 s -- in com.ycsopen.sms.core.service.tool.NumberAttributionServiceTest
[INFO] Running com.ycsopen.sms.core.service.tool.ProviderStatusTaxonomyServiceTest
[INFO] Tests run: 5, Failures: 0, Errors: 0, Skipped: 0, Time elapsed: 0.035 s -- in com.ycsopen.sms.core.service.tool.ProviderStatusTaxonomyServiceTest
[INFO] Running com.ycsopen.sms.core.service.uplink.UplinkNormalizationServiceTest
[INFO] Tests run: 6, Failures: 0, Errors: 0, Skipped: 0, Time elapsed: 0.019 s -- in com.ycsopen.sms.core.service.uplink.UplinkNormalizationServiceTest
[INFO] Running com.ycsopen.sms.core.migration.WebhookDeliveryTransportMigrationTest
[INFO] Tests run: 1, Failures: 0, Errors: 0, Skipped: 0, Time elapsed: 0.003 s -- in com.ycsopen.sms.core.migration.WebhookDeliveryTransportMigrationTest
[INFO] Running com.ycsopen.sms.core.migration.OperationalDashboardsMigrationTest
[INFO] Tests run: 1, Failures: 0, Errors: 0, Skipped: 0, Time elapsed: 0.005 s -- in com.ycsopen.sms.core.migration.OperationalDashboardsMigrationTest
[INFO] Running com.ycsopen.sms.core.migration.MessageReceiptErrorOperationsMigrationTest
[INFO] Tests run: 1, Failures: 0, Errors: 0, Skipped: 0, Time elapsed: 0.002 s -- in com.ycsopen.sms.core.migration.MessageReceiptErrorOperationsMigrationTest
[INFO] Running com.ycsopen.sms.core.migration.ComplaintCaseManagementMigrationTest
2026-09-10T23:48:55.093+08:00 INFO  o.s.j.d.embedded.EmbeddedDatabaseFactory - Starting embedded database: url='jdbc:h2:mem:phase41-existing-1083550618643500;MODE=MySQL;DATABASE_TO_UPPER=false;DB_CLOSE_DELAY=-1;DB_CLOSE_DELAY=-1;DB_CLOSE_ON_EXIT=false', username='sa'
2026-09-10T23:48:55.102+08:00 INFO  o.s.j.d.embedded.EmbeddedDatabaseFactory - Starting embedded database: url='jdbc:h2:mem:phase41-migration-1083550627516375;MODE=MySQL;DATABASE_TO_UPPER=false;DB_CLOSE_DELAY=-1;DB_CLOSE_DELAY=-1;DB_CLOSE_ON_EXIT=false', username='sa'
[INFO] Tests run: 2, Failures: 0, Errors: 0, Skipped: 0, Time elapsed: 0.014 s -- in com.ycsopen.sms.core.migration.ComplaintCaseManagementMigrationTest
[INFO] Running com.ycsopen.sms.core.migration.CustomReportAuthoringMigrationTest
[INFO] Tests run: 1, Failures: 0, Errors: 0, Skipped: 0, Time elapsed: 0.002 s -- in com.ycsopen.sms.core.migration.CustomReportAuthoringMigrationTest
[INFO] Running com.ycsopen.sms.core.migration.SecureAsyncExportMigrationTest
[INFO] Tests run: 1, Failures: 0, Errors: 0, Skipped: 0, Time elapsed: 0.007 s -- in com.ycsopen.sms.core.migration.SecureAsyncExportMigrationTest
[INFO] Running com.ycsopen.sms.core.migration.RetentionArchiveRestoreMigrationTest
[INFO] Tests run: 1, Failures: 0, Errors: 0, Skipped: 0, Time elapsed: 0.004 s -- in com.ycsopen.sms.core.migration.RetentionArchiveRestoreMigrationTest
[INFO] Running com.ycsopen.sms.core.migration.TenantCooperationTerminationMigrationTest
[INFO] Tests run: 1, Failures: 0, Errors: 0, Skipped: 0, Time elapsed: 0.004 s -- in com.ycsopen.sms.core.migration.TenantCooperationTerminationMigrationTest
[INFO] Running com.ycsopen.sms.core.migration.BulkScheduledTaskOperationsMigrationTest
[INFO] Tests run: 1, Failures: 0, Errors: 0, Skipped: 0, Time elapsed: 0.005 s -- in com.ycsopen.sms.core.migration.BulkScheduledTaskOperationsMigrationTest
[INFO] Running com.ycsopen.sms.core.migration.DefaultAdminMigrationTest
[INFO] Tests run: 2, Failures: 0, Errors: 0, Skipped: 0, Time elapsed: 0.106 s -- in com.ycsopen.sms.core.migration.DefaultAdminMigrationTest
[INFO] Running com.ycsopen.sms.core.migration.UnsubscribeComplianceMigrationTest
[INFO] Tests run: 1, Failures: 0, Errors: 0, Skipped: 0, Time elapsed: 0.005 s -- in com.ycsopen.sms.core.migration.UnsubscribeComplianceMigrationTest
[INFO] Running com.ycsopen.sms.core.migration.ComplaintRatioInterventionMigrationTest
2026-09-10T23:48:55.243+08:00 INFO  o.s.j.d.embedded.EmbeddedDatabaseFactory - Starting embedded database: url='jdbc:h2:mem:phase45-migration-1083550768493041;MODE=MySQL;DATABASE_TO_UPPER=false;DB_CLOSE_DELAY=-1;DB_CLOSE_DELAY=-1;DB_CLOSE_ON_EXIT=false', username='sa'
[INFO] Tests run: 1, Failures: 0, Errors: 0, Skipped: 0, Time elapsed: 0.003 s -- in com.ycsopen.sms.core.migration.ComplaintRatioInterventionMigrationTest
[INFO] Running com.ycsopen.sms.core.migration.AlertEngineMigrationTest
[INFO] Tests run: 1, Failures: 0, Errors: 0, Skipped: 0, Time elapsed: 0.003 s -- in com.ycsopen.sms.core.migration.AlertEngineMigrationTest
[INFO] Running com.ycsopen.sms.core.migration.FinancialSourceAnalyticsMigrationTest
[INFO] Tests run: 1, Failures: 0, Errors: 0, Skipped: 0, Time elapsed: 0.002 s -- in com.ycsopen.sms.core.migration.FinancialSourceAnalyticsMigrationTest
[INFO] Running com.ycsopen.sms.core.migration.TenantRiskAutoPauseMigrationTest
[INFO] Tests run: 1, Failures: 0, Errors: 0, Skipped: 0, Time elapsed: 0.003 s -- in com.ycsopen.sms.core.migration.TenantRiskAutoPauseMigrationTest
[INFO] Running com.ycsopen.sms.core.migration.UplinkNormalizationOperationsMigrationTest
[INFO] Tests run: 1, Failures: 0, Errors: 0, Skipped: 0, Time elapsed: 0.010 s -- in com.ycsopen.sms.core.migration.UplinkNormalizationOperationsMigrationTest
[INFO] Running com.ycsopen.sms.core.migration.ContractPricingPostpaidMigrationTest
[INFO] Tests run: 1, Failures: 0, Errors: 0, Skipped: 0, Time elapsed: 0.001 s -- in com.ycsopen.sms.core.migration.ContractPricingPostpaidMigrationTest
[INFO] Running com.ycsopen.sms.core.migration.TenantRechargeOperationsMigrationTest
[INFO] Tests run: 1, Failures: 0, Errors: 0, Skipped: 0, Time elapsed: 0 s -- in com.ycsopen.sms.core.migration.TenantRechargeOperationsMigrationTest
[INFO] Running com.ycsopen.sms.core.migration.HttpUpstreamDeliveryMigrationTest
[INFO] Tests run: 1, Failures: 0, Errors: 0, Skipped: 0, Time elapsed: 0.002 s -- in com.ycsopen.sms.core.migration.HttpUpstreamDeliveryMigrationTest
[INFO] Running com.ycsopen.sms.core.migration.SecureHttpMessageAcceptanceMigrationTest
[INFO] Tests run: 1, Failures: 0, Errors: 0, Skipped: 0, Time elapsed: 0.001 s -- in com.ycsopen.sms.core.migration.SecureHttpMessageAcceptanceMigrationTest
[INFO] Running com.ycsopen.sms.core.migration.StatisticsAggregationMigrationTest
[INFO] Tests run: 1, Failures: 0, Errors: 0, Skipped: 0, Time elapsed: 0.002 s -- in com.ycsopen.sms.core.migration.StatisticsAggregationMigrationTest
[INFO] Running com.ycsopen.sms.core.migration.ReconciliationSettlementInvoicesMigrationTest
[INFO] Tests run: 1, Failures: 0, Errors: 0, Skipped: 0, Time elapsed: 0.003 s -- in com.ycsopen.sms.core.migration.ReconciliationSettlementInvoicesMigrationTest
[INFO] Running com.ycsopen.sms.core.migration.FeeWarningCreditMigrationTest
[INFO] Tests run: 1, Failures: 0, Errors: 0, Skipped: 0, Time elapsed: 0.002 s -- in com.ycsopen.sms.core.migration.FeeWarningCreditMigrationTest
[INFO] Running com.ycsopen.sms.core.migration.DispatchTaskRecoveryMigrationTest
[INFO] Tests run: 1, Failures: 0, Errors: 0, Skipped: 0, Time elapsed: 0.001 s -- in com.ycsopen.sms.core.migration.DispatchTaskRecoveryMigrationTest
[INFO] Running com.ycsopen.sms.core.migration.ShortLinkSafetyReviewMigrationTest
[INFO] Tests run: 1, Failures: 0, Errors: 0, Skipped: 0, Time elapsed: 0.006 s -- in com.ycsopen.sms.core.migration.ShortLinkSafetyReviewMigrationTest
[INFO] 
[INFO] Results:
[INFO] 
[WARNING] Tests run: 951, Failures: 0, Errors: 0, Skipped: 33
[INFO] 
[INFO] ------------------------------------------------------------------------
[INFO] BUILD SUCCESS
[INFO] ------------------------------------------------------------------------
[INFO] Total time:  31.252 s
[INFO] Finished at: 2026-09-10T23:48:55+08:00
[INFO] ------------------------------------------------------------------------
