docs/PRD.md:304:| F-2.6 | API Key / CMPP 凭证管理 | 机构开发人员可自助生成/吊销 HTTP API Key（含 IP 白名单、限流值），或申请开通 CMPP 下游接入（分配账号/密码/SPID/IP白名单/连接数/窗口大小） |
docs/PRD.md:376:| F-4.1 | 通道新增/配置 | 支持配置协议类型、运营商归属、接入地址端口、账号密码/SPID/ServiceId、最大连接数/窗口大小、单价（支持阶梯价/按运营商分省定价）、优先级、可用时段 |
docs/PRD.md:437:| F-6.7 | CMPP 下游网关 | 支持机构申请开通 CMPP 接入，平台分配接入 IP/端口/账号/密码/SPID/窗口大小/IP 白名单；支持 CONNECT/SUBMIT/DELIVER/ACTIVE_TEST/TERMINATE 标准报文流程 |
docs/PRD.md:900:| CMPP 协议凭证（tenant_protocol_credential） | 机构编号、协议类型、账号（SPID/用户名）🔒、密码🔒、IP白名单、最大连接数、TPS限制、窗口大小、状态 |
.planning/PRD-OBLIGATIONS.md:22:- Evidence targets are phase-relative and become `.planning/phases/<NN>-<owner-package>/EVIDENCE/<OBL-ID>.json` unless a more specific extension is named.
.planning/PRD-OBLIGATIONS.md:82:- OBL-IA-ADMIN-SIGNATURE-REVIEW | PRD 8.1 Review center | PROJECT-ADMIN-IA | console-design-system-prototype-foundation | console-design-system-prototype-foundation-06 | page:admin-signature-review | T-IA-ADMIN-SIGNATURE-REVIEW:static | EVIDENCE/OBL-IA-ADMIN-SIGNATURE-REVIEW.json | The Admin registry contains signature review and filing status.
.planning/PRD-OBLIGATIONS.md:83:- OBL-IA-ADMIN-TEMPLATE-REVIEW | PRD 8.1 Review center | PROJECT-ADMIN-IA | console-design-system-prototype-foundation | console-design-system-prototype-foundation-06 | page:admin-template-review | T-IA-ADMIN-TEMPLATE-REVIEW:static | EVIDENCE/OBL-IA-ADMIN-TEMPLATE-REVIEW.json | The Admin registry contains template review.
.planning/PRD-OBLIGATIONS.md:84:- OBL-IA-ADMIN-EXEMPTIONS | PRD 8.1 Review center | PROJECT-ADMIN-IA | console-design-system-prototype-foundation | console-design-system-prototype-foundation-06 | page:admin-exemption-policy | T-IA-ADMIN-EXEMPTIONS:static | EVIDENCE/OBL-IA-ADMIN-EXEMPTIONS.json | The Admin registry contains exemption configuration.
.planning/PRD-OBLIGATIONS.md:85:- OBL-IA-ADMIN-REVIEW-HISTORY | PRD 8.1 Review center | REQ-F-3-2,REQ-F-3-5,REQ-F-3-6 | resource-review-history | resource-review-history-01 | page:admin-review-history | T-IA-ADMIN-REVIEW-HISTORY:playwright | EVIDENCE/OBL-IA-ADMIN-REVIEW-HISTORY.json | Authorized operators can search and inspect production unified signature, template, and exemption review history with decisions, actors, reasons, and immutable evidence.
.planning/PRD-OBLIGATIONS.md:173:- OBL-PLATFORM-MESSAGE-002 | PRD F-12.2 and PLAN-REVIEW PR-006 | REQ-F-12-2 | platform-system-message-bootstrap | platform-system-message-bootstrap-02 | - | T-PLATFORM-MESSAGE-002:fault | EVIDENCE/OBL-PLATFORM-MESSAGE-002.json | The direct bootstrap provider boundary normalizes provider acceptance/failure, records delivery evidence, rejects recursive alert-on-alert sending, and degrades without silently treating delivery as successful; later normal channel delivery may replace the adapter only through the same SPI contract.
.planning/PRD-OBLIGATIONS.md:189:- OBL-F-2-6-C | PRD F-2.6 | REQ-F-2-6 | tenant-access-administration | tenant-access-administration-03 | page:tenant-cmpp-access | T-F-2-6-C:playwright | EVIDENCE/OBL-F-2-6-C.json | A permitted tenant requests CMPP access and receives account, SPID, address, connection, window, TPS, and allow-list parameters without plaintext password leakage.
.planning/PRD-OBLIGATIONS.md:208:- OBL-F-3-2-A | PRD F-3.2 | REQ-F-3-2 | signature-lifecycle-filing | signature-lifecycle-filing-02 | page:admin-signature-review | T-F-3-2-A:playwright | EVIDENCE/OBL-F-3-2-A.json | Review cards expose total, pending, approved, rejected, and high-risk counts from real signature data.
.planning/PRD-OBLIGATIONS.md:225:- OBL-F-4-1-A | PRD F-4.1 | REQ-F-4-1 | channel-configuration-lifecycle | channel-configuration-lifecycle-01 | page:admin-channel-configuration | T-F-4-1-A:playwright | EVIDENCE/OBL-F-4-1-A.json | Channel configuration captures protocol, carrier, address, port, protected credentials, SPID or service identifiers, source number, connection/window, price, priority, and availability.
.planning/PRD-OBLIGATIONS.md:234:- OBL-F-4-5-A | PRD F-4.5 | REQ-F-4-5 | financial-source-analytics | financial-source-analytics-02 | page:admin-statistics-channel | T-F-4-5-A:integration | EVIDENCE/OBL-F-4-5-A.json | Channel volume, final success, latency, cost, revenue, and profit reconcile to actual dispatch, receipt, and price sources for a selected period.
.planning/PRD-OBLIGATIONS.md:240:- OBL-F-4-7-C | PRD F-4.7 and PLAN-REVIEW PR-007 | REQ-F-4-7 | dispatch-task-migration-recovery | dispatch-task-migration-recovery-01 | element:admin-dispatch-task-channel-monitor-task-migration | T-F-4-7-C:fault | EVIDENCE/OBL-F-4-7-C.json | After durable task ownership exists, in-flight work follows an explicit claim, uncertain-outcome, alternate-route, compensation, and no-duplicate migration policy.
.planning/PRD-OBLIGATIONS.md:241:- OBL-F-4-7-D | PRD F-4.7 | REQ-F-4-7 | dispatch-task-migration-recovery | dispatch-task-migration-recovery-02 | element:admin-dispatch-task-channel-monitor-recovery-test | T-F-4-7-D:playwright | EVIDENCE/OBL-F-4-7-D.json | Recovery requires a successful small-traffic check and records evidence before the channel becomes a route candidate again.
.planning/PRD-OBLIGATIONS.md:249:- OBL-F-5-3-C | PRD F-5.3 and 5.15 | REQ-F-5-3 | blacklist-risk-control | blacklist-risk-control-03 | - | T-F-5-3-C:fault | EVIDENCE/OBL-F-5-3-C.json | Provider timeout or error applies exactly the configured allow or fresh-cache decision and records a degradation event.
.planning/PRD-OBLIGATIONS.md:267:- OBL-F-5-10-B | PRD F-5.10 | REQ-F-5-10 | dispatch-task-migration-recovery | dispatch-task-migration-recovery-03 | - | T-F-5-10-B:fault | EVIDENCE/OBL-F-5-10-B.json | Retry preserves prior attempts, uses durable task ownership, and prevents same-recipient same-content duplicate contact under uncertain provider outcomes.
.planning/PRD-OBLIGATIONS.md:272:- OBL-F-6-1-B | PRD F-6.1 | REQ-F-6-1 | secure-http-message-acceptance | secure-http-message-acceptance-01 | - | T-F-6-1-B:integration | EVIDENCE/OBL-F-6-1-B.json | A successful acceptance returns one stable message ID only after submission, outbox, task intent, and entitlement effects are durably consistent.
.planning/PRD-OBLIGATIONS.md:302:- OBL-HTTP-UPSTREAM-001 | PRD 4.3 and 11.2 | PROJECT-PROTOCOL-ACCEPTANCE | http-upstream-delivery-closure | http-upstream-delivery-closure-01 | - | T-HTTP-UPSTREAM-001:integration | EVIDENCE/OBL-HTTP-UPSTREAM-001.json | Durable dispatch claiming and provider idempotency ensure one logical send across worker concurrency and crash recovery.
.planning/PRD-OBLIGATIONS.md:360:- OBL-F-10-2-A | PRD F-10.2 | REQ-F-10-2 | unsubscribe-compliance | unsubscribe-compliance-02 | page:admin-unsubscribe-keywords | T-F-10-2-A:playwright | EVIDENCE/OBL-F-10-2-A.json | Global defaults include TD, unsubscribe Chinese term, QUIT, and UNSUBSCRIBE and authorized tenants add scoped extension terms.
.planning/PRD-OBLIGATIONS.md:372:- OBL-F-11-1-A | PRD F-11.1 | REQ-F-11-1 | statistics-aggregation-pipeline | statistics-aggregation-pipeline-01 | - | T-F-11-1-A:integration | EVIDENCE/OBL-F-11-1-A.json | Channel send, success, cost, and latency aggregates reconcile to final receipt, billing, and dispatch sources with late-correction handling; Phase 44 owns the production presentation.
.planning/PRD-OBLIGATIONS.md:477:- OBL-STATE-CHANNEL-RECOVER | PRD 5.4 channel state | PROJECT-STATE-MACHINE | dispatch-task-migration-recovery | dispatch-task-migration-recovery-02 | element:admin-dispatch-task-channel-monitor-recovery-test | T-STATE-CHANNEL-RECOVER:fault | EVIDENCE/OBL-STATE-CHANNEL-RECOVER.json | Paused transitions to normal only after authorized recovery and successful test evidence.
.planning/PRD-OBLIGATIONS.md:484:- OBL-STATE-MESSAGE-RETRY | PRD 5.7 message state | PROJECT-STATE-MACHINE | dispatch-task-migration-recovery | dispatch-task-migration-recovery-03 | - | T-STATE-MESSAGE-RETRY:fault | EVIDENCE/OBL-STATE-MESSAGE-RETRY.json | Eligible failed transitions to a new pending attempt without overwriting prior attempt history or duplicating contact.
.planning/PRD-OBLIGATIONS.md:488:- OBL-STATE-BATCH-PAUSE | PRD 5.7 batch state | PROJECT-STATE-MACHINE | bulk-scheduled-task-operations | bulk-scheduled-task-operations-06 | element:tenant-bulk-scheduled-scheduled-tasks-pause | T-STATE-BATCH-PAUSE:fault | EVIDENCE/OBL-STATE-BATCH-PAUSE.json | Running transitions to paused at the declared dispatch boundary while in-flight items settle truthfully.
.planning/PRD-OBLIGATIONS.md:515:- OBL-EDGE-UPSTREAM-OUTAGE | PRD 5.15 upstream timeout | PROJECT-EXCEPTION-FLOW | dispatch-task-migration-recovery | dispatch-task-migration-recovery-04 | element:admin-dispatch-task-channel-monitor-failover | T-EDGE-UPSTREAM-OUTAGE:fault | EVIDENCE/OBL-EDGE-UPSTREAM-OUTAGE.json | Upstream timeout does not block acceptance, eligible work follows fallback policy, and sustained failure emits channel-health alert evidence.
.planning/PRD-OBLIGATIONS.md:520:- OBL-EDGE-REVIEW-VALIDATION | PRD 5.15 review form invalid | PROJECT-EXCEPTION-FLOW | console-design-system-prototype-foundation | console-design-system-prototype-foundation-08 | element:shared-console-design-form-inline-error | T-EDGE-REVIEW-VALIDATION:playwright | EVIDENCE/OBL-EDGE-REVIEW-VALIDATION.json | Review forms show exact field-level reason, block submit, focus the error, and do not refresh the whole page.
.planning/PRD-OBLIGATIONS.md:556:- OBL-NFR-CONNECTOR-PLUGIN | PRD 6.5 | REQ-NFR-EXTENSIBILITY | extension-conformance-assurance | extension-conformance-assurance-01 | - | T-NFR-CONNECTOR-PLUGIN:component | EVIDENCE/OBL-NFR-CONNECTOR-PLUGIN.json | A conformance connector adds a protocol/provider without changing the core acceptance, routing, receipt, or billing contracts.
.planning/PRD-OBLIGATIONS.md:557:- OBL-NFR-POLICY-CONFIG | PRD 6.5 | REQ-NFR-EXTENSIBILITY | extension-conformance-assurance | extension-conformance-assurance-02 | - | T-NFR-POLICY-CONFIG:component | EVIDENCE/OBL-NFR-POLICY-CONFIG.json | Route, billing, and review policies are versioned configuration contracts rather than hard-coded branches and pass conformance suites.
.planning/PRD-OBLIGATIONS.md:558:- OBL-NFR-INDEPENDENT-SCALE | PRD 6.5 | REQ-NFR-EXTENSIBILITY | extension-conformance-assurance | extension-conformance-assurance-03 | - | T-NFR-INDEPENDENT-SCALE:load | EVIDENCE/OBL-NFR-INDEPENDENT-SCALE.json | Connector and queue consumers can scale independently without changing logical outcomes.
.planning/PRD-OBLIGATIONS.md:587:- OBL-DATA-10-4-CHANNEL | PRD 10.4 | PROJECT-DATA-MODEL | channel-configuration-lifecycle | channel-configuration-lifecycle-06 | - | T-DATA-10-4-CHANNEL:database | EVIDENCE/OBL-DATA-10-4-CHANNEL.json | Channel persists every protocol, carrier, endpoint, protected credential, connection, pricing, priority, availability, extension, status, pause, and recovery fact.
core/src/test/java/com/ycsopen/sms/core/migration/TenantRechargeOperationsMigrationTest.java:14:    void phase36MigrationCreatesRechargeReviewTableWithProtectedReferenceFields() throws Exception {
core/src/test/java/com/ycsopen/sms/core/migration/ContractPricingPostpaidMigrationTest.java:12:class ContractPricingPostpaidMigrationTest {
core/src/test/java/com/ycsopen/sms/core/migration/HttpUpstreamDeliveryMigrationTest.java:13:    void phase24MigrationAddsClaimProviderAndReceiptIdempotencyColumns() throws Exception {
core/src/test/java/com/ycsopen/sms/core/migration/HttpUpstreamDeliveryMigrationTest.java:17:                    CREATE TABLE message_send_outbox(
core/src/test/java/com/ycsopen/sms/core/migration/HttpUpstreamDeliveryMigrationTest.java:52:            assertThat(hasColumn(connection, "message_send_outbox", "claim_token")).isTrue();
core/src/test/java/com/ycsopen/sms/core/migration/HttpUpstreamDeliveryMigrationTest.java:53:            assertThat(hasColumn(connection, "message_send_outbox", "provider_message_id")).isTrue();
core/src/test/java/com/ycsopen/sms/core/migration/HttpUpstreamDeliveryMigrationTest.java:66:        for (String table : java.util.List.of("message_send_outbox", "delivery_reports", "billing_records")) {
core/src/main/java/com/ycsopen/sms/core/domain/entity/Tenant.java:112:    private String inspectionProviderRequestId;
core/src/test/java/com/ycsopen/sms/core/migration/DispatchTaskRecoveryMigrationTest.java:16:            String migration = new ClassPathResource("db/migration/V3400__dispatch_task_migration_recovery.sql")
core/src/test/java/com/ycsopen/sms/core/migration/DispatchTaskRecoveryMigrationTest.java:20:                    .replace("ENGINE=InnoDB DEFAULT CHARSET=utf8mb4 COMMENT='Phase25 dispatch task migration and retry evidence'", "")
core/src/test/java/com/ycsopen/sms/core/migration/DispatchTaskRecoveryMigrationTest.java:29:            assertThat(hasTable(connection, "dispatch_recovery_events")).isTrue();
core/src/test/java/com/ycsopen/sms/core/service/uplink/UplinkNormalizationServiceTest.java:100:        assertThat(normalized.sourceConnector()).isEqualTo("CMPP-GW-A");
core/src/test/java/com/ycsopen/sms/core/migration/SecureHttpMessageAcceptanceMigrationTest.java:50:                    "message_send_outbox", null)) {
core/src/test/java/com/ycsopen/sms/core/service/statistics/StatisticsAggregationServiceTest.java:190:                VALUES ('CHANNEL_DELIVERY','通道发送成功成本延迟指标','message_tasks,delivery_reports,billing_records,message_send_outbox',
core/src/test/java/com/ycsopen/sms/core/cmpp/CmppClientSessionTest.java:4:import com.ycsopen.sms.core.service.delivery.SmsUpstreamProviderClient;
core/src/test/java/com/ycsopen/sms/core/cmpp/CmppClientSessionTest.java:5:import com.ycsopen.sms.core.service.tool.ProviderStatusTaxonomyPort;
core/src/test/java/com/ycsopen/sms/core/cmpp/CmppClientSessionTest.java:35:                new CmppClientSession.ReconnectPolicy(List.of(Duration.ofMillis(10)))), taxonomy());
core/src/test/java/com/ycsopen/sms/core/cmpp/CmppClientSessionTest.java:110:        SmsUpstreamProviderClient adapter = new CmppSmsUpstreamProviderClient(session, gateway);
core/src/test/java/com/ycsopen/sms/core/cmpp/CmppClientSessionTest.java:112:        var result = adapter.submit(new SmsUpstreamProviderClient.ProviderSubmitRequest(
core/src/test/java/com/ycsopen/sms/core/cmpp/CmppClientSessionTest.java:115:        assertThat(result.status()).isEqualTo(SmsUpstreamProviderClient.ProviderSubmitResult.Status.UNKNOWN);
core/src/test/java/com/ycsopen/sms/core/cmpp/CmppClientSessionTest.java:125:        SmsUpstreamProviderClient adapter = new CmppSmsUpstreamProviderClient(session, gateway);
core/src/test/java/com/ycsopen/sms/core/cmpp/CmppClientSessionTest.java:127:        var result = adapter.submit(new SmsUpstreamProviderClient.ProviderSubmitRequest(
core/src/test/java/com/ycsopen/sms/core/cmpp/CmppClientSessionTest.java:130:        assertThat(result.status()).isEqualTo(SmsUpstreamProviderClient.ProviderSubmitResult.Status.REJECTED);
core/src/test/java/com/ycsopen/sms/core/cmpp/CmppClientSessionTest.java:137:                windowSize, new CmppClientSession.ReconnectPolicy(List.of(
core/src/test/java/com/ycsopen/sms/core/cmpp/CmppClientSessionTest.java:145:    private static ProviderStatusTaxonomyPort taxonomy() {
core/src/test/java/com/ycsopen/sms/core/cmpp/CmppClientSessionTest.java:146:        return (providerName, protocol, providerCode) -> new ProviderStatusTaxonomyPort.NormalizedStatus(
core/src/test/java/com/ycsopen/sms/core/migration/ShortLinkSafetyReviewMigrationTest.java:12:class ShortLinkSafetyReviewMigrationTest {
core/src/test/java/com/ycsopen/sms/core/common/exception/GlobalExceptionHandlerLoggingTest.java:57:    void unexpectedNestedProviderFailureNeverLogsMessageOrThrowable() {
core/src/test/java/com/ycsopen/sms/core/service/review/ResourceReviewHistoryServiceTest.java:11:class ResourceReviewHistoryServiceTest {
core/src/test/java/com/ycsopen/sms/core/service/review/ResourceReviewHistoryServiceTest.java:14:    void normalizesSignatureTemplateAndExemptionReviewDecisions() {
core/src/test/java/com/ycsopen/sms/core/service/review/ResourceReviewHistoryServiceTest.java:17:        ResourceReviewHistoryService service = new ResourceReviewHistoryService(jdbc);
core/src/test/java/com/ycsopen/sms/core/service/review/ResourceReviewHistoryServiceTest.java:47:        ResourceReviewHistoryService service = new ResourceReviewHistoryService(jdbc);
core/src/test/java/com/ycsopen/sms/core/service/tool/ProviderStatusTaxonomyServiceTest.java:3:import com.ycsopen.sms.core.service.tool.ProviderStatusTaxonomyService.ImportRequest;
core/src/test/java/com/ycsopen/sms/core/service/tool/ProviderStatusTaxonomyServiceTest.java:4:import com.ycsopen.sms.core.service.tool.ProviderStatusTaxonomyService.MappingRow;
core/src/test/java/com/ycsopen/sms/core/service/tool/ProviderStatusTaxonomyServiceTest.java:15:class ProviderStatusTaxonomyServiceTest {
core/src/test/java/com/ycsopen/sms/core/service/tool/ProviderStatusTaxonomyServiceTest.java:17:    private ProviderStatusTaxonomyService service;
core/src/test/java/com/ycsopen/sms/core/service/tool/ProviderStatusTaxonomyServiceTest.java:83:        service = new ProviderStatusTaxonomyService(jdbc);
core/src/test/java/com/ycsopen/sms/core/service/tool/ProviderStatusTaxonomyServiceTest.java:133:        ProviderStatusTaxonomyPort port = service;
core/src/test/java/com/ycsopen/sms/core/service/exemption/ExemptionPolicyServiceTest.java:5:import com.ycsopen.sms.core.web.dto.ExemptionPolicyCreateRequest;
core/src/test/java/com/ycsopen/sms/core/service/exemption/ExemptionPolicyServiceTest.java:6:import com.ycsopen.sms.core.web.dto.ExemptionPolicyPreviewRequest;
core/src/test/java/com/ycsopen/sms/core/service/exemption/ExemptionPolicyServiceTest.java:7:import com.ycsopen.sms.core.web.dto.ExemptionPolicyRevokeRequest;
core/src/test/java/com/ycsopen/sms/core/service/exemption/ExemptionPolicyServiceTest.java:18:class ExemptionPolicyServiceTest {
core/src/test/java/com/ycsopen/sms/core/service/exemption/ExemptionPolicyServiceTest.java:24:        ExemptionPolicyService service = service(jdbc);
core/src/test/java/com/ycsopen/sms/core/service/exemption/ExemptionPolicyServiceTest.java:42:        ExemptionPolicyService service = service(jdbc);
core/src/test/java/com/ycsopen/sms/core/service/exemption/ExemptionPolicyServiceTest.java:55:        var outOfScope = service.preview(new ExemptionPolicyPreviewRequest(42L, "CONTENT", "tpl-other",
core/src/test/java/com/ycsopen/sms/core/service/exemption/ExemptionPolicyServiceTest.java:62:        service.revoke(approvedV2.id(), new ExemptionPolicyRevokeRequest("撤销测试", "operator-7"));
core/src/test/java/com/ycsopen/sms/core/service/exemption/ExemptionPolicyServiceTest.java:64:        service.revoke(approvedV1.id(), new ExemptionPolicyRevokeRequest("撤销测试", "operator-7"));
core/src/test/java/com/ycsopen/sms/core/service/exemption/ExemptionPolicyServiceTest.java:74:        ExemptionPolicyService service = service(jdbc);
core/src/test/java/com/ycsopen/sms/core/service/exemption/ExemptionPolicyServiceTest.java:78:        service.revoke(created.id(), new ExemptionPolicyRevokeRequest("结束临时豁免", "operator-7"));
core/src/test/java/com/ycsopen/sms/core/service/exemption/ExemptionPolicyServiceTest.java:96:        ExemptionPolicyService service = service(jdbc);
core/src/test/java/com/ycsopen/sms/core/service/exemption/ExemptionPolicyServiceTest.java:98:        service.create(new ExemptionPolicyCreateRequest(42L, "CONTENT", "*", "DOMESTIC_SMS", "LOGIN",
core/src/test/java/com/ycsopen/sms/core/service/exemption/ExemptionPolicyServiceTest.java:110:        ExemptionPolicyService service = service(jdbc("exemption-invalid"));
core/src/test/java/com/ycsopen/sms/core/service/exemption/ExemptionPolicyServiceTest.java:129:    private static ExemptionPolicyService service(JdbcTemplate jdbc) {
core/src/test/java/com/ycsopen/sms/core/service/exemption/ExemptionPolicyServiceTest.java:130:        return new ExemptionPolicyService(jdbc, CLOCK);
core/src/test/java/com/ycsopen/sms/core/service/exemption/ExemptionPolicyServiceTest.java:133:    private static ExemptionPolicyCreateRequest request(String type, String resourceId, String approval,
core/src/test/java/com/ycsopen/sms/core/service/exemption/ExemptionPolicyServiceTest.java:135:        return new ExemptionPolicyCreateRequest(42L, type, resourceId, "DOMESTIC_SMS", "LOGIN", approval,
core/src/test/java/com/ycsopen/sms/core/service/exemption/ExemptionPolicyServiceTest.java:139:    private static ExemptionPolicyPreviewRequest preview(String type, String resourceId, String control) {
core/src/test/java/com/ycsopen/sms/core/service/exemption/ExemptionPolicyServiceTest.java:140:        return new ExemptionPolicyPreviewRequest(42L, type, resourceId, "DOMESTIC_SMS", "LOGIN",
core/src/main/java/com/ycsopen/sms/core/web/security/HmacRequestAuthenticator.java:6:import com.ycsopen.sms.core.service.routing.ApiKeyRateLimitService.RatePolicy;
core/src/main/java/com/ycsopen/sms/core/web/security/HmacRequestAuthenticator.java:73:        request.setAttribute(HmacAuthInterceptor.ATTR_RATE_POLICY, new RatePolicy(apiKey.getRateLimitPerSec(),
core/src/test/java/com/ycsopen/sms/core/service/billing/ContractPricingServiceTest.java:14:class ContractPricingServiceTest {
core/src/test/java/com/ycsopen/sms/core/service/billing/ContractPricingServiceTest.java:16:    private ContractPricingService service;
core/src/test/java/com/ycsopen/sms/core/service/billing/ContractPricingServiceTest.java:25:        service = new ContractPricingService(jdbc);
core/src/test/java/com/ycsopen/sms/core/service/billing/ContractPricingServiceTest.java:30:        var contract = service.approveContract(7, new ContractPricingService.ContractCommand(
core/src/test/java/com/ycsopen/sms/core/service/billing/ContractPricingServiceTest.java:44:        assertThatThrownBy(() -> service.approveContract(7, new ContractPricingService.ContractCommand(
core/src/test/java/com/ycsopen/sms/core/service/billing/ContractPricingServiceTest.java:50:        assertThatThrownBy(() -> service.approveContract(7, new ContractPricingService.ContractCommand(
core/src/test/java/com/ycsopen/sms/core/service/billing/ContractPricingServiceTest.java:59:        service.approveContract(7, new ContractPricingService.ContractCommand(
core/src/test/java/com/ycsopen/sms/core/service/billing/ContractPricingServiceTest.java:63:        var first = service.recordPostpaidUsage(7, new ContractPricingService.PostpaidUsageCommand("MSG-37-A", 200_000), "billing");
core/src/test/java/com/ycsopen/sms/core/service/billing/ContractPricingServiceTest.java:64:        var duplicate = service.recordPostpaidUsage(7, new ContractPricingService.PostpaidUsageCommand("MSG-37-A", 200_000), "billing");
core/src/test/java/com/ycsopen/sms/core/service/billing/ContractPricingServiceTest.java:70:                new ContractPricingService.PostpaidUsageCommand("MSG-37-B", 400_001), "billing"))
core/src/main/java/com/ycsopen/sms/core/notification/provider/HttpPlatformNotificationSpi.java:17:public final class HttpPlatformNotificationSpi implements PlatformNotificationSpi {
core/src/main/java/com/ycsopen/sms/core/notification/provider/HttpPlatformNotificationSpi.java:22:    public HttpPlatformNotificationSpi(
core/src/main/java/com/ycsopen/sms/core/notification/provider/HttpPlatformNotificationSpi.java:37:    public DeliveryOutcome send(NotificationRequest request) {
core/src/test/java/com/ycsopen/sms/core/cmpp/CmppDownstreamGatewaySessionTest.java:73:    void tpsPolicyAndAcceptanceRejectCreatePreciseSubmitResponses() {
core/src/test/java/com/ycsopen/sms/core/service/alert/AlertEngineServiceTest.java:116:    void globalMuteSuppressesNewNotificationAttemptsOnly() {
core/src/main/java/com/ycsopen/sms/core/service/uplink/UplinkNormalizationService.java:8:import org.springframework.beans.factory.ObjectProvider;
core/src/main/java/com/ycsopen/sms/core/service/uplink/UplinkNormalizationService.java:31:    private final ObjectProvider<UnsubscribeComplianceService> unsubscribeService;
core/src/main/java/com/ycsopen/sms/core/service/uplink/UplinkNormalizationService.java:35:                                      ObjectProvider<UnsubscribeComplianceService> unsubscribeService) {
core/src/main/java/com/ycsopen/sms/core/service/uplink/UplinkNormalizationService.java:48:    public UplinkRecord normalizeHttpUplink(long tenantId, String sourceConnector, String sourceEventId,
core/src/main/java/com/ycsopen/sms/core/service/uplink/UplinkNormalizationService.java:54:        return normalize(new NormalizeCommand(tenantId, "HTTP", sourceConnector, sourceEventId, messageId,
core/src/main/java/com/ycsopen/sms/core/service/uplink/UplinkNormalizationService.java:60:    public UplinkRecord normalizeCmppUplink(long tenantId, String sourceConnector, String sourceEventId,
core/src/main/java/com/ycsopen/sms/core/service/uplink/UplinkNormalizationService.java:67:        return normalize(new NormalizeCommand(tenantId, "CMPP", sourceConnector, sourceEventId, messageId,
core/src/main/java/com/ycsopen/sms/core/service/uplink/UplinkNormalizationService.java:84:                    """, checked.tenantId(), checked.sourceProtocol(), checked.sourceConnector(), checked.sourceEventId(),
core/src/main/java/com/ycsopen/sms/core/service/uplink/UplinkNormalizationService.java:90:            return bySource(checked.tenantId(), checked.sourceProtocol(), checked.sourceConnector(), checked.sourceEventId());
core/src/main/java/com/ycsopen/sms/core/service/uplink/UplinkNormalizationService.java:92:        UplinkRecord record = bySource(checked.tenantId(), checked.sourceProtocol(), checked.sourceConnector(), checked.sourceEventId());
core/src/main/java/com/ycsopen/sms/core/service/uplink/UplinkNormalizationService.java:315:    private UplinkRecord bySource(long tenantId, String protocol, String sourceConnector, String sourceEventId) {
core/src/main/java/com/ycsopen/sms/core/service/uplink/UplinkNormalizationService.java:319:                """, (rs, row) -> record(rs), tenantId, protocol, sourceConnector, sourceEventId);
core/src/main/java/com/ycsopen/sms/core/service/uplink/UplinkNormalizationService.java:427:    public record NormalizeCommand(long tenantId, String sourceProtocol, String sourceConnector, String sourceEventId,
core/src/main/java/com/ycsopen/sms/core/service/uplink/UplinkNormalizationService.java:433:            if (tenantId <= 0 || text(sourceProtocol) == null || text(sourceConnector) == null
core/src/main/java/com/ycsopen/sms/core/service/uplink/UplinkNormalizationService.java:442:                    || sourceConnector.trim().length() > 64 || sourceEventId.trim().length() > 128) {
core/src/main/java/com/ycsopen/sms/core/service/uplink/UplinkNormalizationService.java:445:            return new NormalizeCommand(tenantId, protocol, sourceConnector.trim(), sourceEventId.trim(),
core/src/main/java/com/ycsopen/sms/core/service/uplink/UplinkNormalizationService.java:476:    public record UplinkRecord(long id, long tenantId, String sourceProtocol, String sourceConnector,
core/src/main/java/com/ycsopen/sms/core/notification/provider/PlatformMessageBootstrapRecursionGuard.java:8:/** In-process fence preventing the same bootstrap request from re-entering dispatch. */
core/src/main/java/com/ycsopen/sms/core/web/interceptor/HmacAuthInterceptor.java:7:import com.ycsopen.sms.core.service.routing.ApiKeyRateLimitService.RatePolicy;
core/src/main/java/com/ycsopen/sms/core/web/interceptor/HmacAuthInterceptor.java:21:    public static final String ATTR_RATE_POLICY = "ycsopen.ratePolicy";
core/src/main/java/com/ycsopen/sms/core/web/interceptor/HmacAuthInterceptor.java:64:        request.setAttribute(ATTR_RATE_POLICY, new RatePolicy(apiKey.getRateLimitPerSec(),
core/src/main/java/com/ycsopen/sms/core/notification/provider/PlatformNotificationSpi.java:3:/** Provider boundary for platform bootstrap notifications. */
core/src/main/java/com/ycsopen/sms/core/notification/provider/PlatformNotificationSpi.java:4:public interface PlatformNotificationSpi {
core/src/main/java/com/ycsopen/sms/core/notification/provider/PlatformNotificationSpi.java:5:    DeliveryOutcome send(NotificationRequest request);
core/src/main/java/com/ycsopen/sms/core/notification/provider/PlatformNotificationSpi.java:7:    record NotificationRequest(String recipient, PlatformNotificationTemplate template,
core/src/main/java/com/ycsopen/sms/core/notification/provider/PlatformNotificationSpi.java:9:        public NotificationRequest {
core/src/test/java/com/ycsopen/sms/core/service/billing/BillingServiceTest.java:10:import org.junit.jupiter.api.extension.ExtendWith;
core/src/test/java/com/ycsopen/sms/core/service/signature/SignatureLifecycleServiceTest.java:8:import com.ycsopen.sms.core.service.tenant.TenantEligibilityPolicy;
core/src/test/java/com/ycsopen/sms/core/service/signature/SignatureLifecycleServiceTest.java:30:        TenantEligibilityPolicy tenants = mock(TenantEligibilityPolicy.class);
core/src/test/java/com/ycsopen/sms/core/service/signature/SignatureLifecycleServiceTest.java:54:        SignatureLifecycleService service = service(jdbc, mock(TenantEligibilityPolicy.class));
core/src/test/java/com/ycsopen/sms/core/service/signature/SignatureLifecycleServiceTest.java:66:        SignatureLifecycleService service = service(jdbc, mock(TenantEligibilityPolicy.class));
core/src/test/java/com/ycsopen/sms/core/service/signature/SignatureLifecycleServiceTest.java:90:        SignatureLifecycleService service = service(jdbc, mock(TenantEligibilityPolicy.class));
core/src/test/java/com/ycsopen/sms/core/service/signature/SignatureLifecycleServiceTest.java:105:    void invalidReviewFiltersAndFilingPayloadsReturnBusinessErrors() {
core/src/test/java/com/ycsopen/sms/core/service/signature/SignatureLifecycleServiceTest.java:107:        SignatureLifecycleService service = service(jdbc, mock(TenantEligibilityPolicy.class),
core/src/test/java/com/ycsopen/sms/core/service/signature/SignatureLifecycleServiceTest.java:126:        SignatureLifecycleService service = service(jdbc, mock(TenantEligibilityPolicy.class),
core/src/test/java/com/ycsopen/sms/core/service/signature/SignatureLifecycleServiceTest.java:146:        SignatureLifecycleService service = service(jdbc, mock(TenantEligibilityPolicy.class),
core/src/test/java/com/ycsopen/sms/core/service/signature/SignatureLifecycleServiceTest.java:175:        SignatureLifecycleService service = service(jdbc, mock(TenantEligibilityPolicy.class),
core/src/test/java/com/ycsopen/sms/core/service/signature/SignatureLifecycleServiceTest.java:187:    private static SignatureLifecycleService service(JdbcTemplate jdbc, TenantEligibilityPolicy tenants,
core/src/test/java/com/ycsopen/sms/core/notification/provider/HttpPlatformNotificationSpiTest.java:11:class HttpPlatformNotificationSpiTest {
core/src/test/java/com/ycsopen/sms/core/notification/provider/HttpPlatformNotificationSpiTest.java:13:    void sendsTheConfiguredProviderPayloadAndReturnsOnlyTheSafeProviderMessageId() throws Exception {
core/src/test/java/com/ycsopen/sms/core/notification/provider/HttpPlatformNotificationSpiTest.java:25:            HttpPlatformNotificationSpi spi = new HttpPlatformNotificationSpi(
core/src/test/java/com/ycsopen/sms/core/notification/provider/HttpPlatformNotificationSpiTest.java:28:            PlatformNotificationSpi.DeliveryOutcome result = spi.send(
core/src/test/java/com/ycsopen/sms/core/notification/provider/HttpPlatformNotificationSpiTest.java:29:                    new PlatformNotificationSpi.NotificationRequest("13800138000",
core/src/test/java/com/ycsopen/sms/core/notification/provider/HttpPlatformNotificationSpiTest.java:30:                            PlatformNotificationTemplate.REGISTRATION, "验证码 123456", "request-42"));
core/src/test/java/com/ycsopen/sms/core/notification/provider/HttpPlatformNotificationSpiTest.java:32:            assertThat(result.status()).isEqualTo(PlatformNotificationSpi.DeliveryOutcome.Status.ACCEPTED);
core/src/main/java/com/ycsopen/sms/core/notification/provider/PlatformNotificationTemplate.java:4:public enum PlatformNotificationTemplate {
core/src/main/java/com/ycsopen/sms/core/notification/provider/PlatformNotificationTemplate.java:10:    PlatformNotificationTemplate(String code) {
core/src/main/java/com/ycsopen/sms/core/web/controller/SignatureLifecycleController.java:50:    public ApiResponse<SignatureReviewQueueResponse> reviewQueue(@RequestParam(required = false) String keyword,
core/src/main/java/com/ycsopen/sms/core/service/tool/ProviderStatusTaxonomyPort.java:3:public interface ProviderStatusTaxonomyPort {
core/src/test/java/com/ycsopen/sms/core/service/billing/FinancialSourceAnalyticsServiceTest.java:82:    void missingActiveContractKeepsProviderCostVisibleWithZeroRevenue() {
core/src/test/java/com/ycsopen/sms/core/notification/provider/PlatformMessageBootstrapServiceTest.java:12:    void sendsTypedRequestToProvider() {
core/src/test/java/com/ycsopen/sms/core/notification/provider/PlatformMessageBootstrapServiceTest.java:13:        PlatformNotificationSpi provider = request ->
core/src/test/java/com/ycsopen/sms/core/notification/provider/PlatformMessageBootstrapServiceTest.java:14:                PlatformNotificationSpi.DeliveryOutcome.accepted("provider-1");
core/src/test/java/com/ycsopen/sms/core/notification/provider/PlatformMessageBootstrapServiceTest.java:17:                .send("13800138000", PlatformNotificationTemplate.REGISTRATION,
core/src/test/java/com/ycsopen/sms/core/notification/provider/PlatformMessageBootstrapServiceTest.java:20:        assertThat(outcome.status()).isEqualTo(PlatformNotificationSpi.DeliveryOutcome.Status.ACCEPTED);
core/src/test/java/com/ycsopen/sms/core/notification/provider/PlatformMessageBootstrapServiceTest.java:36:        List<PlatformNotificationAudit> audits = new ArrayList<>();
core/src/test/java/com/ycsopen/sms/core/notification/provider/PlatformMessageBootstrapServiceTest.java:41:        var outcome = service.send("13800138000", PlatformNotificationTemplate.OPERATIONAL,
core/src/test/java/com/ycsopen/sms/core/notification/provider/PlatformMessageBootstrapServiceTest.java:44:        assertThat(outcome.status()).isEqualTo(PlatformNotificationSpi.DeliveryOutcome.Status.FAILED);
core/src/test/java/com/ycsopen/sms/core/service/archive/RetentionArchiveServiceTest.java:35:        var policy = service.savePolicy(new RetentionArchiveService.PolicyCommand(
core/src/test/java/com/ycsopen/sms/core/service/archive/RetentionArchiveServiceTest.java:61:        service.savePolicy(new RetentionArchiveService.PolicyCommand(
core/src/test/java/com/ycsopen/sms/core/service/archive/RetentionArchiveServiceTest.java:109:        service.savePolicy(new RetentionArchiveService.PolicyCommand("MESSAGE_TASKS", 730, 3, null, "7"));
core/src/main/java/com/ycsopen/sms/core/service/tool/ProviderStatusTaxonomyService.java:17:public class ProviderStatusTaxonomyService implements ProviderStatusTaxonomyPort {
core/src/main/java/com/ycsopen/sms/core/service/tool/ProviderStatusTaxonomyService.java:24:    public ProviderStatusTaxonomyService(JdbcTemplate jdbc) {
core/src/main/java/com/ycsopen/sms/core/service/tool/ProviderStatusTaxonomyService.java:80:        String normalizedProvider = text(providerName, "STATUS_PROVIDER_REQUIRED", 64);
core/src/main/java/com/ycsopen/sms/core/service/tool/ProviderStatusTaxonomyService.java:91:                """, (rs, row) -> new NormalizedStatus(normalizedProvider, normalizedProtocol, normalizedCode,
core/src/main/java/com/ycsopen/sms/core/service/tool/ProviderStatusTaxonomyService.java:94:                rs.getString("advice"), "MAPPED"), normalizedProvider, normalizedProtocol, normalizedCode);
core/src/main/java/com/ycsopen/sms/core/service/tool/ProviderStatusTaxonomyService.java:96:                ? new NormalizedStatus(normalizedProvider, normalizedProtocol, normalizedCode, null,
core/src/main/java/com/ycsopen/sms/core/notification/provider/PlatformNotificationAudit.java:6:public record PlatformNotificationAudit(String requestId, String purpose, String recipient,
core/src/main/java/com/ycsopen/sms/core/notification/provider/PlatformNotificationAudit.java:7:                                        PlatformNotificationSpi.DeliveryOutcome.Status result,
core/src/main/java/com/ycsopen/sms/core/notification/provider/PlatformNotificationAudit.java:9:    public PlatformNotificationAudit {
core/src/main/java/com/ycsopen/sms/core/notification/provider/PlatformMessageBootstrapService.java:12:@ConditionalOnBean(PlatformNotificationSpi.class)
core/src/main/java/com/ycsopen/sms/core/notification/provider/PlatformMessageBootstrapService.java:14:    private final PlatformNotificationSpi provider;
core/src/main/java/com/ycsopen/sms/core/notification/provider/PlatformMessageBootstrapService.java:16:    private final Consumer<PlatformNotificationAudit> auditSink;
core/src/main/java/com/ycsopen/sms/core/notification/provider/PlatformMessageBootstrapService.java:19:    public PlatformMessageBootstrapService(PlatformNotificationSpi provider) {
core/src/main/java/com/ycsopen/sms/core/notification/provider/PlatformMessageBootstrapService.java:23:    public PlatformMessageBootstrapService(PlatformNotificationSpi provider,
core/src/main/java/com/ycsopen/sms/core/notification/provider/PlatformMessageBootstrapService.java:25:                                           Consumer<PlatformNotificationAudit> auditSink) {
core/src/main/java/com/ycsopen/sms/core/notification/provider/PlatformMessageBootstrapService.java:31:    public PlatformNotificationSpi.DeliveryOutcome send(String recipient,
core/src/main/java/com/ycsopen/sms/core/notification/provider/PlatformMessageBootstrapService.java:32:                                                        PlatformNotificationTemplate template,
core/src/main/java/com/ycsopen/sms/core/notification/provider/PlatformMessageBootstrapService.java:36:            var blocked = PlatformNotificationSpi.DeliveryOutcome.blocked("RECURSION");
core/src/main/java/com/ycsopen/sms/core/notification/provider/PlatformMessageBootstrapService.java:37:            auditSink.accept(new PlatformNotificationAudit(requestId, template.code(), recipient,
core/src/main/java/com/ycsopen/sms/core/notification/provider/PlatformMessageBootstrapService.java:42:            var outcome = provider.send(new PlatformNotificationSpi.NotificationRequest(
core/src/main/java/com/ycsopen/sms/core/notification/provider/PlatformMessageBootstrapService.java:44:            auditSink.accept(new PlatformNotificationAudit(requestId, template.code(), recipient,
core/src/main/java/com/ycsopen/sms/core/notification/provider/PlatformMessageBootstrapService.java:49:            var failed = PlatformNotificationSpi.DeliveryOutcome.failed(retry.name());
core/src/main/java/com/ycsopen/sms/core/notification/provider/PlatformMessageBootstrapService.java:50:            auditSink.accept(new PlatformNotificationAudit(requestId, template.code(), recipient,
core/src/test/java/com/ycsopen/sms/core/service/complaint/ComplaintRatioDashboardServiceTest.java:46:        assertThat(rows.get(0).freshnessPolicy()).isEqualTo("T_PLUS_1_DAILY");
core/src/test/java/com/ycsopen/sms/core/common/security/logging/SecurityRedactionConverterTest.java:21:    void removesCrlfTokenUrlEnvelopeProviderCredentialAndProtectedCanaries() {
core/src/main/java/com/ycsopen/sms/core/service/tool/NumberAttributionService.java:31:    private final PortabilityProvider provider;
core/src/main/java/com/ycsopen/sms/core/service/tool/NumberAttributionService.java:37:    NumberAttributionService(JdbcTemplate jdbc, PortabilityProvider provider) {
core/src/main/java/com/ycsopen/sms/core/service/tool/NumberAttributionService.java:89:    public AttributionResult lookup(String mobile, boolean forceProviderFailure) {
core/src/main/java/com/ycsopen/sms/core/service/tool/NumberAttributionService.java:93:        if (!forceProviderFailure) {
core/src/main/java/com/ycsopen/sms/core/service/tool/NumberAttributionService.java:106:                    "PREFIX_FALLBACK_DEGRADED", "NO_PREFIX", null, forceProviderFailure);
core/src/main/java/com/ycsopen/sms/core/service/tool/NumberAttributionService.java:109:                forceProviderFailure ? "PREFIX_FALLBACK_DEGRADED" : "PREFIX", prefix.sourceName(), null, forceProviderFailure);
core/src/main/java/com/ycsopen/sms/core/service/tool/NumberAttributionService.java:251:    public interface PortabilityProvider {
core/src/test/java/com/ycsopen/sms/core/service/complaint/ComplaintCaseServiceTest.java:192:    void partialFailureIsVisibleAndRecoveryReferencesOriginalCaseAndReview() {
core/src/test/java/com/ycsopen/sms/core/service/complaint/ComplaintCaseServiceTest.java:211:        assertThat(recovered.authorizedReviewId()).isEqualTo("review-41-recovery");
core/src/main/java/com/ycsopen/sms/core/service/billing/ContractPricingService.java:19:public class ContractPricingService {
core/src/main/java/com/ycsopen/sms/core/service/billing/ContractPricingService.java:25:    public ContractPricingService(JdbcTemplate jdbc) {
core/src/test/java/com/ycsopen/sms/core/service/complaint/ComplaintRatioServiceTest.java:12:import org.junit.jupiter.api.extension.ExtendWith;
core/src/test/java/com/ycsopen/sms/core/service/billing/TenantRechargeServiceTest.java:51:        var approved = service.review(record.id(), new TenantRechargeService.ReviewCommand(true, "到账一致"), "finance");
core/src/test/java/com/ycsopen/sms/core/service/billing/TenantRechargeServiceTest.java:52:        var duplicateReview = service.review(record.id(), new TenantRechargeService.ReviewCommand(true, "重复点击"), "finance");
core/src/test/java/com/ycsopen/sms/core/service/billing/TenantRechargeServiceTest.java:55:        assertThat(duplicateReview.status()).isEqualTo("APPROVED");
core/src/test/java/com/ycsopen/sms/core/service/billing/TenantRechargeServiceTest.java:67:        var rejected = service.review(record.id(), new TenantRechargeService.ReviewCommand(false, "金额未到账"), "finance");
core/src/test/java/com/ycsopen/sms/core/common/security/JwtAccessVerifierTest.java:9:import org.junit.jupiter.api.extension.ExtendWith;
core/src/test/java/com/ycsopen/sms/core/common/security/migration/ProtectedDataManifestTest.java:52:    void loadsOnlyTheReviewedTargetUnionAndCanonicalDigest() {
core/src/test/java/com/ycsopen/sms/core/common/security/migration/ProtectedDataManifestTest.java:74:    void rejectsDigestDriftUnknownTargetsAndReviewedDispositionChanges() throws Exception {
core/src/test/java/com/ycsopen/sms/core/common/security/migration/ProtectedDataManifestTest.java:126:    void unresolvedReviewedManifestBlocksBeforeThePairedBoundary() throws Exception {
core/src/main/java/com/ycsopen/sms/core/config/SecurityConfig.java:5:import com.ycsopen.sms.core.common.security.JwtTokenProvider;
core/src/main/java/com/ycsopen/sms/core/config/SecurityConfig.java:12:import org.springframework.security.config.http.SessionCreationPolicy;
core/src/main/java/com/ycsopen/sms/core/config/SecurityConfig.java:34:    public SecurityFilterChain filterChain(HttpSecurity http, JwtTokenProvider jwtTokenProvider,
core/src/main/java/com/ycsopen/sms/core/config/SecurityConfig.java:37:            .sessionManagement(sm -> sm.sessionCreationPolicy(SessionCreationPolicy.STATELESS))
core/src/main/java/com/ycsopen/sms/core/config/SecurityConfig.java:73:            .addFilterBefore(new JwtAuthenticationFilter(jwtTokenProvider, jwtAccessVerifier),
core/src/test/java/com/ycsopen/sms/core/common/security/migration/ProductionMigrationCommandServicesFactoryTest.java:84:                .stream().map(ServiceLoader.Provider::type).toList();
core/src/test/java/com/ycsopen/sms/core/common/security/migration/ProductionMigrationCommandServicesFactoryTest.java:94:                .stream().map(ServiceLoader.Provider::get)
core/src/test/java/com/ycsopen/sms/core/common/security/migration/ProductionMigrationCommandServicesFactoryTest.java:270:    void threeArgumentLauncherReachesProviderAndSanitizesClosedConfigFailure() {
core/src/test/java/com/ycsopen/sms/core/common/security/key/pkcs11/Pkcs11ProviderFactoryTest.java:9:import java.security.Provider;
core/src/test/java/com/ycsopen/sms/core/common/security/key/pkcs11/Pkcs11ProviderFactoryTest.java:18:class Pkcs11ProviderFactoryTest {
core/src/test/java/com/ycsopen/sms/core/common/security/key/pkcs11/Pkcs11ProviderFactoryTest.java:32:        Pkcs11ProviderFactory factory = new Pkcs11ProviderFactory(
core/src/test/java/com/ycsopen/sms/core/common/security/key/pkcs11/Pkcs11ProviderFactoryTest.java:39:        Pkcs11ProviderFactory.Session session = factory.open(properties(module, descriptors()));
core/src/test/java/com/ycsopen/sms/core/common/security/key/pkcs11/Pkcs11ProviderFactoryTest.java:54:        assertThat(Pkcs11ProviderFactory.normalizeP11SecretKeyBits("32")).isEqualTo(256);
core/src/test/java/com/ycsopen/sms/core/common/security/key/pkcs11/Pkcs11ProviderFactoryTest.java:55:        assertThatThrownBy(() -> Pkcs11ProviderFactory.normalizeP11SecretKeyBits("invalid"))
core/src/test/java/com/ycsopen/sms/core/common/security/key/pkcs11/Pkcs11ProviderFactoryTest.java:58:        assertThatThrownBy(() -> Pkcs11ProviderFactory.normalizeP11SecretKeyBits("268435456"))
core/src/test/java/com/ycsopen/sms/core/common/security/key/pkcs11/Pkcs11ProviderFactoryTest.java:64:    void rejectsNonAllowlistedDuplicateAndCrossPurposeAliasesBeforeProviderUse() throws Exception {
core/src/test/java/com/ycsopen/sms/core/common/security/key/pkcs11/Pkcs11ProviderFactoryTest.java:96:    void failsClosedForMissingWrongSizeExtractableAndUnexpectedProvider() throws Exception {
core/src/test/java/com/ycsopen/sms/core/common/security/key/pkcs11/Pkcs11ProviderFactoryTest.java:102:                (alias, key) -> new Pkcs11ProviderFactory.TokenKey(
core/src/test/java/com/ycsopen/sms/core/common/security/key/pkcs11/Pkcs11ProviderFactoryTest.java:105:                (alias, key) -> new Pkcs11ProviderFactory.TokenKey(
core/src/test/java/com/ycsopen/sms/core/common/security/key/pkcs11/Pkcs11ProviderFactoryTest.java:108:        Pkcs11ProviderFactory wrongProvider = new Pkcs11ProviderFactory(
core/src/test/java/com/ycsopen/sms/core/common/security/key/pkcs11/Pkcs11ProviderFactoryTest.java:111:        assertThatThrownBy(() -> wrongProvider.open(properties))
core/src/test/java/com/ycsopen/sms/core/common/security/key/pkcs11/Pkcs11ProviderFactoryTest.java:120:                                        java.util.function.Consumer<Map<String, Pkcs11ProviderFactory.TokenKey>> mutation) {
core/src/test/java/com/ycsopen/sms/core/common/security/key/pkcs11/Pkcs11ProviderFactoryTest.java:121:        Pkcs11ProviderFactory factory = new Pkcs11ProviderFactory(
core/src/test/java/com/ycsopen/sms/core/common/security/key/pkcs11/Pkcs11ProviderFactoryTest.java:124:                    Map<String, Pkcs11ProviderFactory.TokenKey> keys = validTokenInventory(
core/src/test/java/com/ycsopen/sms/core/common/security/key/pkcs11/Pkcs11ProviderFactoryTest.java:138:    private Map<String, Pkcs11ProviderFactory.TokenKey> validTokenInventory(
core/src/test/java/com/ycsopen/sms/core/common/security/key/pkcs11/Pkcs11ProviderFactoryTest.java:139:            Provider provider, char[] pin, List<Pkcs11KeyDescriptor> descriptors) {
core/src/test/java/com/ycsopen/sms/core/common/security/key/pkcs11/Pkcs11ProviderFactoryTest.java:141:        Map<String, Pkcs11ProviderFactory.TokenKey> keys = new HashMap<>();
core/src/test/java/com/ycsopen/sms/core/common/security/key/pkcs11/Pkcs11ProviderFactoryTest.java:145:            keys.put(descriptor.alias(), new Pkcs11ProviderFactory.TokenKey(
core/src/test/java/com/ycsopen/sms/core/common/security/key/pkcs11/Pkcs11ProviderFactoryTest.java:187:    private static Provider provider(String name) {
core/src/test/java/com/ycsopen/sms/core/common/security/key/pkcs11/Pkcs11ProviderFactoryTest.java:188:        return new Provider(name, "1.0", "unit provider") {
core/src/main/java/com/ycsopen/sms/core/web/controller/AdminTenantController.java:6:import com.ycsopen.sms.core.service.tenant.TenantReviewService;
core/src/main/java/com/ycsopen/sms/core/web/controller/AdminTenantController.java:10:import org.springframework.beans.factory.ObjectProvider;
core/src/main/java/com/ycsopen/sms/core/web/controller/AdminTenantController.java:32:    private final TenantReviewService reviews;
core/src/main/java/com/ycsopen/sms/core/web/controller/AdminTenantController.java:33:    private final ObjectProvider<QualificationInspectionService> inspections;
core/src/main/java/com/ycsopen/sms/core/web/controller/AdminTenantController.java:34:    private final ObjectProvider<QualificationEvidenceService> evidence;
core/src/main/java/com/ycsopen/sms/core/web/controller/AdminTenantController.java:37:    public AdminTenantController(TenantReviewService reviews,
core/src/main/java/com/ycsopen/sms/core/web/controller/AdminTenantController.java:38:                                 ObjectProvider<QualificationInspectionService> inspections,
core/src/main/java/com/ycsopen/sms/core/web/controller/AdminTenantController.java:39:                                 ObjectProvider<QualificationEvidenceService> evidence,
core/src/main/java/com/ycsopen/sms/core/web/controller/AdminTenantController.java:49:    public ResponseEntity<ApiResponse<List<TenantReviewService.ReviewView>>> list() {
core/src/main/java/com/ycsopen/sms/core/web/controller/AdminTenantController.java:55:    public ResponseEntity<ApiResponse<TenantReviewService.ReviewView>> get(@PathVariable long tenantId) {
core/src/main/java/com/ycsopen/sms/core/web/controller/AdminTenantController.java:61:    public ResponseEntity<ApiResponse<TenantReviewService.ReviewView>> inspect(
core/src/main/java/com/ycsopen/sms/core/web/controller/AdminTenantController.java:71:    public ResponseEntity<ApiResponse<TenantReviewService.ReviewView>> decide(
core/src/main/java/com/ycsopen/sms/core/web/controller/AdminTenantController.java:112:        QualificationEvidenceService.EvidenceContent content = service.readForReviewer(
core/src/main/java/com/ycsopen/sms/core/web/controller/AdminTenantController.java:122:    @ExceptionHandler({TenantReviewService.ReviewFailure.class,
core/src/main/java/com/ycsopen/sms/core/web/controller/AdminTenantController.java:148:    public record DecisionRequest(long expectedRevision, TenantReviewService.Decision decision,
core/src/test/java/com/ycsopen/sms/core/service/tenant/TenantReviewServiceTest.java:23:class TenantReviewServiceTest {
core/src/test/java/com/ycsopen/sms/core/service/tenant/TenantReviewServiceTest.java:30:    private TenantReviewService service;
core/src/test/java/com/ycsopen/sms/core/service/tenant/TenantReviewServiceTest.java:47:        tenant.setInspectionProviderRequestId("req-safe-1");
core/src/test/java/com/ycsopen/sms/core/service/tenant/TenantReviewServiceTest.java:60:        service = new TenantReviewService(tenants, accounts, users, clock, 500, 14);
core/src/test/java/com/ycsopen/sms/core/service/tenant/TenantReviewServiceTest.java:65:        assertThatThrownBy(() -> service.decide(42L, 7, TenantReviewService.Decision.APPROVE,
core/src/test/java/com/ycsopen/sms/core/service/tenant/TenantReviewServiceTest.java:67:                .isInstanceOf(TenantReviewService.ReviewFailure.class)
core/src/test/java/com/ycsopen/sms/core/service/tenant/TenantReviewServiceTest.java:70:        TenantReviewService.ReviewView result = service.decide(42L, 7,
core/src/test/java/com/ycsopen/sms/core/service/tenant/TenantReviewServiceTest.java:71:                TenantReviewService.Decision.APPROVE, "资料核验通过", true, "101");
core/src/test/java/com/ycsopen/sms/core/service/tenant/TenantReviewServiceTest.java:80:        verify(tenants).appendReviewEvent(42L, "APPROVED", "PENDING", "VERIFIED",
core/src/test/java/com/ycsopen/sms/core/service/tenant/TenantReviewServiceTest.java:83:        assertThatThrownBy(() -> service.decide(42L, 7, TenantReviewService.Decision.APPROVE,
core/src/test/java/com/ycsopen/sms/core/service/tenant/TenantReviewServiceTest.java:85:                .isInstanceOf(TenantReviewService.ReviewFailure.class);
core/src/test/java/com/ycsopen/sms/core/service/tenant/TenantReviewServiceTest.java:91:        assertThatThrownBy(() -> service.decide(42L, 6, TenantReviewService.Decision.REJECT,
core/src/test/java/com/ycsopen/sms/core/service/tenant/TenantReviewServiceTest.java:94:        assertThatThrownBy(() -> service.decide(42L, 7, TenantReviewService.Decision.APPROVE,
core/src/test/java/com/ycsopen/sms/core/service/tenant/TenantReviewServiceTest.java:102:        TenantReviewService.ReviewView rejected = service.decide(42L, 7,
core/src/test/java/com/ycsopen/sms/core/service/tenant/TenantReviewServiceTest.java:103:                TenantReviewService.Decision.REJECT, "证件信息不一致", false, "101");
core/src/test/java/com/ycsopen/sms/core/service/tenant/TenantReviewServiceTest.java:113:        TenantReviewService.ReviewView supplemented = service.decide(42L, 7,
core/src/test/java/com/ycsopen/sms/core/service/tenant/TenantReviewServiceTest.java:114:                TenantReviewService.Decision.SUPPLEMENT_REQUIRED, "请补充有效期证明", false, "101");
core/src/test/java/com/ycsopen/sms/core/service/tenant/TenantReviewServiceTest.java:121:        verify(tenants).appendReviewEvent(42L, "SUPPLEMENT_REQUIRED", "PENDING",
core/src/test/java/com/ycsopen/sms/core/service/tenant/TenantReviewServiceTest.java:127:        assertThatThrownBy(() -> service.decide(42L, 7, TenantReviewService.Decision.REJECT,
core/src/test/java/com/ycsopen/sms/core/service/tenant/TenantReviewServiceTest.java:129:        TenantReviewService.ReviewView view = service.view(tenant, null);
core/src/test/java/com/ycsopen/sms/core/service/tenant/TenantReviewServiceTest.java:136:    void safeReviewViewCarriesTheEditableBusinessMetadata() {
core/src/test/java/com/ycsopen/sms/core/service/tenant/TenantReviewServiceTest.java:147:        TenantReviewService.ReviewView view = service.view(tenant, account);
core/src/test/java/com/ycsopen/sms/core/service/tenant/TenantReviewServiceTest.java:158:    void safeReviewViewUsesNullAccountRevisionBeforeInitialApprovalCreatesAnAccount() {
core/src/test/java/com/ycsopen/sms/core/service/tenant/TenantReviewServiceTest.java:159:        TenantReviewService.ReviewView view = service.view(tenant, null);
core/src/test/java/com/ycsopen/sms/core/service/tenant/TenantReviewServiceTest.java:176:                    TenantReviewService.Decision.REJECT, reason, false, "101"));
core/src/test/java/com/ycsopen/sms/core/service/tenant/TenantReviewServiceTest.java:182:        verify(tenants, never()).appendReviewEvent(anyLong(), anyString(), anyString(), anyString(),
core/src/test/java/com/ycsopen/sms/core/service/tenant/TenantReviewServiceTest.java:191:                .isInstanceOf(TenantReviewService.ReviewFailure.class)
core/src/test/java/com/ycsopen/sms/core/service/tenant/TenantReviewServiceTest.java:194:        verify(tenants, never()).appendReviewEvent(anyLong(), anyString(), anyString(), anyString(),
core/src/test/java/com/ycsopen/sms/core/service/risk/ContentSafetyServiceTest.java:6:import com.ycsopen.sms.core.service.routing.ContentReviewChecker;
core/src/test/java/com/ycsopen/sms/core/service/risk/ContentSafetyServiceTest.java:8:import org.junit.jupiter.api.extension.ExtendWith;
core/src/test/java/com/ycsopen/sms/core/service/risk/ContentSafetyServiceTest.java:28:    @Mock ContentReviewChecker checker;
core/src/test/java/com/ycsopen/sms/core/service/risk/ContentSafetyServiceTest.java:32:    void savesValidatedTenantPolicyAndDefaultsReplacement() {
core/src/test/java/com/ycsopen/sms/core/service/risk/ContentSafetyServiceTest.java:41:        var row = service().save(new ContentSafetyService.PolicyRequest(null, "营销", "MARKETING",
core/src/test/java/com/ycsopen/sms/core/service/risk/ContentSafetyServiceTest.java:52:    void rejectsScopedPolicyWithoutScopeReference() {
core/src/test/java/com/ycsopen/sms/core/service/risk/ContentSafetyServiceTest.java:53:        assertThatThrownBy(() -> service().save(new ContentSafetyService.PolicyRequest(null, "营销",
core/src/test/java/com/ycsopen/sms/core/service/risk/ContentSafetyServiceTest.java:95:    void disableSoftDeletesPolicyForAuditReplay() {
core/src/test/java/com/ycsopen/sms/core/service/risk/ContentSafetyServiceTest.java:115:        when(checker.preview(any())).thenReturn(new ContentReviewChecker.Result(false, null, "安全内容"));
core/src/test/java/com/ycsopen/sms/core/common/security/key/pkcs11/SunPkcs11KeyAdapterTest.java:32:import java.security.Provider;
core/src/test/java/com/ycsopen/sms/core/common/security/key/pkcs11/SunPkcs11KeyAdapterTest.java:71:    void reserveNonceProviderOrderingIsOwnedByOneWrapAndFailureConsumesReservation() throws Exception {
core/src/test/java/com/ycsopen/sms/core/common/security/key/pkcs11/SunPkcs11KeyAdapterTest.java:434:        Pkcs11ProviderFactory factory = new Pkcs11ProviderFactory(
core/src/test/java/com/ycsopen/sms/core/common/security/key/pkcs11/SunPkcs11KeyAdapterTest.java:438:                        descriptor -> new Pkcs11ProviderFactory.TokenKey(
core/src/test/java/com/ycsopen/sms/core/common/security/key/pkcs11/SunPkcs11KeyAdapterTest.java:443:        Pkcs11ProviderFactory.Session session = factory.open(properties);
core/src/test/java/com/ycsopen/sms/core/common/security/key/pkcs11/SunPkcs11KeyAdapterTest.java:656:    private static Provider provider(String name) {
core/src/test/java/com/ycsopen/sms/core/common/security/key/pkcs11/SunPkcs11KeyAdapterTest.java:657:        return new Provider(name, "1.0", "unit provider") {
core/src/test/java/com/ycsopen/sms/core/service/channel/ChannelDependencyInventoryTest.java:10:    void inventoryReportsExistingReferencesAndExplicitZeroForUnimplementedPriceProvider() {
core/src/test/java/com/ycsopen/sms/core/service/channel/ChannelDependencyInventoryTest.java:22:        assertThat(service.declaredProviderCounts(1).priceDependencies()).isZero();
core/src/test/java/com/ycsopen/sms/core/service/risk/BlacklistRiskControlServiceTest.java:66:    void configuresProviderRecordsBatchAndDegradedDecisionsAndAppealsImmutableHistory() {
core/src/test/java/com/ycsopen/sms/core/service/risk/BlacklistRiskControlServiceTest.java:69:        service.saveProvider(new BlacklistRiskControlService.RiskProviderConfigRequest(
core/src/test/java/com/ycsopen/sms/core/service/tenant/QualificationInspectionServiceTest.java:25:    private final QualificationInspectionSpi provider = mock(QualificationInspectionSpi.class);
core/src/test/java/com/ycsopen/sms/core/service/tenant/QualificationInspectionServiceTest.java:26:    private final TenantReviewService reviews = mock(TenantReviewService.class);
core/src/test/java/com/ycsopen/sms/core/service/tenant/QualificationInspectionServiceTest.java:55:    void completedProviderCallPersistsOnlySafeFactsAndLeavesDecisionToHuman() {
core/src/test/java/com/ycsopen/sms/core/service/tenant/QualificationInspectionServiceTest.java:56:        when(provider.inspect(any())).thenReturn(new QualificationInspectionSpi.Facts(
core/src/test/java/com/ycsopen/sms/core/service/tenant/QualificationInspectionServiceTest.java:61:        assertThat(tenant.getInspectionProviderRequestId()).isEqualTo("safe-req-1");
core/src/test/java/com/ycsopen/sms/core/service/tenant/QualificationInspectionServiceTest.java:68:        when(provider.inspect(any())).thenThrow(QualificationInspectionSpi.Failure.unavailable());
core/src/test/java/com/ycsopen/sms/core/service/tenant/QualificationInspectionServiceTest.java:73:        assertThat(tenant.getInspectionProviderRequestId()).isNull();
core/src/test/java/com/ycsopen/sms/core/service/tenant/QualificationInspectionServiceTest.java:79:    void staleRevisionIsRejectedBeforeEvidenceOrProviderAccess() {
core/src/test/java/com/ycsopen/sms/core/common/security/migration/snapshot/MySqlSnapshotProcessTest.java:12:import com.ycsopen.sms.core.common.security.migration.snapshot.MySqlSnapshotProcess.FixedArgumentClient.TrustedExecutablePolicy;
core/src/test/java/com/ycsopen/sms/core/common/security/migration/snapshot/MySqlSnapshotProcessTest.java:71:        assertPolicyRejected(reader -> reader.replace(
core/src/test/java/com/ycsopen/sms/core/common/security/migration/snapshot/MySqlSnapshotProcessTest.java:74:        assertPolicyRejected(reader -> reader.replace(
core/src/test/java/com/ycsopen/sms/core/common/security/migration/snapshot/MySqlSnapshotProcessTest.java:77:        assertPolicyRejected(reader -> reader.replace(
core/src/test/java/com/ycsopen/sms/core/common/security/migration/snapshot/MySqlSnapshotProcessTest.java:80:        assertPolicyRejected(reader -> reader.replace(
core/src/test/java/com/ycsopen/sms/core/common/security/migration/snapshot/MySqlSnapshotProcessTest.java:83:        assertPolicyRejected(reader -> reader.replace(
core/src/test/java/com/ycsopen/sms/core/common/security/migration/snapshot/MySqlSnapshotProcessTest.java:219:                TrustedExecutablePolicy.system(() -> new RuntimeIdentity(501, 501)),
core/src/test/java/com/ycsopen/sms/core/common/security/migration/snapshot/MySqlSnapshotProcessTest.java:245:    private static void assertPolicyRejected(
core/src/test/java/com/ycsopen/sms/core/common/security/migration/snapshot/MySqlSnapshotProcessTest.java:299:    private static TrustedExecutablePolicy policy(
core/src/test/java/com/ycsopen/sms/core/common/security/migration/snapshot/MySqlSnapshotProcessTest.java:304:    private static TrustedExecutablePolicy policy(
core/src/test/java/com/ycsopen/sms/core/common/security/migration/snapshot/MySqlSnapshotProcessTest.java:306:        return new TrustedExecutablePolicy(
core/src/test/java/com/ycsopen/sms/core/common/security/migration/LegacyValueClassifierTest.java:50:    void approvesOnlyTheReviewedNonmagicLegacyRule() {
core/src/test/java/com/ycsopen/sms/core/service/risk/TenantRiskAutoPauseServiceTest.java:75:    void recoveryRequiresAuthorizedReviewAndRestoresOriginalLifecycleWithEvidence() {
core/src/test/java/com/ycsopen/sms/core/service/risk/TenantRiskAutoPauseServiceTest.java:92:        assertThat(recovered.recoveryReviewId()).isEqualTo("review-42-1");
core/src/test/java/com/ycsopen/sms/core/service/channel/ChannelConfigurationHotReloadTest.java:44:        assertThat(snapshot.spId()).isEqualTo("SPID10");
core/src/test/java/com/ycsopen/sms/core/service/channel/ChannelConfigurationHotReloadTest.java:53:        assertThat(payload).contains("\"spId\":\"SPID10\"", "\"serviceId\":\"svc10\"", "\"srcId\":\"SRC10\"",
core/src/test/java/com/ycsopen/sms/core/service/tenant/QualificationObjectAuthorizationTest.java:45:    void permitsOnlyLiveReviewerPermissionForAnOwnedClaimedEvidenceObject() {
core/src/test/java/com/ycsopen/sms/core/service/tenant/QualificationObjectAuthorizationTest.java:53:    void systemInspectionSubjectIsPurposeExactAndCannotAuthorizeReviewerReads() {
core/src/test/java/com/ycsopen/sms/core/common/security/key/lifecycle/KeyLifecycleServiceTest.java:312:    void tokenPurposesCannotShareProviderReference() {
core/src/main/java/com/ycsopen/sms/core/web/controller/DispatchRecoveryController.java:19:@RequestMapping("/api/v1/console/dispatch-recovery")
core/src/test/java/com/ycsopen/sms/core/common/security/persistence/MessageTaskProtectionAdapterTest.java:114:        PreparedMessageRouting routing = adapter.prepareForRouting(17L, MESSAGE_ID, MOBILE);
core/src/test/java/com/ycsopen/sms/core/common/security/persistence/MessageTaskProtectionAdapterTest.java:191:        assertThatThrownBy(() -> adapter.prepareForRouting(0L, MESSAGE_ID, MOBILE))
core/src/test/java/com/ycsopen/sms/core/common/security/persistence/MessageTaskProtectionAdapterTest.java:193:        assertThatThrownBy(() -> adapter.prepareForRouting(17L, "not-generated", MOBILE))
core/src/test/java/com/ycsopen/sms/core/common/security/persistence/MessageTaskProtectionAdapterTest.java:195:        assertThatThrownBy(() -> adapter.prepareForRouting(17L, MESSAGE_ID, "1380013800"))
core/src/test/java/com/ycsopen/sms/core/common/security/persistence/MessageTaskProtectionAdapterTest.java:199:        PreparedMessageRouting routing = adapter.prepareForRouting(17L, MESSAGE_ID, MOBILE);
core/src/test/java/com/ycsopen/sms/core/common/security/persistence/MessageTaskProtectionAdapterTest.java:207:        assertThatThrownBy(() -> adapter.prepareForRouting(17L, MESSAGE_ID, MOBILE))
core/src/test/java/com/ycsopen/sms/core/common/security/persistence/MessageTaskProtectionAdapterTest.java:233:    void persistenceProtectionRejectsMobileThatDoesNotMatchOpaqueRoutingCapabilityBeforeWrap() {
core/src/test/java/com/ycsopen/sms/core/common/security/persistence/MessageTaskProtectionAdapterTest.java:236:        PreparedMessageRouting routing = adapter.prepareForRouting(17L, MESSAGE_ID, MOBILE);
core/src/test/java/com/ycsopen/sms/core/common/security/persistence/MessageTaskProtectionAdapterTest.java:270:        PreparedMessageRouting routing = adapter.prepareForRouting(17L, MESSAGE_ID, MOBILE);
core/src/test/java/com/ycsopen/sms/core/common/security/persistence/MessageTaskProtectionAdapterTest.java:289:        PreparedMessageRouting routing = adapter.prepareForRouting(17L, MESSAGE_ID, MOBILE);
core/src/test/java/com/ycsopen/sms/core/common/security/persistence/MessageTaskProtectionAdapterTest.java:425:        PreparedMessageRouting routing = adapter.prepareForRouting(tenantId, messageId, mobile);
core/src/test/java/com/ycsopen/sms/core/service/risk/FrequencyRuleServiceTest.java:7:import org.junit.jupiter.api.extension.ExtendWith;
core/src/main/java/com/ycsopen/sms/core/service/billing/TenantRechargeService.java:74:    public RechargeRecord review(long rechargeId, ReviewCommand command, String actor) {
core/src/main/java/com/ycsopen/sms/core/service/billing/TenantRechargeService.java:75:        ReviewCommand checked = command.checked();
core/src/main/java/com/ycsopen/sms/core/service/billing/TenantRechargeService.java:181:    public record ReviewCommand(boolean approved, String reason) {
core/src/main/java/com/ycsopen/sms/core/service/billing/TenantRechargeService.java:182:        ReviewCommand checked() {
core/src/main/java/com/ycsopen/sms/core/service/billing/TenantRechargeService.java:183:            return new ReviewCommand(approved, text(reason, "RECHARGE_REVIEW_REASON_REQUIRED", 255));
core/src/test/java/com/ycsopen/sms/core/common/security/persistence/CurrentProtectedReaderFenceTest.java:18:import com.ycsopen.sms.core.service.routing.RoutingContext;
core/src/test/java/com/ycsopen/sms/core/common/security/persistence/CurrentProtectedReaderFenceTest.java:158:                RoutingContext.builder().tenantId(42L).build());
core/src/test/java/com/ycsopen/sms/core/common/security/persistence/CurrentProtectedReaderFenceTest.java:204:                .contains("messageTaskProtectionAdapter.prepareForRouting",
core/src/test/java/com/ycsopen/sms/core/common/security/persistence/CurrentProtectedReaderFenceTest.java:205:                        ".mobileQueryIndexes(preparedRouting.queryIndexes())",
core/src/test/java/com/ycsopen/sms/core/common/security/persistence/CurrentProtectedReaderFenceTest.java:206:                        ".legacyMobileLookupToken(preparedRouting.legacyLookupToken())",
core/src/test/java/com/ycsopen/sms/core/common/security/persistence/CurrentProtectedReaderFenceTest.java:210:        assertThat(readSource("core/src/main/java/com/ycsopen/sms/core/service/routing/RoutingContext.java"))
core/src/test/java/com/ycsopen/sms/core/common/security/key/lifecycle/EnvelopeReferenceInventoryTest.java:16:    void fixedDatabaseEnvelopeSourcesExactlyMatchReviewedInventory() throws Exception {
core/src/main/java/com/ycsopen/sms/core/repository/TenantRepository.java:37:    int appendReviewEvent(@org.springframework.data.repository.query.Param("tenantId") Long tenantId,
core/src/main/java/com/ycsopen/sms/core/web/controller/ResourceReviewHistoryController.java:3:import com.ycsopen.sms.core.service.review.ResourceReviewHistoryService;
core/src/main/java/com/ycsopen/sms/core/web/controller/ResourceReviewHistoryController.java:5:import com.ycsopen.sms.core.web.dto.ResourceReviewHistoryItem;
core/src/main/java/com/ycsopen/sms/core/web/controller/ResourceReviewHistoryController.java:18:public class ResourceReviewHistoryController {
core/src/main/java/com/ycsopen/sms/core/web/controller/ResourceReviewHistoryController.java:19:    private final ResourceReviewHistoryService service;
core/src/main/java/com/ycsopen/sms/core/web/controller/ResourceReviewHistoryController.java:21:    public ResourceReviewHistoryController(ResourceReviewHistoryService service) {
core/src/main/java/com/ycsopen/sms/core/web/controller/ResourceReviewHistoryController.java:27:    public ApiResponse<List<ResourceReviewHistoryItem>> search(@RequestParam(required = false) String resourceType,
core/src/main/java/com/ycsopen/sms/core/web/controller/ResourceReviewHistoryController.java:42:    public ApiResponse<ResourceReviewHistoryItem> detail(@RequestParam String decisionId) {
core/src/main/java/com/ycsopen/sms/core/web/dto/ExemptionPolicyPreviewRequest.java:3:public record ExemptionPolicyPreviewRequest(
core/src/test/java/com/ycsopen/sms/core/common/security/persistence/BlacklistEntryProtectionAdapterTest.java:143:    void extraQueryableKeyNotReturnedByProviderFailsBeforeAnyBusinessWrite() {
core/src/test/java/com/ycsopen/sms/core/common/security/persistence/BlacklistEntryProtectionAdapterTest.java:155:    void staleIdentityPolicyEnvelopeOrMetadataFailsClosedWithoutPartialDelete() {
core/src/test/java/com/ycsopen/sms/core/common/security/JwtSecurityBoundaryTest.java:40:    private JwtTokenProvider tokens;
core/src/test/java/com/ycsopen/sms/core/common/security/JwtSecurityBoundaryTest.java:84:        String token = new JwtTokenProvider(FORGED_SECRET, 10)
core/src/test/java/com/ycsopen/sms/core/common/security/JwtSecurityBoundaryTest.java:94:        String token = new JwtTokenProvider(SIGNING_SECRET, -1)
core/src/test/java/com/ycsopen/sms/core/common/security/JwtSecurityBoundaryTest.java:113:        JwtTokenProvider.IssuedToken issued = tokens.issueToken(42L, "TENANT_USER", 7L);
core/src/test/java/com/ycsopen/sms/core/common/security/JwtSecurityBoundaryTest.java:138:        JwtTokenProvider jwtTokenProvider() {
core/src/test/java/com/ycsopen/sms/core/common/security/JwtSecurityBoundaryTest.java:139:            return new JwtTokenProvider(SIGNING_SECRET, 10);
core/src/main/java/com/ycsopen/sms/core/service/risk/ContentSafetyService.java:6:import com.ycsopen.sms.core.service.routing.ContentReviewChecker;
core/src/main/java/com/ycsopen/sms/core/service/risk/ContentSafetyService.java:7:import com.ycsopen.sms.core.service.routing.RoutingContext;
core/src/main/java/com/ycsopen/sms/core/service/risk/ContentSafetyService.java:30:    private final ContentReviewChecker checker;
core/src/main/java/com/ycsopen/sms/core/service/risk/ContentSafetyService.java:33:    public ContentSafetyService(SensitiveWordRepository repository, ContentReviewChecker checker, JdbcTemplate jdbc) {
core/src/main/java/com/ycsopen/sms/core/service/risk/ContentSafetyService.java:40:    public List<PolicyRow> policies(String word, String category, String level, String action, String status) {
core/src/main/java/com/ycsopen/sms/core/service/risk/ContentSafetyService.java:57:    public PolicyRow save(PolicyRequest request) {
core/src/main/java/com/ycsopen/sms/core/service/risk/ContentSafetyService.java:93:    public PolicyRow disable(long id) {
core/src/main/java/com/ycsopen/sms/core/service/risk/ContentSafetyService.java:112:                save(new PolicyRequest(null, candidate, request.category(), request.level(), request.replacement(),
core/src/main/java/com/ycsopen/sms/core/service/risk/ContentSafetyService.java:141:        var result = checker.preview(RoutingContext.builder()
core/src/main/java/com/ycsopen/sms/core/service/risk/ContentSafetyService.java:162:    private PolicyRow row(SensitiveWord entity) {
core/src/main/java/com/ycsopen/sms/core/service/risk/ContentSafetyService.java:163:        return new PolicyRow(entity.getId(), entity.getWord(), entity.getCategory().name(), entity.getLevel().name(),
core/src/main/java/com/ycsopen/sms/core/service/risk/ContentSafetyService.java:224:    public record PolicyRow(Long id, String word, String category, String level, String replacement, String action,
core/src/main/java/com/ycsopen/sms/core/service/risk/ContentSafetyService.java:228:    public record PolicyRequest(Long id, String word, String category, String level, String replacement,
core/src/main/java/com/ycsopen/sms/core/web/dto/SignatureReviewQueueResponse.java:5:public record SignatureReviewQueueResponse(
core/src/main/java/com/ycsopen/sms/core/web/dto/SignatureReviewQueueResponse.java:6:        SignatureReviewSummaryResponse summary,
core/src/test/java/com/ycsopen/sms/core/common/security/config/CryptoStorageStartupVerifierTest.java:58:    void adapterProviderMechanismAttributeAliasAndCeilingDriftFailClosed() {
core/src/test/java/com/ycsopen/sms/core/common/security/config/CryptoStorageStartupVerifierTest.java:69:        assertInvalid(withProvider(enabledSettings(), "in-memory"), "provider-id");
core/src/test/java/com/ycsopen/sms/core/common/security/config/CryptoStorageStartupVerifierTest.java:135:    private static CryptoStorageStartupVerifier.Settings withProvider(
core/src/test/java/com/ycsopen/sms/core/service/tenant/JdbcContactChallengeStoreTest.java:42:            return PlatformNotificationSpi.DeliveryOutcome.accepted("accepted");
core/src/test/java/com/ycsopen/sms/core/service/tenant/ContactVerificationServiceTest.java:4:import com.ycsopen.sms.core.notification.provider.PlatformNotificationSpi;
core/src/test/java/com/ycsopen/sms/core/service/tenant/ContactVerificationServiceTest.java:73:        PlatformNotificationSpi provider = request -> {
core/src/test/java/com/ycsopen/sms/core/service/tenant/ContactVerificationServiceTest.java:75:            return PlatformNotificationSpi.DeliveryOutcome.accepted("provider-message");
core/src/test/java/com/ycsopen/sms/core/service/account/AccountStateServiceTest.java:6:import org.junit.jupiter.api.extension.ExtendWith;
core/src/main/java/com/ycsopen/sms/core/service/risk/TenantRiskAutoPauseService.java:341:                             String recoveryReviewId, String recoveredBy) {
core/src/main/java/com/ycsopen/sms/core/service/risk/TenantRiskAutoPauseService.java:345:                    beforeLifecycleStatus, sourceSnapshot, recoveryReviewId, recoveredBy);
core/src/main/java/com/ycsopen/sms/core/web/controller/TemplateLifecycleController.java:56:    public ApiResponse<TemplateReviewQueueResponse> reviewQueue(@RequestParam(required = false) String keyword,
core/src/test/java/com/ycsopen/sms/core/service/tenant/HttpQualificationInspectionSpiTest.java:14:class HttpQualificationInspectionSpiTest {
core/src/test/java/com/ycsopen/sms/core/service/tenant/HttpQualificationInspectionSpiTest.java:30:            HttpQualificationInspectionSpi adapter = new HttpQualificationInspectionSpi(
core/src/test/java/com/ycsopen/sms/core/service/tenant/HttpQualificationInspectionSpiTest.java:33:            QualificationInspectionSpi.Facts facts = adapter.inspect(
core/src/test/java/com/ycsopen/sms/core/service/tenant/HttpQualificationInspectionSpiTest.java:34:                    new QualificationInspectionSpi.Document("application/pdf", "license".getBytes(StandardCharsets.UTF_8)));
core/src/test/java/com/ycsopen/sms/core/service/tenant/HttpQualificationInspectionSpiTest.java:45:        HttpQualificationInspectionSpi adapter = new HttpQualificationInspectionSpi(
core/src/test/java/com/ycsopen/sms/core/service/tenant/HttpQualificationInspectionSpiTest.java:47:        assertThatThrownBy(() -> adapter.inspect(new QualificationInspectionSpi.Document(
core/src/test/java/com/ycsopen/sms/core/service/tenant/HttpQualificationInspectionSpiTest.java:49:                .isExactlyInstanceOf(QualificationInspectionSpi.Failure.class)
core/src/test/java/com/ycsopen/sms/core/service/tenant/HttpQualificationInspectionSpiTest.java:68:                HttpQualificationInspectionSpi adapter = new HttpQualificationInspectionSpi(
core/src/test/java/com/ycsopen/sms/core/service/tenant/HttpQualificationInspectionSpiTest.java:71:                assertThatThrownBy(() -> adapter.inspect(new QualificationInspectionSpi.Document(
core/src/test/java/com/ycsopen/sms/core/service/tenant/HttpQualificationInspectionSpiTest.java:73:                        .isExactlyInstanceOf(QualificationInspectionSpi.Failure.class)
core/src/test/java/com/ycsopen/sms/core/service/channel/ChannelConnectivityConformanceTest.java:8:class ChannelConnectivityConformanceTest {
core/src/main/java/com/ycsopen/sms/core/service/risk/BlacklistRiskControlService.java:7:import com.ycsopen.sms.core.common.security.persistence.PreparedMessageRouting;
core/src/main/java/com/ycsopen/sms/core/service/risk/BlacklistRiskControlService.java:11:import com.ycsopen.sms.core.service.routing.RoutingContext;
core/src/main/java/com/ycsopen/sms/core/service/risk/BlacklistRiskControlService.java:152:    public List<RiskProviderConfigRow> providerConfigs() {
core/src/main/java/com/ycsopen/sms/core/service/risk/BlacklistRiskControlService.java:158:                """, (rs, row) -> new RiskProviderConfigRow(rs.getLong("id"), rs.getString("provider_name"),
core/src/main/java/com/ycsopen/sms/core/service/risk/BlacklistRiskControlService.java:166:    public RiskProviderConfigRow saveProvider(RiskProviderConfigRequest request, String actor) {
core/src/main/java/com/ycsopen/sms/core/service/risk/BlacklistRiskControlService.java:176:        String fallback = enumValue(request.fallbackPolicy(), FALLBACKS, "RISK_PROVIDER_FALLBACK_INVALID");
core/src/main/java/com/ycsopen/sms/core/service/risk/BlacklistRiskControlService.java:212:            RiskDecision decision = decide(tenantId, requestId, mobile, request.forceProviderFailure(), itemCount);
core/src/main/java/com/ycsopen/sms/core/service/risk/BlacklistRiskControlService.java:222:    public void recordBlacklistDecision(RoutingContext context, BlacklistChecker.Result result) {
core/src/main/java/com/ycsopen/sms/core/service/risk/BlacklistRiskControlService.java:274:                                Boolean forceProviderFailure, int itemCount) {
core/src/main/java/com/ycsopen/sms/core/service/risk/BlacklistRiskControlService.java:280:        RiskProviderConfigRow provider = providerConfigs().stream()
core/src/main/java/com/ycsopen/sms/core/service/risk/BlacklistRiskControlService.java:286:        boolean degraded = Boolean.TRUE.equals(forceProviderFailure);
core/src/main/java/com/ycsopen/sms/core/service/risk/BlacklistRiskControlService.java:288:        recordProviderLog(tenantId, provider, lookup.opaqueMobileRef(), hit, degraded, requestKind(itemCount), itemCount);
core/src/main/java/com/ycsopen/sms/core/service/risk/BlacklistRiskControlService.java:289:        if (degraded && "CACHE".equals(provider.fallbackPolicy())) {
core/src/main/java/com/ycsopen/sms/core/service/risk/BlacklistRiskControlService.java:303:    private void recordProviderLog(long tenantId, RiskProviderConfigRow provider, String mobileRef,
core/src/main/java/com/ycsopen/sms/core/service/risk/BlacklistRiskControlService.java:314:                provider.fallbackPolicy(), degraded ? "provider failure fallback" : "provider response");
core/src/main/java/com/ycsopen/sms/core/service/risk/BlacklistRiskControlService.java:371:    private static String routingMobileRef(RoutingContext context) {
core/src/main/java/com/ycsopen/sms/core/service/risk/BlacklistRiskControlService.java:508:    public record RiskProviderConfigRequest(String providerName, String providerUrl, String credentialRef,
core/src/main/java/com/ycsopen/sms/core/service/risk/BlacklistRiskControlService.java:510:                                            String fallbackPolicy, String status, Integer cacheTtlSeconds) {
core/src/main/java/com/ycsopen/sms/core/service/risk/BlacklistRiskControlService.java:513:    public record RiskProviderConfigRow(long id, String providerName, String providerUrl, String credentialRef,
core/src/main/java/com/ycsopen/sms/core/service/risk/BlacklistRiskControlService.java:514:                                        String checkLevel, int thresholdScore, int timeoutMs, String fallbackPolicy,
core/src/main/java/com/ycsopen/sms/core/service/risk/BlacklistRiskControlService.java:519:                                   Boolean forceProviderFailure) {
core/src/main/java/com/ycsopen/sms/core/service/risk/BlacklistRiskControlService.java:549:            PreparedMessageRouting routing = messageTaskProtectionAdapter.prepareForRouting(
core/src/test/java/com/ycsopen/sms/core/common/security/persistence/BlindIndexLookupServiceTest.java:222:    void failsClosedWhenBlacklistIdentityOrPolicyDriftsIsDeletedOrIdIsReused() {
core/src/test/java/com/ycsopen/sms/core/service/tenant/AdminTenantStatusWorkflowTest.java:10:import org.springframework.beans.factory.ObjectProvider;
core/src/test/java/com/ycsopen/sms/core/service/tenant/AdminTenantStatusWorkflowTest.java:28:    private final TenantReviewService reviews = mock(TenantReviewService.class);
core/src/test/java/com/ycsopen/sms/core/service/tenant/AdminTenantStatusWorkflowTest.java:36:        ObjectProvider<QualificationInspectionService> inspections = mock(ObjectProvider.class);
core/src/test/java/com/ycsopen/sms/core/service/tenant/AdminTenantStatusWorkflowTest.java:38:        ObjectProvider<QualificationEvidenceService> evidence = mock(ObjectProvider.class);
core/src/test/java/com/ycsopen/sms/core/service/tenant/AdminTenantStatusWorkflowTest.java:100:    private static TenantReviewService.ReviewView view(int accountRevision) {
core/src/test/java/com/ycsopen/sms/core/service/tenant/AdminTenantStatusWorkflowTest.java:101:        return new TenantReviewService.ReviewView(42L, "T42", "简称", "机构全称",
core/src/test/java/com/ycsopen/sms/core/service/channel/ChannelConfigurationServiceTest.java:81:                "account-a", "Secret-123", "SPID10", "svc10", "SRC10", 4, 8, 100,
core/src/main/java/com/ycsopen/sms/core/service/account/PlatformAccountService.java:170:            PlatformAccountPolicy.validate(request.username(), request.password(), request.phone(),
core/src/main/java/com/ycsopen/sms/core/service/account/PlatformAccountService.java:172:            PlatformAccountPolicy.validateRealName(request.realName());
core/src/main/java/com/ycsopen/sms/core/service/account/PlatformAccountService.java:173:            PlatformAccountPolicy.validateEmail(request.email());
core/src/main/java/com/ycsopen/sms/core/service/account/PlatformAccountService.java:181:            PlatformAccountPolicy.validateEditableProfile(
core/src/main/java/com/ycsopen/sms/core/service/account/PlatformAccountService.java:183:            PlatformAccountPolicy.validateRealName(request.realName());
core/src/main/java/com/ycsopen/sms/core/service/account/PlatformAccountService.java:184:            PlatformAccountPolicy.validateEmail(request.email());
core/src/main/java/com/ycsopen/sms/core/service/account/PlatformAccountService.java:186:                PlatformAccountPolicy.validatePhone(request.phone());
core/src/main/java/com/ycsopen/sms/core/service/account/PlatformAccountService.java:189:                PlatformAccountPolicy.validatePassword(request.password());
core/src/test/java/com/ycsopen/sms/core/common/security/TenantQualificationSecurityTest.java:26:    @Autowired JwtTokenProvider tokens;
core/src/test/java/com/ycsopen/sms/core/common/security/TenantQualificationSecurityTest.java:58:        @Bean JwtTokenProvider tokens() { return new JwtTokenProvider("phase08-test-signing-secret-at-least-32-bytes", 10); }
core/src/main/java/com/ycsopen/sms/core/web/dto/delivery/ProviderReceiptRequest.java:5:public record ProviderReceiptRequest(String messageId, String providerMessageId, Long channelId,
core/src/test/java/com/ycsopen/sms/core/verification/Phase10ChannelDataMySqlTest.java:118:                port, "account-a", "Secret-123", "SPID10", "svc10", "SRC10", 4, 8, 100,
core/src/test/java/com/ycsopen/sms/core/service/account/AuthServiceTest.java:3:import com.ycsopen.sms.core.common.security.JwtTokenProvider;
core/src/test/java/com/ycsopen/sms/core/service/account/AuthServiceTest.java:10:import org.junit.jupiter.api.extension.ExtendWith;
core/src/test/java/com/ycsopen/sms/core/service/account/AuthServiceTest.java:30:    @Mock JwtTokenProvider tokens;
core/src/test/java/com/ycsopen/sms/core/service/account/AuthServiceTest.java:89:    void unusualLoginRecordsClientAndEnqueuesControlledNotification() {
core/src/test/java/com/ycsopen/sms/core/service/account/AuthServiceTest.java:95:        JwtTokenProvider.IssuedToken issued = new JwtTokenProvider.IssuedToken(
core/src/test/java/com/ycsopen/sms/core/service/account/AuthServiceTest.java:129:        JwtTokenProvider.IssuedToken issued = new JwtTokenProvider.IssuedToken(
core/src/main/java/com/ycsopen/sms/core/web/dto/ExemptionPolicyRevokeRequest.java:3:public record ExemptionPolicyRevokeRequest(String reason, String actor) { }
core/src/test/java/com/ycsopen/sms/core/service/account/RoleAdministrationServiceTest.java:4:import org.junit.jupiter.api.extension.ExtendWith;
core/src/main/java/com/ycsopen/sms/core/service/account/AuthService.java:4:import com.ycsopen.sms.core.common.security.JwtTokenProvider;
core/src/main/java/com/ycsopen/sms/core/service/account/AuthService.java:27:    private final JwtTokenProvider jwtTokenProvider;
core/src/main/java/com/ycsopen/sms/core/service/account/AuthService.java:33:                       JwtTokenProvider jwtTokenProvider, IdentitySessionService sessions,
core/src/main/java/com/ycsopen/sms/core/service/account/AuthService.java:37:        this.jwtTokenProvider = jwtTokenProvider;
core/src/main/java/com/ycsopen/sms/core/service/account/AuthService.java:50:        if (!PlatformAccountPolicy.fitsBcrypt(request.password())) {
core/src/main/java/com/ycsopen/sms/core/service/account/AuthService.java:101:        JwtTokenProvider.IssuedToken token = jwtTokenProvider.issueToken(
core/src/test/java/com/ycsopen/sms/core/service/tenant/TenantEligibilityPolicyTest.java:21:class TenantEligibilityPolicyTest {
core/src/test/java/com/ycsopen/sms/core/service/tenant/TenantEligibilityPolicyTest.java:26:    private TenantEligibilityPolicy policy;
core/src/test/java/com/ycsopen/sms/core/service/tenant/TenantEligibilityPolicyTest.java:37:        policy = new TenantEligibilityPolicy(tenants, accounts);
core/src/test/java/com/ycsopen/sms/core/common/security/object/ProtectedObjectServiceTest.java:198:    void checksumTagAndOversizedHeaderProviderKeyLengthsFailWithoutPlaintext() {
core/src/test/java/com/ycsopen/sms/core/common/security/object/ProtectedObjectServiceTest.java:266:    void fieldReservationIsReleasedOnlyAfterProviderAbsenceIsConfirmed() {
core/src/main/java/com/ycsopen/sms/core/service/account/IdentitySessionService.java:3:import com.ycsopen.sms.core.common.security.JwtTokenProvider;
core/src/main/java/com/ycsopen/sms/core/service/account/IdentitySessionService.java:22:    public void open(User user, JwtTokenProvider.IssuedToken token, String clientIp) {
core/src/main/java/com/ycsopen/sms/core/service/account/IdentitySessionService.java:26:    public void open(User user, JwtTokenProvider.IssuedToken token, String clientIp,
core/src/test/java/com/ycsopen/sms/core/verification/Phase08RealServicePlaywrightTest.java:16:import software.amazon.awssdk.auth.credentials.StaticCredentialsProvider;
core/src/test/java/com/ycsopen/sms/core/verification/Phase08RealServicePlaywrightTest.java:532:                .credentialsProvider(StaticCredentialsProvider.create(AwsBasicCredentials.create(
core/src/main/java/com/ycsopen/sms/core/web/dto/TemplateReviewSummaryResponse.java:3:public record TemplateReviewSummaryResponse(
core/src/test/java/com/ycsopen/sms/core/service/message/MessageSubmitServiceTest.java:8:import com.ycsopen.sms.core.common.security.persistence.PreparedMessageRouting;
core/src/test/java/com/ycsopen/sms/core/service/message/MessageSubmitServiceTest.java:18:import com.ycsopen.sms.core.service.routing.RoutingContext;
core/src/test/java/com/ycsopen/sms/core/service/message/MessageSubmitServiceTest.java:19:import com.ycsopen.sms.core.service.routing.RoutingDecision;
core/src/test/java/com/ycsopen/sms/core/service/message/MessageSubmitServiceTest.java:20:import com.ycsopen.sms.core.service.routing.RoutingEngine;
core/src/test/java/com/ycsopen/sms/core/service/message/MessageSubmitServiceTest.java:23:import com.ycsopen.sms.core.service.tenant.TenantEligibilityPolicy;
core/src/test/java/com/ycsopen/sms/core/service/message/MessageSubmitServiceTest.java:27:import org.junit.jupiter.api.extension.ExtendWith;
core/src/test/java/com/ycsopen/sms/core/service/message/MessageSubmitServiceTest.java:77:    @Mock RoutingEngine routingEngine;
core/src/test/java/com/ycsopen/sms/core/service/message/MessageSubmitServiceTest.java:81:    @Mock TenantEligibilityPolicy eligibilityPolicy;
core/src/test/java/com/ycsopen/sms/core/service/message/MessageSubmitServiceTest.java:84:    @Mock PreparedMessageRouting preparedRouting;
core/src/test/java/com/ycsopen/sms/core/service/message/MessageSubmitServiceTest.java:95:                routingEngine, billingService, feeWarningCreditService, messageTaskProtectionAdapter, eligibilityPolicy, idempotency);
core/src/test/java/com/ycsopen/sms/core/service/message/MessageSubmitServiceTest.java:102:    void eligibilityDenialStopsBeforeTemplateRoutingBillingOrPersistenceWork() {
core/src/test/java/com/ycsopen/sms/core/service/message/MessageSubmitServiceTest.java:104:        org.mockito.Mockito.doThrow(denial).when(eligibilityPolicy).requireNewWorkAllowed(TENANT_ID);
core/src/test/java/com/ycsopen/sms/core/service/message/MessageSubmitServiceTest.java:109:        verify(eligibilityPolicy).requireNewWorkAllowed(TENANT_ID);
core/src/test/java/com/ycsopen/sms/core/service/message/MessageSubmitServiceTest.java:115:    void preparesOpaqueRoutingThenProtectsOnceAfterAcceptanceAndSavesThroughAdapter() throws Exception {
core/src/test/java/com/ycsopen/sms/core/service/message/MessageSubmitServiceTest.java:118:        when(messageTaskProtectionAdapter.prepareForRouting(eq(TENANT_ID), anyString(), eq(MOBILE)))
core/src/test/java/com/ycsopen/sms/core/service/message/MessageSubmitServiceTest.java:119:                .thenReturn(preparedRouting);
core/src/test/java/com/ycsopen/sms/core/service/message/MessageSubmitServiceTest.java:120:        when(routingEngine.route(any())).thenReturn(RoutingDecision.allow(42L, "【安全签名】你的验证码是 2468"));
core/src/test/java/com/ycsopen/sms/core/service/message/MessageSubmitServiceTest.java:121:        when(messageTaskProtectionAdapter.protectForPersistence(same(preparedRouting), eq(MOBILE)))
core/src/test/java/com/ycsopen/sms/core/service/message/MessageSubmitServiceTest.java:132:        ArgumentCaptor<RoutingContext> routing = ArgumentCaptor.forClass(RoutingContext.class);
core/src/test/java/com/ycsopen/sms/core/service/message/MessageSubmitServiceTest.java:134:        InOrder order = inOrder(eligibilityPolicy, messageTaskProtectionAdapter, routingEngine, feeWarningCreditService, billingService);
core/src/test/java/com/ycsopen/sms/core/service/message/MessageSubmitServiceTest.java:135:        order.verify(eligibilityPolicy).requireNewWorkAllowed(TENANT_ID);
core/src/test/java/com/ycsopen/sms/core/service/message/MessageSubmitServiceTest.java:136:        order.verify(messageTaskProtectionAdapter).prepareForRouting(
core/src/test/java/com/ycsopen/sms/core/service/message/MessageSubmitServiceTest.java:141:                same(preparedRouting), eq(MOBILE));
core/src/test/java/com/ycsopen/sms/core/service/message/MessageSubmitServiceTest.java:153:        RoutingContext context = routing.getValue();
core/src/test/java/com/ycsopen/sms/core/service/message/MessageSubmitServiceTest.java:166:    void duplicateSubmitIdReturnsOriginalResponseBeforeRoutingBillingOrPersistence() {
core/src/test/java/com/ycsopen/sms/core/service/message/MessageSubmitServiceTest.java:175:        verify(eligibilityPolicy).requireNewWorkAllowed(TENANT_ID);
core/src/test/java/com/ycsopen/sms/core/service/message/MessageSubmitServiceTest.java:181:    @EnumSource(value = RoutingDecision.RejectStage.class,
core/src/test/java/com/ycsopen/sms/core/service/message/MessageSubmitServiceTest.java:184:            RoutingDecision.RejectStage rejectStage) {
core/src/test/java/com/ycsopen/sms/core/service/message/MessageSubmitServiceTest.java:187:        when(messageTaskProtectionAdapter.prepareForRouting(eq(TENANT_ID), anyString(), eq(MOBILE)))
core/src/test/java/com/ycsopen/sms/core/service/message/MessageSubmitServiceTest.java:188:                .thenReturn(preparedRouting);
core/src/test/java/com/ycsopen/sms/core/service/message/MessageSubmitServiceTest.java:189:        String reason = rejectStage == RoutingDecision.RejectStage.FREQUENCY_LIMIT
core/src/test/java/com/ycsopen/sms/core/service/message/MessageSubmitServiceTest.java:191:        when(routingEngine.route(any())).thenReturn(RoutingDecision.reject(
core/src/test/java/com/ycsopen/sms/core/service/message/MessageSubmitServiceTest.java:198:        if (rejectStage == RoutingDecision.RejectStage.FREQUENCY_LIMIT) {
core/src/test/java/com/ycsopen/sms/core/service/message/MessageSubmitServiceTest.java:213:        when(messageTaskProtectionAdapter.prepareForRouting(eq(TENANT_ID), anyString(), eq(MOBILE)))
core/src/test/java/com/ycsopen/sms/core/service/message/MessageSubmitServiceTest.java:214:                .thenReturn(preparedRouting);
core/src/test/java/com/ycsopen/sms/core/service/message/MessageSubmitServiceTest.java:215:        when(routingEngine.route(any())).thenReturn(RoutingDecision.allow(42L, "safe content"));
core/src/test/java/com/ycsopen/sms/core/service/message/MessageSubmitServiceTest.java:232:    void protectionDependencyFailureStopsBeforeRoutingAndEveryWrite() {
core/src/test/java/com/ycsopen/sms/core/service/message/MessageSubmitServiceTest.java:234:        when(messageTaskProtectionAdapter.prepareForRouting(eq(TENANT_ID), anyString(), eq(MOBILE)))
core/src/test/java/com/ycsopen/sms/core/service/message/MessageSubmitServiceTest.java:250:        when(messageTaskProtectionAdapter.prepareForRouting(eq(TENANT_ID), anyString(), eq(MOBILE)))
core/src/test/java/com/ycsopen/sms/core/service/message/MessageSubmitServiceTest.java:251:                .thenReturn(preparedRouting);
core/src/test/java/com/ycsopen/sms/core/service/message/MessageSubmitServiceTest.java:252:        when(routingEngine.route(any())).thenReturn(RoutingDecision.allow(42L, "safe content"));
core/src/test/java/com/ycsopen/sms/core/service/message/MessageSubmitServiceTest.java:253:        when(messageTaskProtectionAdapter.protectForPersistence(same(preparedRouting), eq(MOBILE)))
core/src/test/java/com/ycsopen/sms/core/service/message/MessageSubmitServiceTest.java:274:        when(messageTaskProtectionAdapter.prepareForRouting(eq(TENANT_ID), anyString(), eq(MOBILE)))
core/src/test/java/com/ycsopen/sms/core/service/message/MessageSubmitServiceTest.java:275:                .thenReturn(preparedRouting);
core/src/test/java/com/ycsopen/sms/core/service/message/MessageSubmitServiceTest.java:277:                .thenReturn(RoutingDecision.allow(42L, "【安全签名】你的验证码是 2468"));
core/src/test/java/com/ycsopen/sms/core/service/message/MessageSubmitServiceTest.java:278:        when(messageTaskProtectionAdapter.protectForPersistence(same(preparedRouting), eq(MOBILE)))
core/src/test/java/com/ycsopen/sms/core/service/message/MessageSubmitServiceTest.java:338:        when(preparedRouting.queryIndexes()).thenReturn(QUERY_INDEXES);
core/src/test/java/com/ycsopen/sms/core/service/message/MessageSubmitServiceTest.java:339:        when(preparedRouting.legacyLookupToken()).thenReturn(legacyLookupToken);
core/src/test/java/com/ycsopen/sms/core/common/security/object/ObjectCapabilityServiceTest.java:251:    void digestProviderFailureAndAuthorizationFailureAreSanitizedAndPrecedeFetch() {
core/src/test/java/com/ycsopen/sms/core/service/message/MessageAcceptanceIdempotencyServiceTest.java:58:                CREATE TABLE message_send_outbox(
core/src/test/java/com/ycsopen/sms/core/service/message/MessageAcceptanceIdempotencyServiceTest.java:110:        assertThat(jdbc.queryForObject("SELECT COUNT(*) FROM message_send_outbox WHERE task_id=91", Integer.class))
core/src/test/java/com/ycsopen/sms/core/service/account/PlatformAccountPolicyTest.java:10:class PlatformAccountPolicyTest {
core/src/test/java/com/ycsopen/sms/core/service/account/PlatformAccountPolicyTest.java:15:        assertThatNoException().isThrownBy(() -> PlatformAccountPolicy.validate(
core/src/test/java/com/ycsopen/sms/core/service/account/PlatformAccountPolicyTest.java:21:        assertThatThrownBy(() -> PlatformAccountPolicy.validate(
core/src/test/java/com/ycsopen/sms/core/service/account/PlatformAccountPolicyTest.java:29:        assertThatThrownBy(() -> PlatformAccountPolicy.validatePassword(overlong))
core/src/test/java/com/ycsopen/sms/core/service/account/PlatformAccountPolicyTest.java:35:        assertThatThrownBy(() -> PlatformAccountPolicy.validateRealName("  "))
core/src/test/java/com/ycsopen/sms/core/service/account/PlatformAccountPolicyTest.java:41:        assertThatThrownBy(() -> PlatformAccountPolicy.validateRealName("名".repeat(51)))
core/src/test/java/com/ycsopen/sms/core/service/account/PlatformAccountPolicyTest.java:43:        assertThatThrownBy(() -> PlatformAccountPolicy.validateEmail("a".repeat(101)))
core/src/main/java/com/ycsopen/sms/core/service/account/LoginAnomalyService.java:27:                INSERT INTO identity_notification_outbox
core/src/test/java/com/ycsopen/sms/core/verification/Phase03RotationRecoveryIntegrationTest.java:18:import com.ycsopen.sms.core.common.security.key.pkcs11.Pkcs11ProviderFactory;
core/src/test/java/com/ycsopen/sms/core/verification/Phase03RotationRecoveryIntegrationTest.java:383:        Pkcs11ProviderFactory.Session session = new Pkcs11ProviderFactory(mapper).open(properties);
core/src/test/java/com/ycsopen/sms/core/verification/Phase03RotationRecoveryIntegrationTest.java:419:                ProtectedDataTarget.NullPolicy.FORBIDDEN,
core/src/test/java/com/ycsopen/sms/core/verification/Phase03RotationRecoveryIntegrationTest.java:560:    private record AdapterRuntime(Pkcs11ProviderFactory.Session session,
core/src/main/java/com/ycsopen/sms/core/web/dto/ExemptionPolicyResponse.java:5:public record ExemptionPolicyResponse(
core/src/main/java/com/ycsopen/sms/core/web/dto/ExemptionPolicyUsageResponse.java:5:public record ExemptionPolicyUsageResponse(
core/src/test/java/com/ycsopen/sms/core/service/account/IdentitySessionServiceTest.java:3:import com.ycsopen.sms.core.common.security.JwtTokenProvider;
core/src/test/java/com/ycsopen/sms/core/service/account/IdentitySessionServiceTest.java:6:import org.junit.jupiter.api.extension.ExtendWith;
core/src/test/java/com/ycsopen/sms/core/service/account/IdentitySessionServiceTest.java:30:        var token = new JwtTokenProvider.IssuedToken("jwt", "session-1", Instant.parse("2026-09-08T00:00:00Z"));
core/src/main/java/com/ycsopen/sms/core/web/controller/NumberAttributionController.java:48:                                                 @RequestParam(defaultValue = "false") boolean forceProviderFailure) {
core/src/main/java/com/ycsopen/sms/core/web/controller/NumberAttributionController.java:49:        return ApiResponse.ok(service.lookup(mobile, forceProviderFailure));
core/src/main/java/com/ycsopen/sms/core/service/account/PlatformAccountPolicy.java:8:public final class PlatformAccountPolicy {
core/src/main/java/com/ycsopen/sms/core/service/account/PlatformAccountPolicy.java:15:    private PlatformAccountPolicy() { }
core/src/test/java/com/ycsopen/sms/core/service/account/PlatformAccountServiceTest.java:10:import org.junit.jupiter.api.extension.ExtendWith;
core/src/test/java/com/ycsopen/sms/core/service/routing/RoutingEngineTest.java:4:import org.junit.jupiter.api.extension.ExtendWith;
core/src/test/java/com/ycsopen/sms/core/service/routing/RoutingEngineTest.java:16: * <p>本测试用 Mockito 隔离四个检查器，只验证 {@link RoutingEngine} 的编排顺序与短路逻辑，
core/src/test/java/com/ycsopen/sms/core/service/routing/RoutingEngineTest.java:20:class RoutingEngineTest {
core/src/test/java/com/ycsopen/sms/core/service/routing/RoutingEngineTest.java:23:    @Mock ContentReviewChecker contentReviewChecker;
core/src/test/java/com/ycsopen/sms/core/service/routing/RoutingEngineTest.java:28:    private RoutingEngine newEngine() {
core/src/test/java/com/ycsopen/sms/core/service/routing/RoutingEngineTest.java:29:        return new RoutingEngine(blacklistChecker, contentReviewChecker, frequencyChecker, channelSelector, riskDecisionRecorder);
core/src/test/java/com/ycsopen/sms/core/service/routing/RoutingEngineTest.java:32:    private RoutingContext sampleContext() {
core/src/test/java/com/ycsopen/sms/core/service/routing/RoutingEngineTest.java:33:        return RoutingContext.builder()
core/src/test/java/com/ycsopen/sms/core/service/routing/RoutingEngineTest.java:41:    void blacklistHit_shouldRejectImmediately_andNeverCallContentReviewOrFrequency() {
core/src/test/java/com/ycsopen/sms/core/service/routing/RoutingEngineTest.java:44:        RoutingDecision decision = newEngine().route(sampleContext());
core/src/test/java/com/ycsopen/sms/core/service/routing/RoutingEngineTest.java:47:        assertThat(decision.getRejectStage()).isEqualTo(RoutingDecision.RejectStage.BLACKLIST);
core/src/test/java/com/ycsopen/sms/core/service/routing/RoutingEngineTest.java:50:        org.mockito.Mockito.verifyNoInteractions(contentReviewChecker, frequencyChecker, channelSelector);
core/src/test/java/com/ycsopen/sms/core/service/routing/RoutingEngineTest.java:59:        RoutingDecision decision = newEngine().route(sampleContext());
core/src/test/java/com/ycsopen/sms/core/service/routing/RoutingEngineTest.java:62:        assertThat(decision.getRejectStage()).isEqualTo(RoutingDecision.RejectStage.BLACKLIST);
core/src/test/java/com/ycsopen/sms/core/service/routing/RoutingEngineTest.java:67:    void degradedProviderAllowRecordsEvidenceAndContinuesRouting() {
core/src/test/java/com/ycsopen/sms/core/service/routing/RoutingEngineTest.java:71:        when(contentReviewChecker.check(any())).thenReturn(ContentReviewChecker.Result.pass("最终文本"));
core/src/test/java/com/ycsopen/sms/core/service/routing/RoutingEngineTest.java:75:        RoutingDecision decision = newEngine().route(sampleContext());
core/src/test/java/com/ycsopen/sms/core/service/routing/RoutingEngineTest.java:82:    void contentReviewHit_shouldRejectAfterBlacklistPasses_beforeFrequencyCheck() {
core/src/test/java/com/ycsopen/sms/core/service/routing/RoutingEngineTest.java:84:        when(contentReviewChecker.check(any())).thenReturn(ContentReviewChecker.Result.blocked("命中内容审核词库"));
core/src/test/java/com/ycsopen/sms/core/service/routing/RoutingEngineTest.java:86:        RoutingDecision decision = newEngine().route(sampleContext());
core/src/test/java/com/ycsopen/sms/core/service/routing/RoutingEngineTest.java:89:        assertThat(decision.getRejectStage()).isEqualTo(RoutingDecision.RejectStage.CONTENT_REVIEW);
core/src/test/java/com/ycsopen/sms/core/service/routing/RoutingEngineTest.java:97:        when(contentReviewChecker.check(any())).thenReturn(ContentReviewChecker.Result.pass("最终文本"));
core/src/test/java/com/ycsopen/sms/core/service/routing/RoutingEngineTest.java:100:        RoutingDecision decision = newEngine().route(sampleContext());
core/src/test/java/com/ycsopen/sms/core/service/routing/RoutingEngineTest.java:103:        assertThat(decision.getRejectStage()).isEqualTo(RoutingDecision.RejectStage.FREQUENCY_LIMIT);
core/src/test/java/com/ycsopen/sms/core/service/routing/RoutingEngineTest.java:110:        when(contentReviewChecker.check(any())).thenReturn(ContentReviewChecker.Result.pass("最终文本"));
core/src/test/java/com/ycsopen/sms/core/service/routing/RoutingEngineTest.java:114:        RoutingDecision decision = newEngine().route(sampleContext());
core/src/test/java/com/ycsopen/sms/core/service/routing/RoutingEngineTest.java:117:        assertThat(decision.getRejectStage()).isEqualTo(RoutingDecision.RejectStage.NO_AVAILABLE_CHANNEL);
core/src/test/java/com/ycsopen/sms/core/service/routing/RoutingEngineTest.java:123:        when(contentReviewChecker.check(any())).thenReturn(ContentReviewChecker.Result.pass("敏感词已替换后的文本"));
core/src/test/java/com/ycsopen/sms/core/service/routing/RoutingEngineTest.java:127:        RoutingDecision decision = newEngine().route(sampleContext());
core/src/test/java/com/ycsopen/sms/core/common/security/object/QualificationEvidenceCompositionTest.java:38:        grantReviewer();
core/src/test/java/com/ycsopen/sms/core/common/security/object/QualificationEvidenceCompositionTest.java:44:        QualificationEvidenceService.EvidenceContent content = evidence.readForReviewer(42,
core/src/test/java/com/ycsopen/sms/core/common/security/object/QualificationEvidenceCompositionTest.java:56:        assertThatThrownBy(() -> evidence.readForReviewer(42,
core/src/test/java/com/ycsopen/sms/core/common/security/object/QualificationEvidenceCompositionTest.java:106:    private void grantReviewer() {
core/src/test/java/com/ycsopen/sms/core/service/account/LoginAnomalyServiceTest.java:5:import org.junit.jupiter.api.extension.ExtendWith;
core/src/test/java/com/ycsopen/sms/core/service/account/LoginAnomalyServiceTest.java:28:        verify(jdbc).update(contains("INSERT INTO identity_notification_outbox"),
core/src/test/java/com/ycsopen/sms/core/service/routing/RoutingCircuitPolicyServiceTest.java:3:import com.ycsopen.sms.core.service.routing.RoutingCircuitPolicyService.PolicyImportRequest;
core/src/test/java/com/ycsopen/sms/core/service/routing/RoutingCircuitPolicyServiceTest.java:4:import com.ycsopen.sms.core.service.routing.RoutingCircuitPolicyService.PolicyRule;
core/src/test/java/com/ycsopen/sms/core/service/routing/RoutingCircuitPolicyServiceTest.java:5:import com.ycsopen.sms.core.service.routing.RoutingCircuitPolicyService.RetryPolicy;
core/src/test/java/com/ycsopen/sms/core/service/routing/RoutingCircuitPolicyServiceTest.java:6:import com.ycsopen.sms.core.service.routing.RoutingCircuitPolicyService.SimulationRequest;
core/src/test/java/com/ycsopen/sms/core/service/routing/RoutingCircuitPolicyServiceTest.java:17:class RoutingCircuitPolicyServiceTest {
core/src/test/java/com/ycsopen/sms/core/service/routing/RoutingCircuitPolicyServiceTest.java:19:    private RoutingCircuitPolicyService service;
core/src/test/java/com/ycsopen/sms/core/service/routing/RoutingCircuitPolicyServiceTest.java:93:        service = new RoutingCircuitPolicyService(jdbc);
core/src/test/java/com/ycsopen/sms/core/service/routing/RoutingCircuitPolicyServiceTest.java:98:        importPolicy(List.of(
core/src/test/java/com/ycsopen/sms/core/service/routing/RoutingCircuitPolicyServiceTest.java:99:                new PolicyRule(20, "CARRIER", "MOBILE", "CHANNEL", "CH_SLOW", 10),
core/src/test/java/com/ycsopen/sms/core/service/routing/RoutingCircuitPolicyServiceTest.java:100:                new PolicyRule(10, "TENANT", "42", "CHANNEL", "CH_TENANT", 100)));
core/src/test/java/com/ycsopen/sms/core/service/routing/RoutingCircuitPolicyServiceTest.java:113:        importPolicy(List.of(
core/src/test/java/com/ycsopen/sms/core/service/routing/RoutingCircuitPolicyServiceTest.java:114:                new PolicyRule(10, "CARRIER", "MOBILE", "CHANNEL", "CH_A", 90),
core/src/test/java/com/ycsopen/sms/core/service/routing/RoutingCircuitPolicyServiceTest.java:115:                new PolicyRule(20, "CARRIER", "MOBILE", "CHANNEL", "CH_B", 80)));
core/src/test/java/com/ycsopen/sms/core/service/routing/RoutingCircuitPolicyServiceTest.java:128:    void retryPolicyMapsNormalizedErrorClassToRetryabilityDelayAndAttempts() {
core/src/test/java/com/ycsopen/sms/core/service/routing/RoutingCircuitPolicyServiceTest.java:129:        service.saveRetryPolicy(new RetryPolicy("UNKNOWN_REVIEW_REQUIRED", false, 0, 0, "ACTIVE"));
core/src/test/java/com/ycsopen/sms/core/service/routing/RoutingCircuitPolicyServiceTest.java:131:        var explicit = service.retryPolicy("UNKNOWN_REVIEW_REQUIRED");
core/src/test/java/com/ycsopen/sms/core/service/routing/RoutingCircuitPolicyServiceTest.java:132:        var defaultFailure = service.retryPolicy("FAILURE");
core/src/test/java/com/ycsopen/sms/core/service/routing/RoutingCircuitPolicyServiceTest.java:142:        importPolicy(List.of(new PolicyRule(10, "PREFIX", "139", "WEIGHT", "CH_A:70,CH_B:30", 70)));
core/src/test/java/com/ycsopen/sms/core/service/routing/RoutingCircuitPolicyServiceTest.java:152:    private void importPolicy(List<PolicyRule> rules) {
core/src/test/java/com/ycsopen/sms/core/service/routing/RoutingCircuitPolicyServiceTest.java:153:        service.importPolicy(new PolicyImportRequest("RP20260909", "运营策略", LocalDateTime.now(), rules), "operator");
core/src/test/java/com/ycsopen/sms/core/verification/Phase03LeakScanIntegrationTest.java:18:import com.ycsopen.sms.core.common.security.key.pkcs11.Pkcs11ProviderFactory;
core/src/test/java/com/ycsopen/sms/core/verification/Phase03LeakScanIntegrationTest.java:43:import software.amazon.awssdk.auth.credentials.StaticCredentialsProvider;
core/src/test/java/com/ycsopen/sms/core/verification/Phase03LeakScanIntegrationTest.java:259:                        ObjectStoreProperties.CredentialProvider.DEFAULT_CHAIN, true, true);
core/src/test/java/com/ycsopen/sms/core/verification/Phase03LeakScanIntegrationTest.java:480:        Pkcs11ProviderFactory.Session session = new Pkcs11ProviderFactory(mapper).open(properties);
core/src/test/java/com/ycsopen/sms/core/verification/Phase03LeakScanIntegrationTest.java:504:                .credentialsProvider(StaticCredentialsProvider.create(AwsBasicCredentials.create(
core/src/test/java/com/ycsopen/sms/core/verification/Phase03LeakScanIntegrationTest.java:594:    private record AdapterRuntime(Pkcs11ProviderFactory.Session session,
core/src/test/java/com/ycsopen/sms/core/service/account/AuthServiceTransactionTest.java:4:import com.ycsopen.sms.core.common.security.JwtTokenProvider;
core/src/test/java/com/ycsopen/sms/core/service/account/AuthServiceTransactionTest.java:99:        @Bean JwtTokenProvider jwtTokenProvider() { return mock(JwtTokenProvider.class); }
core/src/test/java/com/ycsopen/sms/core/service/delivery/MessageReceiptErrorOperationsServiceTest.java:72:                CREATE TABLE message_send_outbox(
core/src/test/java/com/ycsopen/sms/core/service/delivery/MessageReceiptErrorOperationsServiceTest.java:255:                INSERT INTO message_send_outbox(id, tenant_id, task_id, message_id, channel_id, state,
core/src/test/java/com/ycsopen/sms/core/service/routing/FrequencyCheckerTest.java:8:import org.junit.jupiter.api.extension.ExtendWith;
core/src/test/java/com/ycsopen/sms/core/service/routing/FrequencyCheckerTest.java:107:        FrequencyChecker.Result result = checker().check(RoutingContext.builder().tenantId(17L).build());
core/src/test/java/com/ycsopen/sms/core/service/routing/FrequencyCheckerTest.java:119:        FrequencyChecker.Result result = checker().check(RoutingContext.builder().tenantId(17L).build());
core/src/test/java/com/ycsopen/sms/core/service/routing/FrequencyCheckerTest.java:143:    private static RoutingContext context() {
core/src/test/java/com/ycsopen/sms/core/service/routing/FrequencyCheckerTest.java:144:        return RoutingContext.builder()
core/src/test/java/com/ycsopen/sms/core/service/routing/ApiKeyRateLimitServiceTest.java:5:import org.junit.jupiter.api.extension.ExtendWith;
core/src/test/java/com/ycsopen/sms/core/service/routing/ApiKeyRateLimitServiceTest.java:25:                new ApiKeyRateLimitService.RatePolicy(1, 2, 3, 4));
core/src/test/java/com/ycsopen/sms/core/service/routing/ApiKeyRateLimitServiceTest.java:38:                new ApiKeyRateLimitService.RatePolicy(1, 100, 1000, 10000)))
core/src/test/java/com/ycsopen/sms/core/common/security/object/S3PrivateObjectStoreAdapterTest.java:13:import software.amazon.awssdk.auth.credentials.AnonymousCredentialsProvider;
core/src/test/java/com/ycsopen/sms/core/common/security/object/S3PrivateObjectStoreAdapterTest.java:15:import software.amazon.awssdk.auth.credentials.StaticCredentialsProvider;
core/src/test/java/com/ycsopen/sms/core/common/security/object/S3PrivateObjectStoreAdapterTest.java:26:import software.amazon.awssdk.services.s3.model.GetBucketPolicyRequest;
core/src/test/java/com/ycsopen/sms/core/common/security/object/S3PrivateObjectStoreAdapterTest.java:27:import software.amazon.awssdk.services.s3.model.GetBucketPolicyResponse;
core/src/test/java/com/ycsopen/sms/core/common/security/object/S3PrivateObjectStoreAdapterTest.java:92:                ObjectStoreProperties.CredentialProvider.DEFAULT_CHAIN,
core/src/test/java/com/ycsopen/sms/core/common/security/object/S3PrivateObjectStoreAdapterTest.java:124:        assertThat(body.getValue().contentStreamProvider().newStream().readAllBytes()).containsExactly(envelope);
core/src/test/java/com/ycsopen/sms/core/common/security/object/S3PrivateObjectStoreAdapterTest.java:241:    void rejectsGroupAclAndEveryBucketPolicy() {
core/src/test/java/com/ycsopen/sms/core/common/security/object/S3PrivateObjectStoreAdapterTest.java:253:        when(client.getBucketPolicy(any(GetBucketPolicyRequest.class)))
core/src/test/java/com/ycsopen/sms/core/common/security/object/S3PrivateObjectStoreAdapterTest.java:254:                .thenReturn(GetBucketPolicyResponse.builder()
core/src/test/java/com/ycsopen/sms/core/common/security/object/S3PrivateObjectStoreAdapterTest.java:311:                ObjectStoreProperties.CredentialProvider.DEFAULT_CHAIN, true, false);
core/src/test/java/com/ycsopen/sms/core/common/security/object/S3PrivateObjectStoreAdapterTest.java:331:                ObjectStoreProperties.CredentialProvider.CONTAINER, true, false))
core/src/test/java/com/ycsopen/sms/core/common/security/object/S3PrivateObjectStoreAdapterTest.java:341:                ObjectStoreProperties.CredentialProvider.INSTANCE_PROFILE, true, false))
core/src/test/java/com/ycsopen/sms/core/common/security/object/S3PrivateObjectStoreAdapterTest.java:366:    void bestEffortDeletesAWriteWhoseProviderOutcomeIsUncertain() {
core/src/test/java/com/ycsopen/sms/core/common/security/object/S3PrivateObjectStoreAdapterTest.java:405:                    .credentialsProvider(StaticCredentialsProvider.create(
core/src/test/java/com/ycsopen/sms/core/common/security/object/S3PrivateObjectStoreAdapterTest.java:413:                    .credentialsProvider(AnonymousCredentialsProvider.create())
core/src/test/java/com/ycsopen/sms/core/common/security/object/S3PrivateObjectStoreAdapterTest.java:420:                    ObjectStoreProperties.CredentialProvider.DEFAULT_CHAIN, true, true);
core/src/test/java/com/ycsopen/sms/core/common/security/object/S3PrivateObjectStoreAdapterTest.java:497:        when(client.getBucketPolicy(any(GetBucketPolicyRequest.class))).thenThrow(S3Exception.builder()
core/src/test/java/com/ycsopen/sms/core/common/security/object/S3PrivateObjectStoreAdapterTest.java:499:                .awsErrorDetails(AwsErrorDetails.builder().errorCode("NoSuchBucketPolicy").build())
core/src/main/java/com/ycsopen/sms/core/web/dto/ExemptionPolicyPreviewResponse.java:3:public record ExemptionPolicyPreviewResponse(
core/src/test/java/com/ycsopen/sms/core/service/delivery/MessageStatusQueryServiceTest.java:47:                CREATE TABLE message_send_outbox(
core/src/test/java/com/ycsopen/sms/core/service/delivery/MessageStatusQueryServiceTest.java:70:        jdbc.update("INSERT INTO message_send_outbox(task_id, state) VALUES (91,'SENT')");
core/src/main/java/com/ycsopen/sms/core/web/controller/RoutingCircuitPolicyController.java:4:import com.ycsopen.sms.core.service.routing.RoutingCircuitPolicyService;
core/src/main/java/com/ycsopen/sms/core/web/controller/RoutingCircuitPolicyController.java:5:import com.ycsopen.sms.core.service.routing.RoutingCircuitPolicyService.CircuitState;
core/src/main/java/com/ycsopen/sms/core/web/controller/RoutingCircuitPolicyController.java:6:import com.ycsopen.sms.core.service.routing.RoutingCircuitPolicyService.PolicyImportRequest;
core/src/main/java/com/ycsopen/sms/core/web/controller/RoutingCircuitPolicyController.java:7:import com.ycsopen.sms.core.service.routing.RoutingCircuitPolicyService.PolicyImportResponse;
core/src/main/java/com/ycsopen/sms/core/web/controller/RoutingCircuitPolicyController.java:8:import com.ycsopen.sms.core.service.routing.RoutingCircuitPolicyService.PolicyRuleView;
core/src/main/java/com/ycsopen/sms/core/web/controller/RoutingCircuitPolicyController.java:9:import com.ycsopen.sms.core.service.routing.RoutingCircuitPolicyService.PolicyVersion;
core/src/main/java/com/ycsopen/sms/core/web/controller/RoutingCircuitPolicyController.java:10:import com.ycsopen.sms.core.service.routing.RoutingCircuitPolicyService.RetryPolicy;
core/src/main/java/com/ycsopen/sms/core/web/controller/RoutingCircuitPolicyController.java:11:import com.ycsopen.sms.core.service.routing.RoutingCircuitPolicyService.SimulationRequest;
core/src/main/java/com/ycsopen/sms/core/web/controller/RoutingCircuitPolicyController.java:12:import com.ycsopen.sms.core.service.routing.RoutingCircuitPolicyService.SimulationResult;
core/src/main/java/com/ycsopen/sms/core/web/controller/RoutingCircuitPolicyController.java:22:public class RoutingCircuitPolicyController {
core/src/main/java/com/ycsopen/sms/core/web/controller/RoutingCircuitPolicyController.java:23:    private final RoutingCircuitPolicyService service;
core/src/main/java/com/ycsopen/sms/core/web/controller/RoutingCircuitPolicyController.java:25:    public RoutingCircuitPolicyController(RoutingCircuitPolicyService service) {
core/src/main/java/com/ycsopen/sms/core/web/controller/RoutingCircuitPolicyController.java:31:    public ApiResponse<List<PolicyVersion>> versions() {
core/src/main/java/com/ycsopen/sms/core/web/controller/RoutingCircuitPolicyController.java:37:    public ApiResponse<List<PolicyRuleView>> rules() {
core/src/main/java/com/ycsopen/sms/core/web/controller/RoutingCircuitPolicyController.java:43:    public ApiResponse<PolicyImportResponse> importPolicy(@RequestBody PolicyImportRequest request,
core/src/main/java/com/ycsopen/sms/core/web/controller/RoutingCircuitPolicyController.java:45:        return ApiResponse.ok(service.importPolicy(request, actor(authentication)));
core/src/main/java/com/ycsopen/sms/core/web/controller/RoutingCircuitPolicyController.java:70:    public ApiResponse<RetryPolicy> retryPolicy(@PathVariable String category) {
core/src/main/java/com/ycsopen/sms/core/web/controller/RoutingCircuitPolicyController.java:71:        return ApiResponse.ok(service.retryPolicy(category));
core/src/main/java/com/ycsopen/sms/core/web/controller/RoutingCircuitPolicyController.java:76:    public ApiResponse<RetryPolicy> saveRetryPolicy(@RequestBody RetryPolicy request) {
core/src/main/java/com/ycsopen/sms/core/web/controller/RoutingCircuitPolicyController.java:77:        return ApiResponse.ok(service.saveRetryPolicy(request));
core/src/test/java/com/ycsopen/sms/core/service/delivery/DispatchTaskRecoveryServiceTest.java:6:import com.ycsopen.sms.core.common.security.persistence.PreparedMessageRouting;
core/src/test/java/com/ycsopen/sms/core/service/delivery/DispatchTaskRecoveryServiceTest.java:66:                CREATE TABLE message_send_outbox(
core/src/test/java/com/ycsopen/sms/core/service/delivery/DispatchTaskRecoveryServiceTest.java:79:                CREATE TABLE dispatch_recovery_events(
core/src/test/java/com/ycsopen/sms/core/service/delivery/DispatchTaskRecoveryServiceTest.java:130:        assertThat(jdbc.queryForObject("SELECT channel_id FROM message_send_outbox WHERE task_id=91", Long.class)).isEqualTo(200L);
core/src/test/java/com/ycsopen/sms/core/service/delivery/DispatchTaskRecoveryServiceTest.java:131:        assertThat(jdbc.queryForObject("SELECT action FROM dispatch_recovery_events WHERE task_id=91", String.class)).isEqualTo("MIGRATED");
core/src/test/java/com/ycsopen/sms/core/service/delivery/DispatchTaskRecoveryServiceTest.java:137:        assertThat(jdbc.queryForObject("SELECT COUNT(*) FROM dispatch_recovery_events WHERE task_id=91", Integer.class)).isEqualTo(1);
core/src/test/java/com/ycsopen/sms/core/service/delivery/DispatchTaskRecoveryServiceTest.java:161:        assertThat(jdbc.queryForObject("SELECT action FROM dispatch_recovery_events WHERE task_id=93", String.class)).isEqualTo("NO_BACKUP");
core/src/test/java/com/ycsopen/sms/core/service/delivery/DispatchTaskRecoveryServiceTest.java:190:        PreparedMessageRouting routing = mock(PreparedMessageRouting.class);
core/src/test/java/com/ycsopen/sms/core/service/delivery/DispatchTaskRecoveryServiceTest.java:192:        when(protection.prepareForRouting(any(), any(), any())).thenReturn(routing);
core/src/test/java/com/ycsopen/sms/core/service/delivery/DispatchTaskRecoveryServiceTest.java:205:        assertThat(jdbc.queryForObject("SELECT COUNT(*) FROM message_send_outbox WHERE task_id=195", Integer.class)).isEqualTo(1);
core/src/test/java/com/ycsopen/sms/core/service/delivery/DispatchTaskRecoveryServiceTest.java:206:        assertThat(jdbc.queryForObject("SELECT action FROM dispatch_recovery_events WHERE task_id=94", String.class)).isEqualTo("RETRY_CREATED");
core/src/test/java/com/ycsopen/sms/core/service/delivery/DispatchTaskRecoveryServiceTest.java:210:                          String outboxState, String outboxError) {
core/src/test/java/com/ycsopen/sms/core/service/delivery/DispatchTaskRecoveryServiceTest.java:216:                INSERT INTO message_send_outbox(tenant_id, task_id, message_id, channel_id, state, error_code)
core/src/test/java/com/ycsopen/sms/core/service/delivery/DispatchTaskRecoveryServiceTest.java:218:                """, taskId, messageId, channelId, outboxState, outboxError);
core/src/test/java/com/ycsopen/sms/core/common/security/TenantReviewSecurityTest.java:6:import com.ycsopen.sms.core.service.tenant.TenantReviewService;
core/src/test/java/com/ycsopen/sms/core/common/security/TenantReviewSecurityTest.java:34:@SpringBootTest(classes = TenantReviewSecurityTest.Application.class)
core/src/test/java/com/ycsopen/sms/core/common/security/TenantReviewSecurityTest.java:36:class TenantReviewSecurityTest {
core/src/test/java/com/ycsopen/sms/core/common/security/TenantReviewSecurityTest.java:38:    @Autowired JwtTokenProvider tokens;
core/src/test/java/com/ycsopen/sms/core/common/security/TenantReviewSecurityTest.java:40:    @Autowired TenantReviewService reviews;
core/src/test/java/com/ycsopen/sms/core/common/security/TenantReviewSecurityTest.java:56:        when(evidence.readForReviewer(42,
core/src/test/java/com/ycsopen/sms/core/common/security/TenantReviewSecurityTest.java:75:    void anonymousTenantUsersAndPermissionlessOperatorsCannotReadReviewData() throws Exception {
core/src/test/java/com/ycsopen/sms/core/common/security/TenantReviewSecurityTest.java:108:        verify(reviews).decide(42, 7, TenantReviewService.Decision.REJECT, "不符", false, "103");
core/src/test/java/com/ycsopen/sms/core/common/security/TenantReviewSecurityTest.java:112:    void missingDecisionReturnsControlledValidationFailureWithoutCallingReviewService() throws Exception {
core/src/test/java/com/ycsopen/sms/core/common/security/TenantReviewSecurityTest.java:178:        @Bean JwtTokenProvider tokens() {
core/src/test/java/com/ycsopen/sms/core/common/security/TenantReviewSecurityTest.java:179:            return new JwtTokenProvider("phase08-review-test-signing-secret-32bytes", 10);
core/src/test/java/com/ycsopen/sms/core/common/security/TenantReviewSecurityTest.java:182:        @Bean TenantReviewService reviews() { return mock(TenantReviewService.class); }
core/src/test/java/com/ycsopen/sms/core/verification/Phase08TenantQualificationMySqlTest.java:12:import com.ycsopen.sms.core.service.tenant.TenantEligibilityPolicy;
core/src/test/java/com/ycsopen/sms/core/verification/Phase08TenantQualificationMySqlTest.java:15:import com.ycsopen.sms.core.service.tenant.TenantReviewService;
core/src/test/java/com/ycsopen/sms/core/verification/Phase08TenantQualificationMySqlTest.java:82:    @Autowired TenantReviewService reviews;
core/src/test/java/com/ycsopen/sms/core/verification/Phase08TenantQualificationMySqlTest.java:85:    @Autowired TenantEligibilityPolicy eligibility;
core/src/test/java/com/ycsopen/sms/core/verification/Phase08TenantQualificationMySqlTest.java:102:        TenantReviewService.ReviewView approved = reviews.decide(tenantId, pendingRevision,
core/src/test/java/com/ycsopen/sms/core/verification/Phase08TenantQualificationMySqlTest.java:103:                TenantReviewService.Decision.APPROVE, "人工核验通过", true, "101");
core/src/test/java/com/ycsopen/sms/core/verification/Phase08TenantQualificationMySqlTest.java:111:                TenantReviewService.Decision.APPROVE, "重复审核", true, "101"))
core/src/test/java/com/ycsopen/sms/core/verification/Phase08TenantQualificationMySqlTest.java:112:                .isInstanceOf(TenantReviewService.ReviewFailure.class);
core/src/test/java/com/ycsopen/sms/core/verification/Phase08TenantQualificationMySqlTest.java:302:    @Import({TenantReviewService.class, TenantMaintenanceService.class, TenantEligibilityPolicy.class,
core/src/test/java/com/ycsopen/sms/core/service/routing/ThirdPartyBlacklistClientTest.java:12:    void activeProviderConfigDrivesRoutingDegradedFallbackContract() {
core/src/test/java/com/ycsopen/sms/core/service/routing/ThirdPartyBlacklistClientTest.java:33:    void cacheFallbackAppliesFreshCachedHitForRouting() {
core/src/main/java/com/ycsopen/sms/core/web/controller/RetentionArchiveController.java:7:import com.ycsopen.sms.core.service.archive.RetentionArchiveService.ArchivePolicy;
core/src/main/java/com/ycsopen/sms/core/web/controller/RetentionArchiveController.java:9:import com.ycsopen.sms.core.service.archive.RetentionArchiveService.PolicyCommand;
core/src/main/java/com/ycsopen/sms/core/web/controller/RetentionArchiveController.java:40:    public ApiResponse<List<ArchivePolicy>> policies() {
core/src/main/java/com/ycsopen/sms/core/web/controller/RetentionArchiveController.java:46:    public ApiResponse<ArchivePolicy> savePolicy(@PathVariable String dataDomain,
core/src/main/java/com/ycsopen/sms/core/web/controller/RetentionArchiveController.java:47:                                                  @RequestBody PolicyRequest request,
core/src/main/java/com/ycsopen/sms/core/web/controller/RetentionArchiveController.java:49:        PolicyRequest checked = request == null ? new PolicyRequest(730, 3, null) : request;
core/src/main/java/com/ycsopen/sms/core/web/controller/RetentionArchiveController.java:50:        return ApiResponse.ok(archive.savePolicy(new PolicyCommand(dataDomain, checked.retentionDays(),
core/src/main/java/com/ycsopen/sms/core/web/controller/RetentionArchiveController.java:105:    public record PolicyRequest(Integer retentionDays, Integer hotMonths, LocalDateTime legalHoldUntil) { }
core/src/test/java/com/ycsopen/sms/core/service/delivery/HttpMessageDeliveryServiceTest.java:23:    private RecordingProvider provider;
core/src/test/java/com/ycsopen/sms/core/service/delivery/HttpMessageDeliveryServiceTest.java:51:                CREATE TABLE message_send_outbox(
core/src/test/java/com/ycsopen/sms/core/service/delivery/HttpMessageDeliveryServiceTest.java:81:        provider = new RecordingProvider();
core/src/test/java/com/ycsopen/sms/core/service/delivery/HttpMessageDeliveryServiceTest.java:89:    void dispatchClaimsOneReadyOutboxAndSendsExactlyOnce() {
core/src/test/java/com/ycsopen/sms/core/service/delivery/HttpMessageDeliveryServiceTest.java:91:        provider.next = SmsUpstreamProviderClient.ProviderSubmitResult.accepted("UP-1");
core/src/test/java/com/ycsopen/sms/core/service/delivery/HttpMessageDeliveryServiceTest.java:93:        Optional<HttpMessageDeliveryService.DispatchResult> first = service.dispatchNext();
core/src/test/java/com/ycsopen/sms/core/service/delivery/HttpMessageDeliveryServiceTest.java:94:        Optional<HttpMessageDeliveryService.DispatchResult> second = service.dispatchNext();
core/src/test/java/com/ycsopen/sms/core/service/delivery/HttpMessageDeliveryServiceTest.java:101:        assertThat(jdbc.queryForObject("SELECT state FROM message_send_outbox WHERE task_id=1", String.class)).isEqualTo("SENT");
core/src/test/java/com/ycsopen/sms/core/service/delivery/HttpMessageDeliveryServiceTest.java:102:        assertThat(jdbc.queryForObject("SELECT attempt_count FROM message_send_outbox WHERE task_id=1", Integer.class)).isEqualTo(1);
core/src/test/java/com/ycsopen/sms/core/service/delivery/HttpMessageDeliveryServiceTest.java:110:        provider.next = SmsUpstreamProviderClient.ProviderSubmitResult.rejected("BLACKLIST", "blocked");
core/src/test/java/com/ycsopen/sms/core/service/delivery/HttpMessageDeliveryServiceTest.java:112:        service.dispatchNext();
core/src/test/java/com/ycsopen/sms/core/service/delivery/HttpMessageDeliveryServiceTest.java:115:        assertThat(jdbc.queryForObject("SELECT state FROM message_send_outbox WHERE task_id=1", String.class)).isEqualTo("FAILED");
core/src/test/java/com/ycsopen/sms/core/service/delivery/HttpMessageDeliveryServiceTest.java:120:    void unknownProviderOutcomeIsQuarantinedAndNotRetriedAutomatically() {
core/src/test/java/com/ycsopen/sms/core/service/delivery/HttpMessageDeliveryServiceTest.java:122:        provider.next = SmsUpstreamProviderClient.ProviderSubmitResult.unknown("PROVIDER_TIMEOUT", "unknown");
core/src/test/java/com/ycsopen/sms/core/service/delivery/HttpMessageDeliveryServiceTest.java:124:        service.dispatchNext();
core/src/test/java/com/ycsopen/sms/core/service/delivery/HttpMessageDeliveryServiceTest.java:125:        Optional<HttpMessageDeliveryService.DispatchResult> second = service.dispatchNext();
core/src/test/java/com/ycsopen/sms/core/service/delivery/HttpMessageDeliveryServiceTest.java:130:        assertThat(jdbc.queryForObject("SELECT state FROM message_send_outbox WHERE task_id=1", String.class)).isEqualTo("CLAIMED");
core/src/test/java/com/ycsopen/sms/core/service/delivery/HttpMessageDeliveryServiceTest.java:131:        assertThat(jdbc.queryForObject("SELECT error_code FROM message_send_outbox WHERE task_id=1", String.class)).isEqualTo("PROVIDER_TIMEOUT");
core/src/test/java/com/ycsopen/sms/core/service/delivery/HttpMessageDeliveryServiceTest.java:176:                INSERT INTO message_send_outbox(tenant_id, task_id, message_id, channel_id, state)
core/src/test/java/com/ycsopen/sms/core/service/delivery/HttpMessageDeliveryServiceTest.java:187:    private static final class RecordingProvider implements SmsUpstreamProviderClient {
core/src/test/java/com/ycsopen/sms/core/service/delivery/HttpMessageDeliveryServiceTest.java:188:        private final List<ProviderSubmitRequest> requests = new ArrayList<>();
core/src/test/java/com/ycsopen/sms/core/service/delivery/HttpMessageDeliveryServiceTest.java:189:        private ProviderSubmitResult next = ProviderSubmitResult.accepted("UP-DEFAULT");
core/src/test/java/com/ycsopen/sms/core/service/delivery/HttpMessageDeliveryServiceTest.java:192:        public ProviderSubmitResult submit(ProviderSubmitRequest request) {
core/src/test/java/com/ycsopen/sms/core/service/shortlink/ShortLinkSafetyServiceTest.java:43:        var approved = service.approve(link.id(), new ShortLinkSafetyService.ReviewCommand("域名证据和自动审核均通过"), "operator");
core/src/test/java/com/ycsopen/sms/core/service/shortlink/ShortLinkSafetyServiceTest.java:70:        assertThatThrownBy(() -> service.approve(blocked.id(), new ShortLinkSafetyService.ReviewCommand("误批准"), "operator"))
core/src/test/java/com/ycsopen/sms/core/service/shortlink/ShortLinkSafetyServiceTest.java:81:        service.reject(rejected.id(), new ShortLinkSafetyService.ReviewCommand("目标不符合投放要求"), "operator");
core/src/test/java/com/ycsopen/sms/core/service/shortlink/ShortLinkSafetyServiceTest.java:87:        service.approve(approved.id(), new ShortLinkSafetyService.ReviewCommand("通过"), "operator");
core/src/main/java/com/ycsopen/sms/core/web/controller/ContentSafetyController.java:26:    public ApiResponse<List<PolicyRow>> policies(@RequestParam(required = false) String word,
core/src/main/java/com/ycsopen/sms/core/web/controller/ContentSafetyController.java:36:    public ApiResponse<PolicyRow> save(@RequestBody PolicyRequest request) {
core/src/main/java/com/ycsopen/sms/core/web/controller/ContentSafetyController.java:48:    public ApiResponse<PolicyRow> delete(@PathVariable long id) {
core/src/test/java/com/ycsopen/sms/core/service/routing/ChannelSelectorTest.java:33:        Optional<Long> selected = selector.select(RoutingContext.builder().tenantId(9L).build());
core/src/test/java/com/ycsopen/sms/core/service/routing/ChannelSelectorTest.java:51:        Optional<Long> selected = selector.select(RoutingContext.builder().tenantId(9L).build());
core/src/test/java/com/ycsopen/sms/core/service/delivery/HttpSmsUpstreamProviderClientTest.java:12:class HttpSmsUpstreamProviderClientTest {
core/src/test/java/com/ycsopen/sms/core/service/delivery/HttpSmsUpstreamProviderClientTest.java:14:    void postsIdempotentHttpPayloadToSandboxProvider() throws Exception {
core/src/test/java/com/ycsopen/sms/core/service/delivery/HttpSmsUpstreamProviderClientTest.java:28:            HttpSmsUpstreamProviderClient client = new HttpSmsUpstreamProviderClient(
core/src/test/java/com/ycsopen/sms/core/service/delivery/HttpSmsUpstreamProviderClientTest.java:31:            var result = client.submit(new SmsUpstreamProviderClient.ProviderSubmitRequest(
core/src/test/java/com/ycsopen/sms/core/service/delivery/HttpSmsUpstreamProviderClientTest.java:35:            assertThat(result.status()).isEqualTo(SmsUpstreamProviderClient.ProviderSubmitResult.Status.ACCEPTED);
core/src/main/java/com/ycsopen/sms/core/web/dto/SignatureReviewSummaryResponse.java:3:public record SignatureReviewSummaryResponse(
core/src/main/java/com/ycsopen/sms/core/web/dto/TemplateReviewQueueResponse.java:5:public record TemplateReviewQueueResponse(TemplateReviewSummaryResponse summary, List<TemplateResponse> items) { }
core/src/main/java/com/ycsopen/sms/core/web/controller/ProviderStatusTaxonomyController.java:4:import com.ycsopen.sms.core.service.tool.ProviderStatusTaxonomyPort.NormalizedStatus;
core/src/main/java/com/ycsopen/sms/core/web/controller/ProviderStatusTaxonomyController.java:5:import com.ycsopen.sms.core.service.tool.ProviderStatusTaxonomyService;
core/src/main/java/com/ycsopen/sms/core/web/controller/ProviderStatusTaxonomyController.java:6:import com.ycsopen.sms.core.service.tool.ProviderStatusTaxonomyService.ExportResponse;
core/src/main/java/com/ycsopen/sms/core/web/controller/ProviderStatusTaxonomyController.java:7:import com.ycsopen.sms.core.service.tool.ProviderStatusTaxonomyService.ImportRequest;
core/src/main/java/com/ycsopen/sms/core/web/controller/ProviderStatusTaxonomyController.java:8:import com.ycsopen.sms.core.service.tool.ProviderStatusTaxonomyService.ImportResponse;
core/src/main/java/com/ycsopen/sms/core/web/controller/ProviderStatusTaxonomyController.java:9:import com.ycsopen.sms.core.service.tool.ProviderStatusTaxonomyService.MappingView;
core/src/main/java/com/ycsopen/sms/core/web/controller/ProviderStatusTaxonomyController.java:10:import com.ycsopen.sms.core.service.tool.ProviderStatusTaxonomyService.VersionRow;
core/src/main/java/com/ycsopen/sms/core/web/controller/ProviderStatusTaxonomyController.java:25:public class ProviderStatusTaxonomyController {
core/src/main/java/com/ycsopen/sms/core/web/controller/ProviderStatusTaxonomyController.java:26:    private final ProviderStatusTaxonomyService service;
core/src/main/java/com/ycsopen/sms/core/web/controller/ProviderStatusTaxonomyController.java:28:    public ProviderStatusTaxonomyController(ProviderStatusTaxonomyService service) {
core/src/test/java/com/ycsopen/sms/core/service/routing/ContentReviewCheckerTest.java:6:import org.junit.jupiter.api.extension.ExtendWith;
core/src/test/java/com/ycsopen/sms/core/service/routing/ContentReviewCheckerTest.java:21:class ContentReviewCheckerTest {
core/src/test/java/com/ycsopen/sms/core/service/routing/ContentReviewCheckerTest.java:31:        var result = newChecker().check(RoutingContext.builder()
core/src/test/java/com/ycsopen/sms/core/service/routing/ContentReviewCheckerTest.java:55:        var result = newChecker().check(RoutingContext.builder()
core/src/test/java/com/ycsopen/sms/core/service/routing/ContentReviewCheckerTest.java:69:    void tenantScopedPolicyDoesNotLeakAcrossTenants() {
core/src/test/java/com/ycsopen/sms/core/service/routing/ContentReviewCheckerTest.java:74:        var result = newChecker().check(RoutingContext.builder()
core/src/test/java/com/ycsopen/sms/core/service/routing/ContentReviewCheckerTest.java:85:    void passPreservesOriginalCaseAndWidthWhenNoPolicyMatches() {
core/src/test/java/com/ycsopen/sms/core/service/routing/ContentReviewCheckerTest.java:88:        var result = newChecker().check(RoutingContext.builder()
core/src/test/java/com/ycsopen/sms/core/service/routing/ContentReviewCheckerTest.java:103:        var result = newChecker().check(RoutingContext.builder()
core/src/test/java/com/ycsopen/sms/core/service/routing/ContentReviewCheckerTest.java:118:        var result = newChecker().check(RoutingContext.builder()
core/src/test/java/com/ycsopen/sms/core/service/routing/ContentReviewCheckerTest.java:133:        var result = newChecker().preview(RoutingContext.builder()
core/src/test/java/com/ycsopen/sms/core/service/routing/ContentReviewCheckerTest.java:145:    private ContentReviewChecker newChecker() {
core/src/test/java/com/ycsopen/sms/core/service/routing/ContentReviewCheckerTest.java:146:        return new ContentReviewChecker(repository, jdbc);
core/src/main/java/com/ycsopen/sms/core/service/routing/ThirdPartyBlacklistClient.java:64:        ProviderRuntimeConfig config = runtimeConfig();
core/src/main/java/com/ycsopen/sms/core/service/routing/ThirdPartyBlacklistClient.java:76:                recordProviderOutcome(config, opaqueMobileQueryValue, true, "BLOCK", "provider contract hit");
core/src/main/java/com/ycsopen/sms/core/service/routing/ThirdPartyBlacklistClient.java:80:            recordProviderOutcome(config, opaqueMobileQueryValue, false, "ALLOW", "provider contract miss");
core/src/main/java/com/ycsopen/sms/core/service/routing/ThirdPartyBlacklistClient.java:84:                    config.fallbackPolicy(), config.providerName(), e);
core/src/main/java/com/ycsopen/sms/core/service/routing/ThirdPartyBlacklistClient.java:85:            return switch (config.fallbackPolicy()) {
core/src/main/java/com/ycsopen/sms/core/service/routing/ThirdPartyBlacklistClient.java:93:    private CheckResult cachedDecision(String opaqueMobileQueryValue, ProviderRuntimeConfig config) {
core/src/main/java/com/ycsopen/sms/core/service/routing/ThirdPartyBlacklistClient.java:118:    private void recordProviderOutcome(ProviderRuntimeConfig config, String opaqueMobileQueryValue,
core/src/main/java/com/ycsopen/sms/core/service/routing/ThirdPartyBlacklistClient.java:129:                    hit ? config.thresholdScore() : 0, riskResult, config.fallbackPolicy(), reason);
core/src/main/java/com/ycsopen/sms/core/service/routing/ThirdPartyBlacklistClient.java:135:    private ProviderRuntimeConfig runtimeConfig() {
core/src/main/java/com/ycsopen/sms/core/service/routing/ThirdPartyBlacklistClient.java:148:                return new ProviderRuntimeConfig(true, rs.getString("provider_name"),
core/src/main/java/com/ycsopen/sms/core/service/routing/ThirdPartyBlacklistClient.java:159:    private ProviderRuntimeConfig propertyConfig() {
core/src/main/java/com/ycsopen/sms/core/service/routing/ThirdPartyBlacklistClient.java:161:            return ProviderRuntimeConfig.disabled();
core/src/main/java/com/ycsopen/sms/core/service/routing/ThirdPartyBlacklistClient.java:163:        return new ProviderRuntimeConfig(true, "application-properties", "", "BASIC",
core/src/main/java/com/ycsopen/sms/core/service/routing/ThirdPartyBlacklistClient.java:167:    private record ProviderRuntimeConfig(boolean enabled, String providerName,
core/src/main/java/com/ycsopen/sms/core/service/routing/ThirdPartyBlacklistClient.java:169:                                         int thresholdScore, int timeoutMs, String fallbackPolicy,
core/src/main/java/com/ycsopen/sms/core/service/routing/ThirdPartyBlacklistClient.java:171:        static ProviderRuntimeConfig disabled() {
core/src/main/java/com/ycsopen/sms/core/service/routing/ThirdPartyBlacklistClient.java:172:            return new ProviderRuntimeConfig(false, "disabled", "", "BASIC", 100, 800, "ALLOW", 1);
core/src/main/java/com/ycsopen/sms/core/cmpp/package-info.java:6: * existing upstream provider SPI adapter. The simulator body codec is a test contract, not the final carrier
core/src/main/java/com/ycsopen/sms/core/web/dto/ResourceReviewHistoryItem.java:6:public record ResourceReviewHistoryItem(
core/src/main/java/com/ycsopen/sms/core/web/dto/ExemptionPolicyCreateRequest.java:3:public record ExemptionPolicyCreateRequest(
core/src/main/java/com/ycsopen/sms/core/service/routing/RoutingContext.java:15:public class RoutingContext {
core/src/main/java/com/ycsopen/sms/core/service/routing/BlacklistChecker.java:25:    public Result check(RoutingContext ctx) {
core/src/main/java/com/ycsopen/sms/core/web/controller/MessageController.java:5:import com.ycsopen.sms.core.service.routing.ApiKeyRateLimitService.RatePolicy;
core/src/main/java/com/ycsopen/sms/core/web/controller/MessageController.java:35:        RatePolicy ratePolicy = (RatePolicy) httpRequest.getAttribute(HmacAuthInterceptor.ATTR_RATE_POLICY);
core/src/main/java/com/ycsopen/sms/core/web/controller/MessageController.java:36:        apiKeyRateLimitService.enforce(tenantId, apiKeyId, ratePolicy);
core/src/main/java/com/ycsopen/sms/core/service/routing/ApiKeyRateLimitService.java:15:    public void enforce(Long tenantId, Long apiKeyId, RatePolicy policy) {
core/src/main/java/com/ycsopen/sms/core/service/routing/ApiKeyRateLimitService.java:36:    public record RatePolicy(int perSecond, int perMinute, int perHour, int perDay) { }
core/src/main/java/com/ycsopen/sms/core/web/controller/TenantRechargeController.java:9:import com.ycsopen.sms.core.service.billing.TenantRechargeService.ReviewCommand;
core/src/main/java/com/ycsopen/sms/core/web/controller/TenantRechargeController.java:57:    public ApiResponse<RechargeRecord> review(@PathVariable long rechargeId, @RequestBody ReviewCommand command,
core/src/main/java/com/ycsopen/sms/core/cmpp/CmppClientSession.java:4:import com.ycsopen.sms.core.service.tool.ProviderStatusTaxonomyPort;
core/src/main/java/com/ycsopen/sms/core/cmpp/CmppClientSession.java:17:    private final ProviderStatusTaxonomyPort taxonomy;
core/src/main/java/com/ycsopen/sms/core/cmpp/CmppClientSession.java:21:    private final Map<String, Map<Integer, String>> partialProviderIds = new LinkedHashMap<>();
core/src/main/java/com/ycsopen/sms/core/cmpp/CmppClientSession.java:25:    public CmppClientSession(Config config, ProviderStatusTaxonomyPort taxonomy) {
core/src/main/java/com/ycsopen/sms/core/cmpp/CmppClientSession.java:70:        Map<Integer, String> acceptedSegments = partialProviderIds.computeIfAbsent(
core/src/main/java/com/ycsopen/sms/core/cmpp/CmppClientSession.java:74:            String acceptedProviderId = acceptedSegments.get(segment.index());
core/src/main/java/com/ycsopen/sms/core/cmpp/CmppClientSession.java:75:            if (acceptedProviderId != null) {
core/src/main/java/com/ycsopen/sms/core/cmpp/CmppClientSession.java:76:                providerIds.add(acceptedProviderId);
core/src/main/java/com/ycsopen/sms/core/cmpp/CmppClientSession.java:93:                partialProviderIds.remove(checked.idempotencyKey());
core/src/main/java/com/ycsopen/sms/core/cmpp/CmppClientSession.java:108:        partialProviderIds.remove(checked.idempotencyKey());
core/src/main/java/com/ycsopen/sms/core/cmpp/CmppClientSession.java:138:                ProviderStatusTaxonomyPort.NormalizedStatus status =
core/src/main/java/com/ycsopen/sms/core/cmpp/CmppClientSession.java:183:                         int windowSize, ReconnectPolicy reconnect) {
core/src/main/java/com/ycsopen/sms/core/cmpp/CmppClientSession.java:189:                    reconnect == null ? ReconnectPolicy.standard() : reconnect);
core/src/main/java/com/ycsopen/sms/core/cmpp/CmppClientSession.java:193:    public record ReconnectPolicy(List<Duration> delays) {
core/src/main/java/com/ycsopen/sms/core/cmpp/CmppClientSession.java:194:        public static ReconnectPolicy standard() {
core/src/main/java/com/ycsopen/sms/core/cmpp/CmppClientSession.java:195:            return new ReconnectPolicy(List.of(Duration.ofSeconds(1), Duration.ofSeconds(2), Duration.ofSeconds(4)));
core/src/main/java/com/ycsopen/sms/core/cmpp/CmppClientSession.java:198:        public ReconnectPolicy {
core/src/main/java/com/ycsopen/sms/core/cmpp/CmppSmsUpstreamProviderClient.java:4:import com.ycsopen.sms.core.service.delivery.SmsUpstreamProviderClient;
core/src/main/java/com/ycsopen/sms/core/cmpp/CmppSmsUpstreamProviderClient.java:8:/** Adapts the CMPP client core to the existing upstream provider SPI. */
core/src/main/java/com/ycsopen/sms/core/cmpp/CmppSmsUpstreamProviderClient.java:9:public final class CmppSmsUpstreamProviderClient implements SmsUpstreamProviderClient {
core/src/main/java/com/ycsopen/sms/core/cmpp/CmppSmsUpstreamProviderClient.java:10:    private static final Logger log = LoggerFactory.getLogger(CmppSmsUpstreamProviderClient.class);
core/src/main/java/com/ycsopen/sms/core/cmpp/CmppSmsUpstreamProviderClient.java:15:    public CmppSmsUpstreamProviderClient(CmppClientSession session, CmppGateway gateway) {
core/src/main/java/com/ycsopen/sms/core/cmpp/CmppSmsUpstreamProviderClient.java:21:    public ProviderSubmitResult submit(ProviderSubmitRequest request) {
core/src/main/java/com/ycsopen/sms/core/cmpp/CmppSmsUpstreamProviderClient.java:27:                return ProviderSubmitResult.accepted(result.providerMessageId());
core/src/main/java/com/ycsopen/sms/core/cmpp/CmppSmsUpstreamProviderClient.java:29:            return ProviderSubmitResult.rejected(result.errorCode(), "CMPP rejected");
core/src/main/java/com/ycsopen/sms/core/cmpp/CmppSmsUpstreamProviderClient.java:32:            return ProviderSubmitResult.rejected("CMPP_INVALID_REQUEST", failure.getMessage());
core/src/main/java/com/ycsopen/sms/core/cmpp/CmppSmsUpstreamProviderClient.java:36:            return ProviderSubmitResult.unknown(failure.getErrorCode(), failure.getMessage());
core/src/main/java/com/ycsopen/sms/core/cmpp/CmppSmsUpstreamProviderClient.java:39:            return ProviderSubmitResult.unknown("CMPP_UNKNOWN", "CMPP outcome is unknown");
core/src/main/java/com/ycsopen/sms/core/service/routing/ContentReviewChecker.java:22: * <p><b>覆盖 PRD 检视 Finding #2</b>：本检查器扫描的是 {@link RoutingContext#getContent()}，
core/src/main/java/com/ycsopen/sms/core/service/routing/ContentReviewChecker.java:25: * RoutingContext 时必须遵守，测试见 ContentReviewCheckerTest。</p>
core/src/main/java/com/ycsopen/sms/core/service/routing/ContentReviewChecker.java:28:public class ContentReviewChecker {
core/src/main/java/com/ycsopen/sms/core/service/routing/ContentReviewChecker.java:30:    private static final Logger log = LoggerFactory.getLogger(ContentReviewChecker.class);
core/src/main/java/com/ycsopen/sms/core/service/routing/ContentReviewChecker.java:35:    public ContentReviewChecker(SensitiveWordRepository sensitiveWordRepository, JdbcTemplate jdbc) {
core/src/main/java/com/ycsopen/sms/core/service/routing/ContentReviewChecker.java:41:    public Result check(RoutingContext ctx) {
core/src/main/java/com/ycsopen/sms/core/service/routing/ContentReviewChecker.java:46:    public Result preview(RoutingContext ctx) {
core/src/main/java/com/ycsopen/sms/core/service/routing/ContentReviewChecker.java:50:    private Result evaluate(RoutingContext ctx, boolean recordHits) {
core/src/main/java/com/ycsopen/sms/core/service/routing/ContentReviewChecker.java:99:        return check(RoutingContext.builder().tenantId(tenantId).content(content).build());
core/src/main/java/com/ycsopen/sms/core/service/routing/ContentReviewChecker.java:102:    private boolean appliesToContext(SensitiveWord sw, RoutingContext ctx) {
core/src/main/java/com/ycsopen/sms/core/service/routing/ContentReviewChecker.java:110:    private int scopeRank(SensitiveWord sw, RoutingContext ctx) {
core/src/main/java/com/ycsopen/sms/core/service/routing/ContentReviewChecker.java:134:    private void recordHit(SensitiveWord word, RoutingContext ctx, String canonicalWord,
core/src/main/java/com/ycsopen/sms/core/web/controller/ShortLinkSafetyController.java:72:            @PathVariable long id, @RequestBody ShortLinkSafetyService.ReviewCommand command,
core/src/main/java/com/ycsopen/sms/core/web/controller/ShortLinkSafetyController.java:80:            @PathVariable long id, @RequestBody ShortLinkSafetyService.ReviewCommand command,
core/src/main/java/com/ycsopen/sms/core/web/controller/BlacklistRiskControlController.java:61:    public ApiResponse<List<RiskProviderConfigRow>> providers() {
core/src/main/java/com/ycsopen/sms/core/web/controller/BlacklistRiskControlController.java:67:    public ApiResponse<RiskProviderConfigRow> saveProvider(@RequestBody RiskProviderConfigRequest request,
core/src/main/java/com/ycsopen/sms/core/web/controller/BlacklistRiskControlController.java:69:        return ApiResponse.ok(service.saveProvider(request, actor(authentication)));
core/src/main/java/com/ycsopen/sms/core/web/controller/ContractPricingController.java:6:import com.ycsopen.sms.core.service.billing.ContractPricingService;
core/src/main/java/com/ycsopen/sms/core/web/controller/ContractPricingController.java:7:import com.ycsopen.sms.core.service.billing.ContractPricingService.ContractCommand;
core/src/main/java/com/ycsopen/sms/core/web/controller/ContractPricingController.java:8:import com.ycsopen.sms.core.service.billing.ContractPricingService.ContractOverview;
core/src/main/java/com/ycsopen/sms/core/web/controller/ContractPricingController.java:9:import com.ycsopen.sms.core.service.billing.ContractPricingService.ContractRow;
core/src/main/java/com/ycsopen/sms/core/web/controller/ContractPricingController.java:10:import com.ycsopen.sms.core.service.billing.ContractPricingService.PostpaidUsageCommand;
core/src/main/java/com/ycsopen/sms/core/web/controller/ContractPricingController.java:11:import com.ycsopen.sms.core.service.billing.ContractPricingService.PostpaidUsageRow;
core/src/main/java/com/ycsopen/sms/core/web/controller/ContractPricingController.java:24:public class ContractPricingController {
core/src/main/java/com/ycsopen/sms/core/web/controller/ContractPricingController.java:25:    private final ContractPricingService service;
core/src/main/java/com/ycsopen/sms/core/web/controller/ContractPricingController.java:28:    public ContractPricingController(ContractPricingService service, UserRepository users) {
core/src/main/java/com/ycsopen/sms/core/service/routing/RoutingEngine.java:14: *      → ④ 内容审核检测                                    [ContentReviewChecker]
core/src/main/java/com/ycsopen/sms/core/service/routing/RoutingEngine.java:16: *      → ⑥ 号码归属识别（含携号转网）                        [调用方在构造 RoutingContext 时完成]
core/src/main/java/com/ycsopen/sms/core/service/routing/RoutingEngine.java:26:public class RoutingEngine {
core/src/main/java/com/ycsopen/sms/core/service/routing/RoutingEngine.java:27:    private static final Logger log = LoggerFactory.getLogger(RoutingEngine.class);
core/src/main/java/com/ycsopen/sms/core/service/routing/RoutingEngine.java:30:    private final ContentReviewChecker contentReviewChecker;
core/src/main/java/com/ycsopen/sms/core/service/routing/RoutingEngine.java:35:    public RoutingEngine(BlacklistChecker blacklistChecker,
core/src/main/java/com/ycsopen/sms/core/service/routing/RoutingEngine.java:36:                          ContentReviewChecker contentReviewChecker,
core/src/main/java/com/ycsopen/sms/core/service/routing/RoutingEngine.java:41:        this.contentReviewChecker = contentReviewChecker;
core/src/main/java/com/ycsopen/sms/core/service/routing/RoutingEngine.java:47:    public RoutingDecision route(RoutingContext ctx) {
core/src/main/java/com/ycsopen/sms/core/service/routing/RoutingEngine.java:57:            return RoutingDecision.reject(RoutingDecision.RejectStage.BLACKLIST, blacklistResult.reason());
core/src/main/java/com/ycsopen/sms/core/service/routing/RoutingEngine.java:60:        ContentReviewChecker.Result contentResult = contentReviewChecker.check(ctx);
core/src/main/java/com/ycsopen/sms/core/service/routing/RoutingEngine.java:62:            return RoutingDecision.reject(RoutingDecision.RejectStage.CONTENT_REVIEW, contentResult.reason());
core/src/main/java/com/ycsopen/sms/core/service/routing/RoutingEngine.java:67:            return RoutingDecision.reject(RoutingDecision.RejectStage.FREQUENCY_LIMIT, frequencyResult.reason());
core/src/main/java/com/ycsopen/sms/core/service/routing/RoutingEngine.java:71:                .map(channelId -> RoutingDecision.allow(channelId, contentResult.finalContent()))
core/src/main/java/com/ycsopen/sms/core/service/routing/RoutingEngine.java:72:                .orElseGet(() -> RoutingDecision.reject(
core/src/main/java/com/ycsopen/sms/core/service/routing/RoutingEngine.java:73:                        RoutingDecision.RejectStage.NO_AVAILABLE_CHANNEL, "无可用通道（所有通道均不可路由）"));
core/src/main/java/com/ycsopen/sms/core/web/controller/ComplaintCaseController.java:101:                command == null ? null : command.authorizedReviewId(),
core/src/main/java/com/ycsopen/sms/core/web/controller/ComplaintCaseController.java:109:                command == null ? null : command.authorizedReviewId(),
core/src/main/java/com/ycsopen/sms/core/web/controller/MessageDeliveryController.java:6:import com.ycsopen.sms.core.web.dto.delivery.ProviderReceiptRequest;
core/src/main/java/com/ycsopen/sms/core/web/controller/MessageDeliveryController.java:36:    public ApiResponse<HttpMessageDeliveryService.ReceiptResult> receipt(@RequestBody ProviderReceiptRequest request) {
core/src/main/java/com/ycsopen/sms/core/web/controller/ExemptionPolicyController.java:4:import com.ycsopen.sms.core.service.exemption.ExemptionPolicyService;
core/src/main/java/com/ycsopen/sms/core/web/controller/ExemptionPolicyController.java:16:public class ExemptionPolicyController {
core/src/main/java/com/ycsopen/sms/core/web/controller/ExemptionPolicyController.java:17:    private final ExemptionPolicyService service;
core/src/main/java/com/ycsopen/sms/core/web/controller/ExemptionPolicyController.java:19:    public ExemptionPolicyController(ExemptionPolicyService service) {
core/src/main/java/com/ycsopen/sms/core/web/controller/ExemptionPolicyController.java:25:    public ApiResponse<List<ExemptionPolicyResponse>> list() {
core/src/main/java/com/ycsopen/sms/core/web/controller/ExemptionPolicyController.java:31:    public ApiResponse<ExemptionPolicyResponse> create(@RequestBody ExemptionPolicyCreateRequest request,
core/src/main/java/com/ycsopen/sms/core/web/controller/ExemptionPolicyController.java:33:        return ApiResponse.ok(service.create(new ExemptionPolicyCreateRequest(request == null ? null : request.tenantId(),
core/src/main/java/com/ycsopen/sms/core/web/controller/ExemptionPolicyController.java:43:    public ApiResponse<ExemptionPolicyResponse> revoke(@PathVariable long id,
core/src/main/java/com/ycsopen/sms/core/web/controller/ExemptionPolicyController.java:44:                                                       @RequestBody ExemptionPolicyRevokeRequest request,
core/src/main/java/com/ycsopen/sms/core/web/controller/ExemptionPolicyController.java:46:        return ApiResponse.ok(service.revoke(id, new ExemptionPolicyRevokeRequest(
core/src/main/java/com/ycsopen/sms/core/web/controller/ExemptionPolicyController.java:52:    public ApiResponse<ExemptionPolicyPreviewResponse> preview(@RequestBody ExemptionPolicyPreviewRequest request,
core/src/main/java/com/ycsopen/sms/core/web/controller/ExemptionPolicyController.java:54:        return ApiResponse.ok(service.preview(new ExemptionPolicyPreviewRequest(request == null ? null : request.tenantId(),
core/src/main/java/com/ycsopen/sms/core/web/controller/ExemptionPolicyController.java:63:    public ApiResponse<List<ExemptionPolicyUsageResponse>> usageHistory() {
core/src/main/java/com/ycsopen/sms/core/service/routing/RoutingCircuitPolicyService.java:17:public class RoutingCircuitPolicyService {
core/src/main/java/com/ycsopen/sms/core/service/routing/RoutingCircuitPolicyService.java:24:    public RoutingCircuitPolicyService(JdbcTemplate jdbc) {
core/src/main/java/com/ycsopen/sms/core/service/routing/RoutingCircuitPolicyService.java:29:    public PolicyImportResponse importPolicy(PolicyImportRequest request, String actor) {
core/src/main/java/com/ycsopen/sms/core/service/routing/RoutingCircuitPolicyService.java:35:        List<PolicyRule> valid = request.rules().stream()
core/src/main/java/com/ycsopen/sms/core/service/routing/RoutingCircuitPolicyService.java:36:                .map(row -> new PolicyRule(row.priority(),
core/src/main/java/com/ycsopen/sms/core/service/routing/RoutingCircuitPolicyService.java:42:                .sorted(Comparator.comparingInt(PolicyRule::priority))
core/src/main/java/com/ycsopen/sms/core/service/routing/RoutingCircuitPolicyService.java:52:        for (PolicyRule row : valid) {
core/src/main/java/com/ycsopen/sms/core/service/routing/RoutingCircuitPolicyService.java:58:        return new PolicyImportResponse(versionNo, valid.size(), "ACTIVE");
core/src/main/java/com/ycsopen/sms/core/service/routing/RoutingCircuitPolicyService.java:62:    public List<PolicyVersion> versions() {
core/src/main/java/com/ycsopen/sms/core/service/routing/RoutingCircuitPolicyService.java:66:                """, (rs, row) -> new PolicyVersion(rs.getLong("id"), rs.getString("version_no"), rs.getString("status"),
core/src/main/java/com/ycsopen/sms/core/service/routing/RoutingCircuitPolicyService.java:72:    public List<PolicyRuleView> rules() {
core/src/main/java/com/ycsopen/sms/core/service/routing/RoutingCircuitPolicyService.java:78:                """, (rs, row) -> new PolicyRuleView(rs.getLong("id"), rs.getString("version_no"),
core/src/main/java/com/ycsopen/sms/core/service/routing/RoutingCircuitPolicyService.java:90:        List<PolicyRuleView> candidates = rules().stream().filter(rule -> matches(rule, input)).toList();
core/src/main/java/com/ycsopen/sms/core/service/routing/RoutingCircuitPolicyService.java:96:        RetryPolicy retry = retryPolicy(input.normalizedCategory().isBlank() ? "FAILURE" : input.normalizedCategory());
core/src/main/java/com/ycsopen/sms/core/service/routing/RoutingCircuitPolicyService.java:142:    public RetryPolicy saveRetryPolicy(RetryPolicy request) {
core/src/main/java/com/ycsopen/sms/core/service/routing/RoutingCircuitPolicyService.java:149:        return retryPolicy(category);
core/src/main/java/com/ycsopen/sms/core/service/routing/RoutingCircuitPolicyService.java:153:    public RetryPolicy retryPolicy(String normalizedCategory) {
core/src/main/java/com/ycsopen/sms/core/service/routing/RoutingCircuitPolicyService.java:158:                """, (rs, row) -> new RetryPolicy(rs.getString("normalized_category"), rs.getBoolean("retryable"),
core/src/main/java/com/ycsopen/sms/core/service/routing/RoutingCircuitPolicyService.java:160:                .stream().findFirst().orElse(new RetryPolicy(category.isBlank() ? "FAILURE" : category,
core/src/main/java/com/ycsopen/sms/core/service/routing/RoutingCircuitPolicyService.java:164:    private Selection selectIfEligible(PolicyRuleView rule) {
core/src/main/java/com/ycsopen/sms/core/service/routing/RoutingCircuitPolicyService.java:173:    private boolean matches(PolicyRuleView rule, SimulationInput input) {
core/src/main/java/com/ycsopen/sms/core/service/routing/RoutingCircuitPolicyService.java:224:    public record PolicyRule(int priority, String conditionType, String conditionValue, String targetType,
core/src/main/java/com/ycsopen/sms/core/service/routing/RoutingCircuitPolicyService.java:226:    public record PolicyImportRequest(String versionNo, String sourceName, LocalDateTime effectiveAt,
core/src/main/java/com/ycsopen/sms/core/service/routing/RoutingCircuitPolicyService.java:227:                                      List<PolicyRule> rules) { }
core/src/main/java/com/ycsopen/sms/core/service/routing/RoutingCircuitPolicyService.java:228:    public record PolicyImportResponse(String versionNo, int imported, String status) { }
core/src/main/java/com/ycsopen/sms/core/service/routing/RoutingCircuitPolicyService.java:229:    public record PolicyVersion(Long id, String versionNo, String status, String sourceName,
core/src/main/java/com/ycsopen/sms/core/service/routing/RoutingCircuitPolicyService.java:231:    public record PolicyRuleView(Long id, String versionNo, int priority, String conditionType, String conditionValue,
core/src/main/java/com/ycsopen/sms/core/service/routing/RoutingCircuitPolicyService.java:237:    private record Selection(PolicyRuleView rule, String targetType, String targetRef, boolean eligible,
core/src/main/java/com/ycsopen/sms/core/service/routing/RoutingCircuitPolicyService.java:240:                                   String explanation, String circuitStatus, RetryPolicy retryPolicy) { }
core/src/main/java/com/ycsopen/sms/core/service/routing/RoutingCircuitPolicyService.java:243:    public record RetryPolicy(String normalizedCategory, boolean retryable, int delaySeconds, int maxAttempts,
core/src/main/java/com/ycsopen/sms/core/service/delivery/SandboxSmsUpstreamProviderClient.java:8:@ConditionalOnMissingBean(SmsUpstreamProviderClient.class)
core/src/main/java/com/ycsopen/sms/core/service/delivery/SandboxSmsUpstreamProviderClient.java:9:public class SandboxSmsUpstreamProviderClient implements SmsUpstreamProviderClient {
core/src/main/java/com/ycsopen/sms/core/service/delivery/SandboxSmsUpstreamProviderClient.java:11:    public ProviderSubmitResult submit(ProviderSubmitRequest request) {
core/src/main/java/com/ycsopen/sms/core/service/delivery/SandboxSmsUpstreamProviderClient.java:12:        return ProviderSubmitResult.accepted("SANDBOX-" + request.messageId());
core/src/main/java/com/ycsopen/sms/core/service/delivery/SmsUpstreamProviderClient.java:3:/** Provider boundary for sending one accepted SMS task to an HTTP upstream. */
core/src/main/java/com/ycsopen/sms/core/service/delivery/SmsUpstreamProviderClient.java:4:public interface SmsUpstreamProviderClient {
core/src/main/java/com/ycsopen/sms/core/service/delivery/SmsUpstreamProviderClient.java:5:    ProviderSubmitResult submit(ProviderSubmitRequest request);
core/src/main/java/com/ycsopen/sms/core/service/delivery/SmsUpstreamProviderClient.java:7:    record ProviderSubmitRequest(long tenantId, long taskId, String messageId, long channelId,
core/src/main/java/com/ycsopen/sms/core/service/delivery/SmsUpstreamProviderClient.java:9:        public ProviderSubmitRequest {
core/src/main/java/com/ycsopen/sms/core/service/delivery/SmsUpstreamProviderClient.java:17:    record ProviderSubmitResult(Status status, String providerMessageId, String errorCode, String errorMessage) {
core/src/main/java/com/ycsopen/sms/core/service/delivery/SmsUpstreamProviderClient.java:20:        public static ProviderSubmitResult accepted(String providerMessageId) {
core/src/main/java/com/ycsopen/sms/core/service/delivery/SmsUpstreamProviderClient.java:21:            return new ProviderSubmitResult(Status.ACCEPTED, required(providerMessageId, "providerMessageId"), null, null);
core/src/main/java/com/ycsopen/sms/core/service/delivery/SmsUpstreamProviderClient.java:24:        public static ProviderSubmitResult rejected(String errorCode, String errorMessage) {
core/src/main/java/com/ycsopen/sms/core/service/delivery/SmsUpstreamProviderClient.java:25:            return new ProviderSubmitResult(Status.REJECTED, null, fallback(errorCode, "PROVIDER_REJECTED"),
core/src/main/java/com/ycsopen/sms/core/service/delivery/SmsUpstreamProviderClient.java:29:        public static ProviderSubmitResult unknown(String errorCode, String errorMessage) {
core/src/main/java/com/ycsopen/sms/core/service/delivery/SmsUpstreamProviderClient.java:30:            return new ProviderSubmitResult(Status.UNKNOWN, null, fallback(errorCode, "UNKNOWN_OUTCOME"),
core/src/main/java/com/ycsopen/sms/core/service/archive/RetentionArchiveService.java:63:    public List<ArchivePolicy> policies() {
core/src/main/java/com/ycsopen/sms/core/service/archive/RetentionArchiveService.java:73:    public ArchivePolicy savePolicy(PolicyCommand command) {
core/src/main/java/com/ycsopen/sms/core/service/archive/RetentionArchiveService.java:99:        ArchivePolicy policy = ensurePolicy(command.dataDomain(), command.actor());
core/src/main/java/com/ycsopen/sms/core/service/archive/RetentionArchiveService.java:108:        ArchivePolicy policy = ensurePolicy(command.dataDomain(), command.actor());
core/src/main/java/com/ycsopen/sms/core/service/archive/RetentionArchiveService.java:287:    private ArchivePolicy ensurePolicy(String dataDomain, String actor) {
core/src/main/java/com/ycsopen/sms/core/service/archive/RetentionArchiveService.java:289:        List<ArchivePolicy> found = jdbc.query("""
core/src/main/java/com/ycsopen/sms/core/service/archive/RetentionArchiveService.java:295:        return savePolicy(new PolicyCommand(domain, 730, 3, null, actor));
core/src/main/java/com/ycsopen/sms/core/service/archive/RetentionArchiveService.java:298:    private List<Map<String, Object>> eligibleRows(ArchivePolicy policy, Long tenantId) {
core/src/main/java/com/ycsopen/sms/core/service/archive/RetentionArchiveService.java:353:    private ArchivePolicy policy(String domain) {
core/src/main/java/com/ycsopen/sms/core/service/archive/RetentionArchiveService.java:485:    private static RowMapper<ArchivePolicy> policyMapper() {
core/src/main/java/com/ycsopen/sms/core/service/archive/RetentionArchiveService.java:486:        return (row, index) -> new ArchivePolicy(row.getLong("id"), row.getString("data_domain"),
core/src/main/java/com/ycsopen/sms/core/service/archive/RetentionArchiveService.java:522:    public record PolicyCommand(String dataDomain, Integer retentionDays, Integer hotMonths,
core/src/main/java/com/ycsopen/sms/core/service/archive/RetentionArchiveService.java:534:    public record ArchivePolicy(long id, String dataDomain, String sourceTable, int retentionDays, int hotMonths,
core/src/main/java/com/ycsopen/sms/core/service/routing/RoutingDecision.java:12:public class RoutingDecision {
core/src/main/java/com/ycsopen/sms/core/service/routing/RoutingDecision.java:24:    public static RoutingDecision allow(Long channelId, String finalContent) {
core/src/main/java/com/ycsopen/sms/core/service/routing/RoutingDecision.java:25:        return RoutingDecision.builder().allowed(true).selectedChannelId(channelId).finalContent(finalContent).build();
core/src/main/java/com/ycsopen/sms/core/service/routing/RoutingDecision.java:28:    public static RoutingDecision reject(RejectStage stage, String reason) {
core/src/main/java/com/ycsopen/sms/core/service/routing/RoutingDecision.java:29:        return RoutingDecision.builder().allowed(false).rejectStage(stage).rejectReason(reason).build();
core/src/main/java/com/ycsopen/sms/core/service/routing/FrequencyChecker.java:41:    public Result check(RoutingContext ctx) {
core/src/main/java/com/ycsopen/sms/core/service/routing/FrequencyChecker.java:74:    private String dimensionValue(FrequencyRule rule, RoutingContext ctx) {
core/src/main/java/com/ycsopen/sms/core/service/routing/FrequencyChecker.java:85:    private String mobileIdentity(RoutingContext ctx) {
core/src/main/java/com/ycsopen/sms/core/service/routing/FrequencyChecker.java:94:    private boolean appliesToScope(FrequencyRule rule, RoutingContext ctx) {
core/src/main/java/com/ycsopen/sms/core/service/routing/FrequencyChecker.java:103:    private boolean isExempt(FrequencyRule rule, RoutingContext ctx, String dimensionValue) {
core/src/main/java/com/ycsopen/sms/core/service/routing/FrequencyChecker.java:124:    private void recordHit(FrequencyRule rule, RoutingContext ctx, String dimensionValue, long current) {
core/src/main/java/com/ycsopen/sms/core/service/delivery/HttpSmsUpstreamProviderClient.java:17:public class HttpSmsUpstreamProviderClient implements SmsUpstreamProviderClient {
core/src/main/java/com/ycsopen/sms/core/service/delivery/HttpSmsUpstreamProviderClient.java:22:    public HttpSmsUpstreamProviderClient(
core/src/main/java/com/ycsopen/sms/core/service/delivery/HttpSmsUpstreamProviderClient.java:39:    public ProviderSubmitResult submit(ProviderSubmitRequest request) {
core/src/main/java/com/ycsopen/sms/core/service/delivery/HttpSmsUpstreamProviderClient.java:57:                return ProviderSubmitResult.rejected(text(root, "errorCode"), text(root, "errorMessage"));
core/src/main/java/com/ycsopen/sms/core/service/delivery/HttpSmsUpstreamProviderClient.java:60:                return ProviderSubmitResult.unknown("INVALID_PROVIDER_RESPONSE", "provider response did not include providerMessageId");
core/src/main/java/com/ycsopen/sms/core/service/delivery/HttpSmsUpstreamProviderClient.java:62:            return ProviderSubmitResult.accepted(providerMessageId);
core/src/main/java/com/ycsopen/sms/core/service/delivery/HttpSmsUpstreamProviderClient.java:64:            return ProviderSubmitResult.unknown("PROVIDER_UNAVAILABLE", "provider response was not confirmed");
core/src/test/java/com/ycsopen/sms/core/verification/Phase03ProtectedPersistenceIntegrationTest.java:15:import com.ycsopen.sms.core.common.security.key.pkcs11.Pkcs11ProviderFactory;
core/src/test/java/com/ycsopen/sms/core/verification/Phase03ProtectedPersistenceIntegrationTest.java:21:import com.ycsopen.sms.core.common.security.persistence.PreparedMessageRouting;
core/src/test/java/com/ycsopen/sms/core/verification/Phase03ProtectedPersistenceIntegrationTest.java:64:/** Physical Connector/J + production SunPKCS11 proof for protected message persistence. */
core/src/test/java/com/ycsopen/sms/core/verification/Phase03ProtectedPersistenceIntegrationTest.java:143:            long wrapCountBeforeRouting = fieldWrapCount(rawJdbc);
core/src/test/java/com/ycsopen/sms/core/verification/Phase03ProtectedPersistenceIntegrationTest.java:144:            PreparedMessageRouting successfulRouting = writer.prepareForRouting(
core/src/test/java/com/ycsopen/sms/core/verification/Phase03ProtectedPersistenceIntegrationTest.java:146:            assertThat(fieldWrapCount(rawJdbc)).isEqualTo(wrapCountBeforeRouting);
core/src/test/java/com/ycsopen/sms/core/verification/Phase03ProtectedPersistenceIntegrationTest.java:147:            PreparedMessageMobile prepared = writer.protectForPersistence(successfulRouting, mobile);
core/src/test/java/com/ycsopen/sms/core/verification/Phase03ProtectedPersistenceIntegrationTest.java:148:            assertThat(fieldWrapCount(rawJdbc)).isEqualTo(wrapCountBeforeRouting + 1);
core/src/test/java/com/ycsopen/sms/core/verification/Phase03ProtectedPersistenceIntegrationTest.java:158:            PreparedMessageRouting repositoryFailureRouting = writer.prepareForRouting(
core/src/test/java/com/ycsopen/sms/core/verification/Phase03ProtectedPersistenceIntegrationTest.java:161:                    repositoryFailureRouting, repositoryFailureMobile);
core/src/test/java/com/ycsopen/sms/core/verification/Phase03ProtectedPersistenceIntegrationTest.java:185:                PreparedMessageRouting lookupPrepared = prepareLookupCapability(
core/src/test/java/com/ycsopen/sms/core/verification/Phase03ProtectedPersistenceIntegrationTest.java:269:            assertThatThrownBy(() -> writer.prepareForRouting(
core/src/test/java/com/ycsopen/sms/core/verification/Phase03ProtectedPersistenceIntegrationTest.java:463:    private static PreparedMessageRouting prepareLookupCapability(SunPkcs11KeyAdapter adapter,
core/src/test/java/com/ycsopen/sms/core/verification/Phase03ProtectedPersistenceIntegrationTest.java:472:        return preparer.prepareForRouting(TENANT_ID, messageId, mobile);
core/src/test/java/com/ycsopen/sms/core/verification/Phase03ProtectedPersistenceIntegrationTest.java:631:        Pkcs11ProviderFactory.Session session = new Pkcs11ProviderFactory(mapper).open(properties);
core/src/test/java/com/ycsopen/sms/core/verification/Phase03ProtectedPersistenceIntegrationTest.java:821:    private record DualRuntime(Pkcs11ProviderFactory.Session session,
core/src/main/java/com/ycsopen/sms/core/service/complaint/ComplaintRatioDashboardService.java:364:            String freshnessPolicy,
core/src/main/java/com/ycsopen/sms/core/service/delivery/MessageReceiptErrorOperationsService.java:86:                       o.state AS outbox_state, o.provider_message_id AS outbox_provider_message_id
core/src/main/java/com/ycsopen/sms/core/service/delivery/MessageReceiptErrorOperationsService.java:88:             LEFT JOIN message_send_outbox o ON o.task_id=t.id
core/src/main/java/com/ycsopen/sms/core/service/delivery/MessageReceiptErrorOperationsService.java:101:                rs.getString("outbox_provider_message_id")), rs.getString("operator"), rs.getString("province"),
core/src/main/java/com/ycsopen/sms/core/service/delivery/MessageReceiptErrorOperationsService.java:103:                rs.getBigDecimal("cost"), rs.getInt("retry_count"), rs.getString("outbox_state"),
core/src/main/java/com/ycsopen/sms/core/service/delivery/MessageReceiptErrorOperationsService.java:557:                          java.math.BigDecimal cost, int retryCount, String outboxState, LocalDateTime sentAt,
core/src/main/java/com/ycsopen/sms/core/service/delivery/DispatchTaskRecoveryService.java:6:import com.ycsopen.sms.core.common.security.persistence.PreparedMessageRouting;
core/src/main/java/com/ycsopen/sms/core/service/delivery/DispatchTaskRecoveryService.java:42:                       c.channel_name, c.status AS channel_status, o.state AS outbox_state,
core/src/main/java/com/ycsopen/sms/core/service/delivery/DispatchTaskRecoveryService.java:43:                       o.error_code AS outbox_error_code
core/src/main/java/com/ycsopen/sms/core/service/delivery/DispatchTaskRecoveryService.java:46:             LEFT JOIN message_send_outbox o ON o.task_id=t.id
core/src/main/java/com/ycsopen/sms/core/service/delivery/DispatchTaskRecoveryService.java:58:                rs.getString("outbox_state"),
core/src/main/java/com/ycsopen/sms/core/service/delivery/DispatchTaskRecoveryService.java:59:                rs.getString("outbox_error_code"),
core/src/main/java/com/ycsopen/sms/core/service/delivery/DispatchTaskRecoveryService.java:60:                classify(rs.getString("send_status"), rs.getString("outbox_state"), rs.getString("channel_status"),
core/src/main/java/com/ycsopen/sms/core/service/delivery/DispatchTaskRecoveryService.java:61:                        rs.getString("outbox_error_code"))));
core/src/main/java/com/ycsopen/sms/core/service/delivery/DispatchTaskRecoveryService.java:73:        if (!"PENDING".equals(task.sendStatus()) || !"READY".equals(task.outboxState())) {
core/src/main/java/com/ycsopen/sms/core/service/delivery/DispatchTaskRecoveryService.java:83:                UPDATE message_send_outbox SET channel_id=?, updated_at=CURRENT_TIMESTAMP
core/src/main/java/com/ycsopen/sms/core/service/delivery/DispatchTaskRecoveryService.java:109:        PreparedMessageRouting routing = protection.prepareForRouting(original.getTenantId(), messageId, mobile);
core/src/main/java/com/ycsopen/sms/core/service/delivery/DispatchTaskRecoveryService.java:123:                INSERT INTO message_send_outbox(tenant_id, task_id, message_id, channel_id, state)
core/src/main/java/com/ycsopen/sms/core/service/delivery/DispatchTaskRecoveryService.java:174:                       o.state AS outbox_state, o.error_code AS outbox_error_code
core/src/main/java/com/ycsopen/sms/core/service/delivery/DispatchTaskRecoveryService.java:176:             LEFT JOIN message_send_outbox o ON o.task_id=t.id
core/src/main/java/com/ycsopen/sms/core/service/delivery/DispatchTaskRecoveryService.java:183:            String outboxState = rs.getString("outbox_state");
core/src/main/java/com/ycsopen/sms/core/service/delivery/DispatchTaskRecoveryService.java:184:            String outboxError = rs.getString("outbox_error_code");
core/src/main/java/com/ycsopen/sms/core/service/delivery/DispatchTaskRecoveryService.java:185:            if ("CLAIMED".equals(outboxState) && outboxError != null && !outboxError.isBlank()) {
core/src/main/java/com/ycsopen/sms/core/service/delivery/DispatchTaskRecoveryService.java:190:                    rs.getString("send_status"), outboxState);
core/src/main/java/com/ycsopen/sms/core/service/delivery/DispatchTaskRecoveryService.java:209:                SELECT new_task_id, to_channel_id FROM dispatch_recovery_events
core/src/main/java/com/ycsopen/sms/core/service/delivery/DispatchTaskRecoveryService.java:218:                SELECT to_channel_id FROM dispatch_recovery_events
core/src/main/java/com/ycsopen/sms/core/service/delivery/DispatchTaskRecoveryService.java:229:                    INSERT INTO dispatch_recovery_events(task_id, new_task_id, from_channel_id, to_channel_id,
core/src/main/java/com/ycsopen/sms/core/service/delivery/DispatchTaskRecoveryService.java:239:    private static String classify(String sendStatus, String outboxState, String channelStatus, String errorCode) {
core/src/main/java/com/ycsopen/sms/core/service/delivery/DispatchTaskRecoveryService.java:240:        if ("CLAIMED".equals(outboxState) && errorCode != null && !errorCode.isBlank()) {
core/src/main/java/com/ycsopen/sms/core/service/delivery/DispatchTaskRecoveryService.java:243:        if ("PENDING".equals(sendStatus) && "READY".equals(outboxState)
core/src/main/java/com/ycsopen/sms/core/service/delivery/DispatchTaskRecoveryService.java:270:                                     String sendStatus, String outboxState) { }
core/src/main/java/com/ycsopen/sms/core/service/delivery/DispatchTaskRecoveryService.java:276:                                        String outboxState, String outboxErrorCode, String recoveryState) { }
core/src/main/java/com/ycsopen/sms/core/service/routing/RiskDecisionRecorder.java:5:    void recordBlacklistDecision(RoutingContext context, BlacklistChecker.Result result);
core/src/main/java/com/ycsopen/sms/core/service/delivery/HttpMessageDeliveryService.java:20:/** Dispatches Phase 23 accepted outbox rows and applies final provider receipts exactly once. */
core/src/main/java/com/ycsopen/sms/core/service/delivery/HttpMessageDeliveryService.java:24:    private final SmsUpstreamProviderClient provider;
core/src/main/java/com/ycsopen/sms/core/service/delivery/HttpMessageDeliveryService.java:30:                                      SmsUpstreamProviderClient provider,
core/src/main/java/com/ycsopen/sms/core/service/delivery/HttpMessageDeliveryService.java:42:    public Optional<DispatchResult> dispatchNext() {
core/src/main/java/com/ycsopen/sms/core/service/delivery/HttpMessageDeliveryService.java:44:                SELECT id FROM message_send_outbox
core/src/main/java/com/ycsopen/sms/core/service/delivery/HttpMessageDeliveryService.java:52:        long outboxId = candidates.get(0);
core/src/main/java/com/ycsopen/sms/core/service/delivery/HttpMessageDeliveryService.java:55:                UPDATE message_send_outbox
core/src/main/java/com/ycsopen/sms/core/service/delivery/HttpMessageDeliveryService.java:59:                """, token, outboxId);
core/src/main/java/com/ycsopen/sms/core/service/delivery/HttpMessageDeliveryService.java:64:        DispatchRow row = dispatchRow(outboxId, token);
core/src/main/java/com/ycsopen/sms/core/service/delivery/HttpMessageDeliveryService.java:66:        SmsUpstreamProviderClient.ProviderSubmitResult providerResult = provider.submit(
core/src/main/java/com/ycsopen/sms/core/service/delivery/HttpMessageDeliveryService.java:67:                new SmsUpstreamProviderClient.ProviderSubmitRequest(row.tenantId(), row.taskId(),
core/src/main/java/com/ycsopen/sms/core/service/delivery/HttpMessageDeliveryService.java:70:        if (providerResult.status() == SmsUpstreamProviderClient.ProviderSubmitResult.Status.ACCEPTED) {
core/src/main/java/com/ycsopen/sms/core/service/delivery/HttpMessageDeliveryService.java:72:        } else if (providerResult.status() == SmsUpstreamProviderClient.ProviderSubmitResult.Status.REJECTED) {
core/src/main/java/com/ycsopen/sms/core/service/delivery/HttpMessageDeliveryService.java:110:    private DispatchRow dispatchRow(long outboxId, String token) {
core/src/main/java/com/ycsopen/sms/core/service/delivery/HttpMessageDeliveryService.java:114:                  FROM message_send_outbox o
core/src/main/java/com/ycsopen/sms/core/service/delivery/HttpMessageDeliveryService.java:124:        }, outboxId, token);
core/src/main/java/com/ycsopen/sms/core/service/delivery/HttpMessageDeliveryService.java:135:                UPDATE message_send_outbox
core/src/main/java/com/ycsopen/sms/core/service/delivery/HttpMessageDeliveryService.java:150:                UPDATE message_send_outbox
core/src/main/java/com/ycsopen/sms/core/service/delivery/HttpMessageDeliveryService.java:158:                UPDATE message_send_outbox
core/src/main/java/com/ycsopen/sms/core/service/delivery/MessageStatusQueryService.java:28:                       o.state AS outbox_state, b.billing_status
core/src/main/java/com/ycsopen/sms/core/service/delivery/MessageStatusQueryService.java:31:             LEFT JOIN message_send_outbox o ON o.task_id=t.id
core/src/main/java/com/ycsopen/sms/core/service/delivery/MessageStatusQueryService.java:43:                rs.getString("outbox_state"),
core/src/main/java/com/ycsopen/sms/core/service/delivery/MessageStatusQueryService.java:62:                                      String providerMessageId, String outboxState, String billingStatus,
core/src/main/java/com/ycsopen/sms/core/service/routing/ChannelSelector.java:40:    public Optional<Long> select(RoutingContext ctx) {
core/src/main/java/com/ycsopen/sms/core/service/routing/ChannelSelector.java:70:    private boolean matches(RouteRule rule, RoutingContext ctx) {
core/src/main/java/com/ycsopen/sms/core/service/complaint/ComplaintCaseService.java:130:        String reviewId = text(command.authorizedReviewId(), "COMPLAINT_REVIEW_REQUIRED", 128);
core/src/main/java/com/ycsopen/sms/core/service/complaint/ComplaintCaseService.java:158:        String reviewId = text(command.authorizedReviewId(), "COMPLAINT_RECOVERY_REVIEW_REQUIRED", 128);
core/src/main/java/com/ycsopen/sms/core/service/complaint/ComplaintCaseService.java:428:    public record RemediationCommand(String disposalType, String targetRef, String actor, String authorizedReviewId,
core/src/main/java/com/ycsopen/sms/core/service/complaint/ComplaintCaseService.java:431:    public record RecoveryCommand(long disposalRecordId, String authorizedReviewId, String actor,
core/src/main/java/com/ycsopen/sms/core/service/complaint/ComplaintCaseService.java:448:                                 String authorizedReviewId, String failureReason, Long originalComplaintId) { }
core/src/main/java/com/ycsopen/sms/core/service/shortlink/ShortLinkSafetyService.java:103:    public ShortLinkRow approve(long id, ReviewCommand command, String actor) {
core/src/main/java/com/ycsopen/sms/core/service/shortlink/ShortLinkSafetyService.java:122:    public ShortLinkRow reject(long id, ReviewCommand command, String actor) {
core/src/main/java/com/ycsopen/sms/core/service/shortlink/ShortLinkSafetyService.java:414:    public record ReviewCommand(String opinion) { }
core/src/main/java/com/ycsopen/sms/core/service/unsubscribe/UnsubscribeComplianceService.java:126:        updateNotificationState(unsubscribeId, checked, match.keyword());
core/src/main/java/com/ycsopen/sms/core/service/unsubscribe/UnsubscribeComplianceService.java:270:    private void updateNotificationState(long unsubscribeId, HandleUplinkCommand command, String keyword) {
core/src/test/java/com/ycsopen/sms/core/verification/Phase05IdentityMySqlIntegrationTest.java:4:import com.ycsopen.sms.core.common.security.JwtTokenProvider;
core/src/test/java/com/ycsopen/sms/core/verification/Phase05IdentityMySqlIntegrationTest.java:73:    @Autowired JwtTokenProvider tokens;
core/src/test/java/com/ycsopen/sms/core/verification/Phase05IdentityMySqlIntegrationTest.java:81:        jdbc.update("DELETE FROM identity_notification_outbox");
core/src/test/java/com/ycsopen/sms/core/verification/Phase05IdentityMySqlIntegrationTest.java:100:                .thenReturn(new JwtTokenProvider.IssuedToken(
core/src/test/java/com/ycsopen/sms/core/verification/Phase05IdentityMySqlIntegrationTest.java:118:                SELECT COUNT(*) FROM identity_notification_outbox
core/src/test/java/com/ycsopen/sms/core/verification/Phase05IdentityMySqlIntegrationTest.java:182:        @Bean JwtTokenProvider jwtTokenProvider() { return mock(JwtTokenProvider.class); }
core/src/test/java/com/ycsopen/sms/core/web/ProtectedObjectAccessControllerTest.java:66:    void denialAndProviderFaultsReturnStableGenericBodiesWithoutRequestOrStorageDetails() throws Exception {
core/src/test/java/com/ycsopen/sms/core/verification/Phase09TenantCredentialMySqlTest.java:49: @Test void realMysqlPreservesTenantScopedApiAndCmppMetadata(){long dev=lookup("phase09-dev");var api=apiKeys.create(dev,new TenantApiKeyCreateRequest("integration-key","synthetic",LocalDateTime.now().plusDays(1),"127.0.0.1/32",10,100,1000,10000));assertThat(api.secret()).isNotBlank();assertThat(jdbc.queryForObject("SELECT app_secret_encrypted FROM tenant_api_keys WHERE id=?",byte[].class,api.id())).isNotEqualTo(api.secret().getBytes(StandardCharsets.UTF_8));assertThat(apiKeys.list(dev)).singleElement().satisfies(row->assertThat(row.secret()).isEqualTo("******"));apiKeys.revoke(dev,api.id());assertThat(jdbc.queryForObject("SELECT status FROM tenant_api_keys WHERE id=?",String.class,api.id())).isEqualTo("DISABLED");assertThat(events.events).anySatisfy(e->assertThat(e.credentialType()).isEqualTo("HTTP_API_KEY"));var c=cmpp.create(dev,new TenantProtocolCredentialCreateRequest("SPID-09","127.0.0.1",7890,"cmp-account","Passw0rd!","127.0.0.1/32",4,100,8));assertThat(cmpp.list(dev)).singleElement().satisfies(row->{assertThat(row.account()).isEqualTo("******");assertThat(row.password()).isEqualTo("******");assertThat(row.endpointPort()).isEqualTo(7890);});cmpp.revoke(dev,c.id());assertThat(jdbc.queryForObject("SELECT status FROM tenant_protocol_credentials WHERE id=?",String.class,c.id())).isEqualTo("DISABLED");}
core/src/main/java/com/ycsopen/sms/core/service/message/MessageAcceptanceIdempotencyService.java:61:                INSERT INTO message_send_outbox(tenant_id, task_id, message_id, channel_id, state)
core/src/main/java/com/ycsopen/sms/core/service/review/ResourceReviewHistoryService.java:4:import com.ycsopen.sms.core.web.dto.ResourceReviewHistoryItem;
core/src/main/java/com/ycsopen/sms/core/service/review/ResourceReviewHistoryService.java:22:public class ResourceReviewHistoryService {
core/src/main/java/com/ycsopen/sms/core/service/review/ResourceReviewHistoryService.java:31:    public ResourceReviewHistoryService(JdbcTemplate jdbc) {
core/src/main/java/com/ycsopen/sms/core/service/review/ResourceReviewHistoryService.java:36:    public List<ResourceReviewHistoryItem> search(String resourceType, String tenantId, String decisionState,
core/src/main/java/com/ycsopen/sms/core/service/review/ResourceReviewHistoryService.java:43:    public List<ResourceReviewHistoryItem> search(String resourceType, String tenantId, String decisionState,
core/src/main/java/com/ycsopen/sms/core/service/review/ResourceReviewHistoryService.java:90:    public ResourceReviewHistoryItem detail(String decisionId) {
core/src/main/java/com/ycsopen/sms/core/service/review/ResourceReviewHistoryService.java:102:        List<ResourceReviewHistoryItem> rows = jdbc.query(detailSql(type), this::mapRow, historyId);
core/src/main/java/com/ycsopen/sms/core/service/review/ResourceReviewHistoryService.java:109:    private ResourceReviewHistoryItem mapRow(ResultSet rs, int rowNum) throws SQLException {
core/src/main/java/com/ycsopen/sms/core/service/review/ResourceReviewHistoryService.java:110:        return new ResourceReviewHistoryItem(
core/src/test/java/com/ycsopen/sms/core/verification/Phase03Pkcs11IntegrationTest.java:14:import com.ycsopen.sms.core.common.security.key.pkcs11.Pkcs11ProviderFactory;
core/src/test/java/com/ycsopen/sms/core/verification/Phase03Pkcs11IntegrationTest.java:296:        Pkcs11ProviderFactory.Session session = new Pkcs11ProviderFactory(mapper).open(properties);
core/src/test/java/com/ycsopen/sms/core/verification/Phase03Pkcs11IntegrationTest.java:331:        assertSanitizedProviderFailure(() -> new Pkcs11ProviderFactory(mapper).open(missing),
core/src/test/java/com/ycsopen/sms/core/verification/Phase03Pkcs11IntegrationTest.java:336:        assertSanitizedProviderFailure(() -> new Pkcs11ProviderFactory(mapper).open(extractable),
core/src/test/java/com/ycsopen/sms/core/verification/Phase03Pkcs11IntegrationTest.java:340:    private static void assertSanitizedProviderFailure(Runnable operation,
core/src/test/java/com/ycsopen/sms/core/verification/Phase03Pkcs11IntegrationTest.java:446:    private record AdapterRuntime(Pkcs11ProviderFactory.Session session,
core/src/main/java/com/ycsopen/sms/core/service/message/MessageSubmitService.java:6:import com.ycsopen.sms.core.common.security.persistence.PreparedMessageRouting;
core/src/main/java/com/ycsopen/sms/core/service/message/MessageSubmitService.java:12:import com.ycsopen.sms.core.service.routing.RoutingContext;
core/src/main/java/com/ycsopen/sms/core/service/message/MessageSubmitService.java:13:import com.ycsopen.sms.core.service.routing.RoutingDecision;
core/src/main/java/com/ycsopen/sms/core/service/message/MessageSubmitService.java:14:import com.ycsopen.sms.core.service.routing.RoutingEngine;
core/src/main/java/com/ycsopen/sms/core/service/message/MessageSubmitService.java:17:import com.ycsopen.sms.core.service.tenant.TenantEligibilityPolicy;
core/src/main/java/com/ycsopen/sms/core/service/message/MessageSubmitService.java:42:    private final RoutingEngine routingEngine;
core/src/main/java/com/ycsopen/sms/core/service/message/MessageSubmitService.java:46:    private final TenantEligibilityPolicy tenantEligibilityPolicy;
core/src/main/java/com/ycsopen/sms/core/service/message/MessageSubmitService.java:50:                                 RoutingEngine routingEngine,
core/src/main/java/com/ycsopen/sms/core/service/message/MessageSubmitService.java:54:                                 TenantEligibilityPolicy tenantEligibilityPolicy,
core/src/main/java/com/ycsopen/sms/core/service/message/MessageSubmitService.java:61:        this.tenantEligibilityPolicy = tenantEligibilityPolicy;
core/src/main/java/com/ycsopen/sms/core/service/message/MessageSubmitService.java:72:        tenantEligibilityPolicy.requireNewWorkAllowed(tenantId);
core/src/main/java/com/ycsopen/sms/core/service/message/MessageSubmitService.java:87:        PreparedMessageRouting preparedRouting = messageTaskProtectionAdapter.prepareForRouting(
core/src/main/java/com/ycsopen/sms/core/service/message/MessageSubmitService.java:90:        RoutingContext ctx = RoutingContext.builder()
core/src/main/java/com/ycsopen/sms/core/service/message/MessageSubmitService.java:92:                .mobileQueryIndexes(preparedRouting.queryIndexes())
core/src/main/java/com/ycsopen/sms/core/service/message/MessageSubmitService.java:93:                .legacyMobileLookupToken(preparedRouting.legacyLookupToken())
core/src/main/java/com/ycsopen/sms/core/service/message/MessageSubmitService.java:101:        RoutingDecision decision = routingEngine.route(ctx);
core/src/main/java/com/ycsopen/sms/core/service/message/MessageSubmitService.java:103:            if (decision.getRejectStage() == RoutingDecision.RejectStage.FREQUENCY_LIMIT
core/src/main/java/com/ycsopen/sms/core/service/message/MessageSubmitService.java:117:                preparedRouting, request.phoneNumber());
core/src/test/java/com/ycsopen/sms/core/verification/Phase03MigrationIntegrationTest.java:18:import com.ycsopen.sms.core.common.security.key.pkcs11.Pkcs11ProviderFactory;
core/src/test/java/com/ycsopen/sms/core/verification/Phase03MigrationIntegrationTest.java:2066:        Pkcs11ProviderFactory.Session session = new Pkcs11ProviderFactory(mapper).open(properties);
core/src/test/java/com/ycsopen/sms/core/verification/Phase03MigrationIntegrationTest.java:2175:            Pkcs11ProviderFactory.Session session,
core/src/test/java/com/ycsopen/sms/core/verification/Phase03ObjectStorageIntegrationTest.java:11:import com.ycsopen.sms.core.common.security.key.pkcs11.Pkcs11ProviderFactory;
core/src/test/java/com/ycsopen/sms/core/verification/Phase03ObjectStorageIntegrationTest.java:44:import software.amazon.awssdk.auth.credentials.AnonymousCredentialsProvider;
core/src/test/java/com/ycsopen/sms/core/verification/Phase03ObjectStorageIntegrationTest.java:45:import software.amazon.awssdk.auth.credentials.AwsCredentialsProvider;
core/src/test/java/com/ycsopen/sms/core/verification/Phase03ObjectStorageIntegrationTest.java:47:import software.amazon.awssdk.auth.credentials.StaticCredentialsProvider;
core/src/test/java/com/ycsopen/sms/core/verification/Phase03ObjectStorageIntegrationTest.java:248:                ObjectStoreProperties.CredentialProvider.DEFAULT_CHAIN, true, true);
core/src/test/java/com/ycsopen/sms/core/verification/Phase03ObjectStorageIntegrationTest.java:266:                beanFactory.getBeanProvider(TenantRegistrationObjectSessionService.class),
core/src/test/java/com/ycsopen/sms/core/verification/Phase03ObjectStorageIntegrationTest.java:709:                beanFactory.getBeanProvider(TenantRegistrationObjectSessionService.class),
core/src/test/java/com/ycsopen/sms/core/verification/Phase03ObjectStorageIntegrationTest.java:1281:        AwsCredentialsProvider credentials = anonymous
core/src/test/java/com/ycsopen/sms/core/verification/Phase03ObjectStorageIntegrationTest.java:1282:                ? AnonymousCredentialsProvider.create()
core/src/test/java/com/ycsopen/sms/core/verification/Phase03ObjectStorageIntegrationTest.java:1283:                : StaticCredentialsProvider.create(AwsBasicCredentials.create(
core/src/test/java/com/ycsopen/sms/core/verification/Phase03ObjectStorageIntegrationTest.java:1288:                .credentialsProvider(credentials).httpClient(UrlConnectionHttpClient.create()).build();
core/src/test/java/com/ycsopen/sms/core/verification/Phase03ObjectStorageIntegrationTest.java:1344:        Pkcs11ProviderFactory.Session session = new Pkcs11ProviderFactory(mapper).open(properties);
core/src/test/java/com/ycsopen/sms/core/verification/Phase03ObjectStorageIntegrationTest.java:1488:    private record AdapterRuntime(Pkcs11ProviderFactory.Session session,
core/src/test/java/com/ycsopen/sms/core/verification/Phase03FixturePreflightTest.java:5:import software.amazon.awssdk.auth.credentials.AnonymousCredentialsProvider;
core/src/test/java/com/ycsopen/sms/core/verification/Phase03FixturePreflightTest.java:7:import software.amazon.awssdk.auth.credentials.StaticCredentialsProvider;
core/src/test/java/com/ycsopen/sms/core/verification/Phase03FixturePreflightTest.java:25:import java.security.Provider;
core/src/test/java/com/ycsopen/sms/core/verification/Phase03FixturePreflightTest.java:73:                .credentialsProvider(StaticCredentialsProvider.create(
core/src/test/java/com/ycsopen/sms/core/verification/Phase03FixturePreflightTest.java:86:                        .credentialsProvider(AnonymousCredentialsProvider.create())
core/src/test/java/com/ycsopen/sms/core/verification/Phase03FixturePreflightTest.java:137:        Provider provider = Security.getProvider("SunPKCS11").configure(providerConfig.toString());
core/src/test/java/com/ycsopen/sms/core/verification/Phase03FixturePreflightTest.java:138:        Security.addProvider(provider);
core/src/test/java/com/ycsopen/sms/core/verification/Phase03FixturePreflightTest.java:164:            Security.removeProvider(provider.getName());
core/src/main/java/com/ycsopen/sms/core/service/tenant/QualificationInspectionSpi.java:6:public interface QualificationInspectionSpi {
core/src/test/java/com/ycsopen/sms/core/web/controller/RoutingCircuitPolicyControllerSecurityContractTest.java:12:class RoutingCircuitPolicyControllerSecurityContractTest {
core/src/test/java/com/ycsopen/sms/core/web/controller/RoutingCircuitPolicyControllerSecurityContractTest.java:14:    void controllerMethodsDeclareExactRoutingPolicyPermissions() {
core/src/test/java/com/ycsopen/sms/core/web/controller/RoutingCircuitPolicyControllerSecurityContractTest.java:15:        Map<String, String> permissions = Arrays.stream(RoutingCircuitPolicyController.class.getDeclaredMethods())
core/src/test/java/com/ycsopen/sms/core/web/controller/RoutingCircuitPolicyControllerSecurityContractTest.java:22:                .containsEntry("importPolicy#2", "hasAuthority('routing-policy:import')")
core/src/test/java/com/ycsopen/sms/core/web/controller/RoutingCircuitPolicyControllerSecurityContractTest.java:26:                .containsEntry("retryPolicy#1", "hasAuthority('routing-policy:read')")
core/src/test/java/com/ycsopen/sms/core/web/controller/RoutingCircuitPolicyControllerSecurityContractTest.java:27:                .containsEntry("saveRetryPolicy#1", "hasAuthority('routing-policy:write')");
core/src/test/java/com/ycsopen/sms/core/web/controller/TenantRegistrationControllerTest.java:41:    void ownStatusJsonIncludesSafeReviewFeedback(Tenant.VerificationStatus state) throws Exception {
core/src/main/java/com/ycsopen/sms/core/service/tenant/QualificationEvidenceService.java:40:    public EvidenceContent readForReviewer(long tenantId, EvidenceKind kind, String reviewerSubject) {
core/src/main/java/com/ycsopen/sms/core/service/tenant/ContactVerificationService.java:4:import com.ycsopen.sms.core.notification.provider.PlatformNotificationSpi;
core/src/main/java/com/ycsopen/sms/core/service/tenant/ContactVerificationService.java:5:import com.ycsopen.sms.core.notification.provider.PlatformNotificationTemplate;
core/src/main/java/com/ycsopen/sms/core/service/tenant/ContactVerificationService.java:16:import org.springframework.beans.factory.ObjectProvider;
core/src/main/java/com/ycsopen/sms/core/service/tenant/ContactVerificationService.java:32:    public ContactVerificationService(ObjectProvider<PlatformMessageBootstrapService> notifications,
core/src/main/java/com/ycsopen/sms/core/service/tenant/ContactVerificationService.java:57:        PlatformNotificationSpi.DeliveryOutcome outcome = notifications.send(phone,
core/src/main/java/com/ycsopen/sms/core/service/tenant/ContactVerificationService.java:58:                PlatformNotificationTemplate.REGISTRATION, "您的验证码为" + code, challengeId);
core/src/main/java/com/ycsopen/sms/core/service/tenant/ContactVerificationService.java:59:        if (outcome.status() != PlatformNotificationSpi.DeliveryOutcome.Status.ACCEPTED) {
core/src/main/java/com/ycsopen/sms/core/service/template/TemplateLifecycleService.java:53:    public TemplateReviewQueueResponse reviewQueue(String keyword, String tenantId, String state, String type) {
core/src/main/java/com/ycsopen/sms/core/service/template/TemplateLifecycleService.java:77:        return new TemplateReviewQueueResponse(summary(), rows(sql.toString(), args.toArray()).stream().map(this::toResponse).toList());
core/src/main/java/com/ycsopen/sms/core/service/template/TemplateLifecycleService.java:81:    public TemplateReviewSummaryResponse summary() {
core/src/main/java/com/ycsopen/sms/core/service/template/TemplateLifecycleService.java:82:        return new TemplateReviewSummaryResponse(
core/src/main/java/com/ycsopen/sms/core/service/tenant/QualificationInspectionService.java:23:    private final QualificationInspectionSpi provider;
core/src/main/java/com/ycsopen/sms/core/service/tenant/QualificationInspectionService.java:29:                                          QualificationInspectionSpi provider,
core/src/main/java/com/ycsopen/sms/core/service/tenant/QualificationInspectionService.java:35:                                   QualificationInspectionSpi provider, Clock clock,
core/src/main/java/com/ycsopen/sms/core/service/tenant/QualificationInspectionService.java:44:    public TenantReviewService.ReviewView inspect(long tenantId, long expectedRevision,
core/src/main/java/com/ycsopen/sms/core/service/tenant/QualificationInspectionService.java:45:                                                  TenantReviewService reviews) {
core/src/main/java/com/ycsopen/sms/core/service/tenant/QualificationInspectionService.java:50:        QualificationInspectionSpi.Document document = new QualificationInspectionSpi.Document(
core/src/main/java/com/ycsopen/sms/core/service/tenant/QualificationInspectionService.java:52:        QualificationInspectionSpi.Facts facts;
core/src/main/java/com/ycsopen/sms/core/service/tenant/QualificationInspectionService.java:67:                                   QualificationInspectionSpi.Facts facts) {
core/src/main/java/com/ycsopen/sms/core/service/tenant/QualificationInspectionService.java:74:        tenant.setInspectionProviderRequestId(facts.requestId());
core/src/main/java/com/ycsopen/sms/core/service/tenant/QualificationInspectionService.java:87:        tenant.setInspectionProviderRequestId(null);
core/src/main/java/com/ycsopen/sms/core/service/tenant/QualificationInspectionService.java:97:    private static void validateFacts(QualificationInspectionSpi.Facts facts) {
core/src/test/java/com/ycsopen/sms/core/web/controller/MessageControllerRateLimitTest.java:6:import com.ycsopen.sms.core.service.routing.ApiKeyRateLimitService.RatePolicy;
core/src/test/java/com/ycsopen/sms/core/web/controller/MessageControllerRateLimitTest.java:10:import org.junit.jupiter.api.extension.ExtendWith;
core/src/test/java/com/ycsopen/sms/core/web/controller/MessageControllerRateLimitTest.java:33:        RatePolicy policy = new RatePolicy(1, 60, 3600, 86400);
core/src/main/java/com/ycsopen/sms/core/service/tenant/TenantRegistrationService.java:128:        tenant.setInspectionProviderRequestId(null);
core/src/test/java/com/ycsopen/sms/core/web/controller/ShortLinkSafetyControllerTest.java:7:import org.junit.jupiter.api.extension.ExtendWith;
core/src/main/java/com/ycsopen/sms/core/service/tenant/HttpQualificationInspectionSpi.java:21:public final class HttpQualificationInspectionSpi implements QualificationInspectionSpi {
core/src/main/java/com/ycsopen/sms/core/service/tenant/HttpQualificationInspectionSpi.java:30:    public HttpQualificationInspectionSpi(
core/src/main/java/com/ycsopen/sms/core/service/tenant/HttpQualificationInspectionSpi.java:38:    HttpQualificationInspectionSpi(String endpoint, String credential, Duration timeout,
core/src/main/java/com/ycsopen/sms/core/service/tenant/HttpQualificationInspectionSpi.java:59:            throw QualificationInspectionSpi.Failure.unavailable();
core/src/main/java/com/ycsopen/sms/core/service/tenant/HttpQualificationInspectionSpi.java:62:                || timeout.isZero()) throw QualificationInspectionSpi.Failure.unavailable();
core/src/main/java/com/ycsopen/sms/core/service/tenant/HttpQualificationInspectionSpi.java:73:            throw QualificationInspectionSpi.Failure.unavailable();
core/src/main/java/com/ycsopen/sms/core/service/tenant/HttpQualificationInspectionSpi.java:77:            String body = json.writeValueAsString(new ProviderRequest(document.mediaType(),
core/src/main/java/com/ycsopen/sms/core/service/tenant/HttpQualificationInspectionSpi.java:90:                    throw QualificationInspectionSpi.Failure.unavailable();
core/src/main/java/com/ycsopen/sms/core/service/tenant/HttpQualificationInspectionSpi.java:92:                ProviderResponse parsed = json.readValue(responseBody, ProviderResponse.class);
core/src/main/java/com/ycsopen/sms/core/service/tenant/HttpQualificationInspectionSpi.java:99:        } catch (QualificationInspectionSpi.Failure failure) {
core/src/main/java/com/ycsopen/sms/core/service/tenant/HttpQualificationInspectionSpi.java:102:            throw QualificationInspectionSpi.Failure.unavailable();
core/src/main/java/com/ycsopen/sms/core/service/tenant/HttpQualificationInspectionSpi.java:119:                throw QualificationInspectionSpi.Failure.unavailable();
core/src/main/java/com/ycsopen/sms/core/service/tenant/HttpQualificationInspectionSpi.java:131:            throw QualificationInspectionSpi.Failure.unavailable();
core/src/main/java/com/ycsopen/sms/core/service/tenant/HttpQualificationInspectionSpi.java:135:    private record ProviderRequest(String mediaType, String contentBase64) { }
core/src/main/java/com/ycsopen/sms/core/service/tenant/HttpQualificationInspectionSpi.java:136:    private record ProviderResponse(String companyName, String creditCode, double confidence, String requestId) { }
core/src/main/java/com/ycsopen/sms/core/service/exemption/ExemptionPolicyService.java:21:public class ExemptionPolicyService {
core/src/main/java/com/ycsopen/sms/core/service/exemption/ExemptionPolicyService.java:31:    public ExemptionPolicyService(JdbcTemplate jdbc) {
core/src/main/java/com/ycsopen/sms/core/service/exemption/ExemptionPolicyService.java:35:    ExemptionPolicyService(JdbcTemplate jdbc, Clock clock) {
core/src/main/java/com/ycsopen/sms/core/service/exemption/ExemptionPolicyService.java:41:    public List<ExemptionPolicyResponse> list() {
core/src/main/java/com/ycsopen/sms/core/service/exemption/ExemptionPolicyService.java:47:    public ExemptionPolicyResponse create(ExemptionPolicyCreateRequest request) {
core/src/main/java/com/ycsopen/sms/core/service/exemption/ExemptionPolicyService.java:76:    private ExemptionPolicyResponse insertVersion(long tenantId, String type, String resourceId, String productCode,
core/src/main/java/com/ycsopen/sms/core/service/exemption/ExemptionPolicyService.java:107:    public ExemptionPolicyResponse revoke(long id, ExemptionPolicyRevokeRequest request) {
core/src/main/java/com/ycsopen/sms/core/service/exemption/ExemptionPolicyService.java:125:    public ExemptionPolicyPreviewResponse preview(ExemptionPolicyPreviewRequest request) {
core/src/main/java/com/ycsopen/sms/core/service/exemption/ExemptionPolicyService.java:182:    public List<ExemptionPolicyUsageResponse> usageHistory() {
core/src/main/java/com/ycsopen/sms/core/service/exemption/ExemptionPolicyService.java:185:                """, (rs, rowNum) -> new ExemptionPolicyUsageResponse(rs.getLong("id"),
core/src/main/java/com/ycsopen/sms/core/service/exemption/ExemptionPolicyService.java:201:    private ExemptionPolicyPreviewResponse recordUsage(Long ruleId, Integer versionNo, long tenantId, String type,
core/src/main/java/com/ycsopen/sms/core/service/exemption/ExemptionPolicyService.java:210:        return new ExemptionPolicyPreviewResponse(result, ruleId, versionNo, resultReason, type, resourceId, productCode, scope);
core/src/main/java/com/ycsopen/sms/core/service/exemption/ExemptionPolicyService.java:222:    private ExemptionPolicyResponse get(long id) {
core/src/main/java/com/ycsopen/sms/core/service/exemption/ExemptionPolicyService.java:244:    private ExemptionPolicyResponse toResponse(ExemptionRule rule) {
core/src/main/java/com/ycsopen/sms/core/service/exemption/ExemptionPolicyService.java:245:        return new ExemptionPolicyResponse(rule.id(), rule.tenantId(), rule.exemptionType(), rule.resourceId(),
core/src/main/java/com/ycsopen/sms/core/service/tenant/TenantEligibilityPolicy.java:16:public class TenantEligibilityPolicy {
core/src/main/java/com/ycsopen/sms/core/service/tenant/TenantEligibilityPolicy.java:23:    public TenantEligibilityPolicy(TenantRepository tenants, TenantAccountRepository accounts) {
core/src/main/java/com/ycsopen/sms/core/service/signature/SignatureLifecycleService.java:7:import com.ycsopen.sms.core.service.tenant.TenantEligibilityPolicy;
core/src/main/java/com/ycsopen/sms/core/service/signature/SignatureLifecycleService.java:30:    private final TenantEligibilityPolicy tenantEligibility;
core/src/main/java/com/ycsopen/sms/core/service/signature/SignatureLifecycleService.java:34:    public SignatureLifecycleService(JdbcTemplate jdbc, TenantEligibilityPolicy tenantEligibility,
core/src/main/java/com/ycsopen/sms/core/service/signature/SignatureLifecycleService.java:100:    public SignatureReviewQueueResponse reviewQueue(String keyword, String tenantId, String signType,
core/src/main/java/com/ycsopen/sms/core/service/signature/SignatureLifecycleService.java:130:        return new SignatureReviewQueueResponse(summary(), items);
core/src/main/java/com/ycsopen/sms/core/service/signature/SignatureLifecycleService.java:134:    public SignatureReviewSummaryResponse summary() {
core/src/main/java/com/ycsopen/sms/core/service/signature/SignatureLifecycleService.java:135:        return new SignatureReviewSummaryResponse(
core/src/main/java/com/ycsopen/sms/core/service/tenant/TenantReviewService.java:22:public class TenantReviewService {
core/src/main/java/com/ycsopen/sms/core/service/tenant/TenantReviewService.java:41:    public TenantReviewService(TenantRepository tenants, TenantAccountRepository accounts,
core/src/main/java/com/ycsopen/sms/core/service/tenant/TenantReviewService.java:48:    TenantReviewService(TenantRepository tenants, TenantAccountRepository accounts,
core/src/main/java/com/ycsopen/sms/core/service/tenant/TenantReviewService.java:60:    public List<ReviewView> list() {
core/src/main/java/com/ycsopen/sms/core/service/tenant/TenantReviewService.java:66:    public ReviewView get(long tenantId) {
core/src/main/java/com/ycsopen/sms/core/service/tenant/TenantReviewService.java:72:    public ReviewView decide(long tenantId, long expectedRevision, Decision decision,
core/src/main/java/com/ycsopen/sms/core/service/tenant/TenantReviewService.java:103:        tenants.appendReviewEvent(tenantId, decision.eventAction(), beforeVerification,
core/src/main/java/com/ycsopen/sms/core/service/tenant/TenantReviewService.java:138:    ReviewView view(Tenant tenant, TenantAccount account) {
core/src/main/java/com/ycsopen/sms/core/service/tenant/TenantReviewService.java:139:        return new ReviewView(tenant.getId(), tenant.getTenantNo(), tenant.getShortName(),
core/src/main/java/com/ycsopen/sms/core/service/tenant/TenantReviewService.java:150:                tenant.getInspectionProviderRequestId(), tenant.getInspectionCompletedAt());
core/src/main/java/com/ycsopen/sms/core/service/tenant/TenantReviewService.java:171:    private static ReviewFailure failure(String code) { return new ReviewFailure(code); }
core/src/main/java/com/ycsopen/sms/core/service/tenant/TenantReviewService.java:180:    public record ReviewView(Long tenantId, String tenantNo, String shortName, String fullName,
core/src/main/java/com/ycsopen/sms/core/service/tenant/TenantReviewService.java:194:    public static final class ReviewFailure extends RuntimeException {
core/src/main/java/com/ycsopen/sms/core/service/tenant/TenantReviewService.java:195:        ReviewFailure(String code) { super(code, null, false, false); }
core/src/main/java/com/ycsopen/sms/core/service/channel/ChannelDependencyInventoryService.java:30:    public ProviderCounts declaredProviderCounts(long channelId) {
core/src/main/java/com/ycsopen/sms/core/service/channel/ChannelDependencyInventoryService.java:31:        return new ProviderCounts(count("route_rules", "target_channel_id", channelId),
core/src/main/java/com/ycsopen/sms/core/service/channel/ChannelDependencyInventoryService.java:49:    public record ProviderCounts(int routeRules, int groupMembers, int signatureRegistrations,
core/src/test/java/com/ycsopen/sms/core/web/controller/ProviderStatusTaxonomyControllerSecurityContractTest.java:12:class ProviderStatusTaxonomyControllerSecurityContractTest {
core/src/test/java/com/ycsopen/sms/core/web/controller/ProviderStatusTaxonomyControllerSecurityContractTest.java:14:    void controllerMethodsDeclareExactProviderStatusPermissions() {
core/src/test/java/com/ycsopen/sms/core/web/controller/ProviderStatusTaxonomyControllerSecurityContractTest.java:15:        Map<String, String> permissions = Arrays.stream(ProviderStatusTaxonomyController.class.getDeclaredMethods())
core/src/test/java/com/ycsopen/sms/core/web/controller/BlacklistRiskControlControllerSecurityContractTest.java:20:                "saveProvider", "risk-provider:write",
core/src/test/java/com/ycsopen/sms/core/web/controller/DashboardControllerTest.java:52:                .andExpect(jsonPath("$.data[0].freshnessPolicy", is("T_PLUS_1_DAILY")));
core/src/main/java/com/ycsopen/sms/core/common/security/envelope/CipherEnvelope.java:22:        EnvelopeCodec.requireProvider(providerId);
core/src/main/java/com/ycsopen/sms/core/common/security/envelope/EnvelopeCodec.java:110:        requireProviderBytes(input, offset);
core/src/main/java/com/ycsopen/sms/core/common/security/envelope/EnvelopeCodec.java:343:    private static void requireProviderBytes(byte[] input, int offset) {
core/src/main/java/com/ycsopen/sms/core/common/security/envelope/EnvelopeCodec.java:368:    static void requireProvider(String providerId) {
core/src/main/java/com/ycsopen/sms/core/common/security/envelope/EnvelopeCodec.java:410:        requireProvider(envelope.providerId());
core/src/main/java/com/ycsopen/sms/core/common/security/migration/LegacyValueClassifier.java:6:import com.ycsopen.sms.core.common.security.migration.ProtectedDataTarget.NullPolicy;
core/src/main/java/com/ycsopen/sms/core/common/security/migration/LegacyValueClassifier.java:31:            return target.nullPolicy() == NullPolicy.ALLOWED
core/src/main/java/com/ycsopen/sms/core/common/security/persistence/BlindIndexLookupService.java:61:            TargetPolicy policy = targetPolicy(BLACKLIST_TARGET);
core/src/main/java/com/ycsopen/sms/core/common/security/persistence/BlindIndexLookupService.java:112:    private TargetPolicy targetPolicy(String target) {
core/src/main/java/com/ycsopen/sms/core/common/security/persistence/BlindIndexLookupService.java:113:        List<TargetPolicy> policies = jdbcTemplate.query("""
core/src/main/java/com/ycsopen/sms/core/common/security/persistence/BlindIndexLookupService.java:117:                """, (rs, row) -> new TargetPolicy(rs.getString(1), rs.getBoolean(2)), target);
core/src/main/java/com/ycsopen/sms/core/common/security/persistence/BlindIndexLookupService.java:205:        } catch (IllegalArgumentException invalidPolicy) {
core/src/main/java/com/ycsopen/sms/core/common/security/persistence/BlindIndexLookupService.java:299:    private record TargetPolicy(String state, boolean legacyFallbackAllowed) {
core/src/main/java/com/ycsopen/sms/core/common/security/migration/ProtectedDataMigrationLauncher.java:30:                    .map(ServiceLoader.Provider::get)
core/src/main/java/com/ycsopen/sms/core/common/security/config/CryptoStorageConfiguration.java:13:import com.ycsopen.sms.core.common.security.key.pkcs11.Pkcs11ProviderFactory;
core/src/main/java/com/ycsopen/sms/core/common/security/config/CryptoStorageConfiguration.java:66:        Pkcs11ProviderFactory.Session session = new Pkcs11ProviderFactory(failureMapper).open(properties);
core/src/main/java/com/ycsopen/sms/core/common/security/HmacSignatureVerifier.java:4:import org.springframework.beans.factory.ObjectProvider;
core/src/main/java/com/ycsopen/sms/core/common/security/HmacSignatureVerifier.java:34:    public HmacSignatureVerifier(ObjectProvider<StringRedisTemplate> redis) {
core/src/main/java/com/ycsopen/sms/core/common/security/migration/ProtectedDataManifest.java:11:import com.ycsopen.sms.core.common.security.migration.ProtectedDataTarget.NullPolicy;
core/src/main/java/com/ycsopen/sms/core/common/security/migration/ProtectedDataManifest.java:44:    private static final Map<String, ReviewedRule> REVIEWED_INLINE = reviewedInline();
core/src/main/java/com/ycsopen/sms/core/common/security/migration/ProtectedDataManifest.java:45:    private static final Map<String, ReviewedRule> REVIEWED_OBJECTS = reviewedObjects();
core/src/main/java/com/ycsopen/sms/core/common/security/migration/ProtectedDataManifest.java:46:    private static final Map<String, ReviewedRule> REVIEWED_DIGESTS = reviewedDigests();
core/src/main/java/com/ycsopen/sms/core/common/security/migration/ProtectedDataManifest.java:197:            Map<String, ReviewedRule> inline,
core/src/main/java/com/ycsopen/sms/core/common/security/migration/ProtectedDataManifest.java:198:            Map<String, ReviewedRule> objects,
core/src/main/java/com/ycsopen/sms/core/common/security/migration/ProtectedDataManifest.java:205:            ReviewedRule rule = inline.get(id);
core/src/main/java/com/ycsopen/sms/core/common/security/migration/ProtectedDataManifest.java:240:                    rule.nullPolicy(),
core/src/main/java/com/ycsopen/sms/core/common/security/migration/ProtectedDataManifest.java:256:            ReviewedRule rule = REVIEWED_DIGESTS.get(id);
core/src/main/java/com/ycsopen/sms/core/common/security/migration/ProtectedDataManifest.java:272:                    NullPolicy.FORBIDDEN,
core/src/main/java/com/ycsopen/sms/core/common/security/migration/ProtectedDataManifest.java:474:    private static Map<String, ReviewedRule> reviewedInline() {
core/src/main/java/com/ycsopen/sms/core/common/security/migration/ProtectedDataManifest.java:475:        Map<String, ReviewedRule> rules = new HashMap<>();
core/src/main/java/com/ycsopen/sms/core/common/security/migration/ProtectedDataManifest.java:496:    private static Map<String, ReviewedRule> reviewedObjects() {
core/src/main/java/com/ycsopen/sms/core/common/security/migration/ProtectedDataManifest.java:497:        Map<String, ReviewedRule> rules = new HashMap<>();
core/src/main/java/com/ycsopen/sms/core/common/security/migration/ProtectedDataManifest.java:508:    private static Map<String, ReviewedRule> reviewedDigests() {
core/src/main/java/com/ycsopen/sms/core/common/security/migration/ProtectedDataManifest.java:518:            Map<String, ReviewedRule> rules,
core/src/main/java/com/ycsopen/sms/core/common/security/migration/ProtectedDataManifest.java:525:        rules.put(id, new ReviewedRule(
core/src/main/java/com/ycsopen/sms/core/common/security/migration/ProtectedDataManifest.java:527:                nullable ? NullPolicy.ALLOWED : NullPolicy.FORBIDDEN, tenantColumn, identityColumn));
core/src/main/java/com/ycsopen/sms/core/common/security/migration/ProtectedDataManifest.java:531:            Map<String, ReviewedRule> rules,
core/src/main/java/com/ycsopen/sms/core/common/security/migration/ProtectedDataManifest.java:536:        rules.put(id, new ReviewedRule(
core/src/main/java/com/ycsopen/sms/core/common/security/migration/ProtectedDataManifest.java:538:                LegacyRule.OPAQUE_OBJECT_ID_OR_HTTPS_URL, NullPolicy.ALLOWED,
core/src/main/java/com/ycsopen/sms/core/common/security/migration/ProtectedDataManifest.java:542:    private static ReviewedRule digestRule(String tenantColumn, String identityColumn) {
core/src/main/java/com/ycsopen/sms/core/common/security/migration/ProtectedDataManifest.java:543:        return new ReviewedRule(
core/src/main/java/com/ycsopen/sms/core/common/security/migration/ProtectedDataManifest.java:545:                LegacyRule.LOWERCASE_SHA256_HEX, NullPolicy.FORBIDDEN,
core/src/main/java/com/ycsopen/sms/core/common/security/migration/ProtectedDataManifest.java:549:    private record ReviewedRule(
core/src/main/java/com/ycsopen/sms/core/common/security/migration/ProtectedDataManifest.java:554:            NullPolicy nullPolicy,
core/src/main/java/com/ycsopen/sms/core/common/security/migration/ProductionMigrationCommandServicesFactory.java:13:import com.ycsopen.sms.core.common.security.key.pkcs11.Pkcs11ProviderFactory;
core/src/main/java/com/ycsopen/sms/core/common/security/migration/ProductionMigrationCommandServicesFactory.java:236:        Pkcs11ProviderFactory.Session session = new Pkcs11ProviderFactory(failureMapper).open(pkcs11);
core/src/main/java/com/ycsopen/sms/core/common/security/migration/ProductionMigrationCommandServicesFactory.java:417:     * Reads through descriptor-relative, no-follow handles. Providers without
core/src/main/java/com/ycsopen/sms/core/common/security/object/TenantRegistrationObjectSessionService.java:16:import java.security.ProviderException;
core/src/main/java/com/ycsopen/sms/core/common/security/object/TenantRegistrationObjectSessionService.java:322:        } catch (ProviderException failure) {
core/src/main/java/com/ycsopen/sms/core/common/security/persistence/PreparedMessageRouting.java:14:public final class PreparedMessageRouting {
core/src/main/java/com/ycsopen/sms/core/common/security/persistence/PreparedMessageRouting.java:22:    PreparedMessageRouting(long tenantId,
core/src/main/java/com/ycsopen/sms/core/common/security/persistence/PreparedMessageRouting.java:77:        return "PreparedMessageRouting[tenant=[redacted], message=[redacted], "
core/src/main/java/com/ycsopen/sms/core/common/security/object/ObjectStoreProperties.java:17:                                    CredentialProvider credentialProvider,
core/src/main/java/com/ycsopen/sms/core/common/security/object/ObjectStoreProperties.java:24:        credentialProvider = credentialProvider == null ? CredentialProvider.DEFAULT_CHAIN : credentialProvider;
core/src/main/java/com/ycsopen/sms/core/common/security/object/ObjectStoreProperties.java:38:    public enum CredentialProvider {
core/src/main/java/com/ycsopen/sms/core/common/security/key/pkcs11/SunPkcs11KeyAdapter.java:22:import java.security.Provider;
core/src/main/java/com/ycsopen/sms/core/common/security/key/pkcs11/SunPkcs11KeyAdapter.java:46:    private final Pkcs11ProviderFactory.Session session;
core/src/main/java/com/ycsopen/sms/core/common/security/key/pkcs11/SunPkcs11KeyAdapter.java:58:    public SunPkcs11KeyAdapter(Pkcs11ProviderFactory.Session session,
core/src/main/java/com/ycsopen/sms/core/common/security/key/pkcs11/SunPkcs11KeyAdapter.java:67:    public SunPkcs11KeyAdapter(Pkcs11ProviderFactory.Session session,
core/src/main/java/com/ycsopen/sms/core/common/security/key/pkcs11/SunPkcs11KeyAdapter.java:77:    SunPkcs11KeyAdapter(Pkcs11ProviderFactory.Session session,
core/src/main/java/com/ycsopen/sms/core/common/security/key/pkcs11/SunPkcs11KeyAdapter.java:86:    SunPkcs11KeyAdapter(Pkcs11ProviderFactory.Session session,
core/src/main/java/com/ycsopen/sms/core/common/security/key/pkcs11/SunPkcs11KeyAdapter.java:329:        Pkcs11ProviderFactory.TokenKey tokenKey = session.key(descriptor.alias());
core/src/main/java/com/ycsopen/sms/core/common/security/key/pkcs11/SunPkcs11KeyAdapter.java:555:        private final Provider provider;
core/src/main/java/com/ycsopen/sms/core/common/security/key/pkcs11/SunPkcs11KeyAdapter.java:557:        private JcaCryptoOperations(Provider provider) {
core/src/main/java/com/ycsopen/sms/core/common/security/persistence/MessageTaskProtectionAdapter.java:83:    public PreparedMessageRouting prepareForRouting(Long tenantId,
core/src/main/java/com/ycsopen/sms/core/common/security/persistence/MessageTaskProtectionAdapter.java:116:            return new PreparedMessageRouting(
core/src/main/java/com/ycsopen/sms/core/common/security/persistence/MessageTaskProtectionAdapter.java:128:    public PreparedMessageMobile protectForPersistence(PreparedMessageRouting routing,
core/src/main/java/com/ycsopen/sms/core/common/security/persistence/MessageTaskProtectionAdapter.java:197:    /** Reveals the mobile only for the provider-dispatch boundary that owns sending the message. */
core/src/main/java/com/ycsopen/sms/core/common/security/persistence/MessageTaskProtectionAdapter.java:289:    /** Unforgeable permit for the dispatch-only protected read boundary. */
core/src/main/java/com/ycsopen/sms/core/common/security/object/ProtectedObjectService.java:14:import java.security.ProviderException;
core/src/main/java/com/ycsopen/sms/core/common/security/object/ProtectedObjectService.java:444:        } catch (ProviderException failure) {
core/src/main/java/com/ycsopen/sms/core/common/security/object/ProtectedObjectService.java:464:        } catch (ProviderException failure) {
core/src/main/java/com/ycsopen/sms/core/common/security/persistence/TenantRegistrationProtectionAdapter.java:11:import org.springframework.beans.factory.ObjectProvider;
core/src/main/java/com/ycsopen/sms/core/common/security/persistence/TenantRegistrationProtectionAdapter.java:65:            ObjectProvider<TenantRegistrationObjectSessionService> sessionServiceProvider,
core/src/main/java/com/ycsopen/sms/core/common/security/persistence/TenantRegistrationProtectionAdapter.java:70:                new JdbcClaimStore(jdbcTemplate, sessionServiceProvider::getIfAvailable,
core/src/main/java/com/ycsopen/sms/core/common/security/key/lifecycle/KeyReferenceRepository.java:19: * <p>There is deliberately no delete operation. Provider keys outlive application metadata and
core/src/main/java/com/ycsopen/sms/core/common/security/migration/ProtectedDataTarget.java:19:        NullPolicy nullPolicy,
core/src/main/java/com/ycsopen/sms/core/common/security/migration/ProtectedDataTarget.java:38:        Objects.requireNonNull(nullPolicy, "nullPolicy");
core/src/main/java/com/ycsopen/sms/core/common/security/migration/ProtectedDataTarget.java:103:    public enum NullPolicy {
core/src/main/java/com/ycsopen/sms/core/common/security/object/S3PrivateObjectStoreAdapter.java:5:import software.amazon.awssdk.auth.credentials.AwsCredentialsProvider;
core/src/main/java/com/ycsopen/sms/core/common/security/object/S3PrivateObjectStoreAdapter.java:6:import software.amazon.awssdk.auth.credentials.ContainerCredentialsProvider;
core/src/main/java/com/ycsopen/sms/core/common/security/object/S3PrivateObjectStoreAdapter.java:7:import software.amazon.awssdk.auth.credentials.DefaultCredentialsProvider;
core/src/main/java/com/ycsopen/sms/core/common/security/object/S3PrivateObjectStoreAdapter.java:8:import software.amazon.awssdk.auth.credentials.InstanceProfileCredentialsProvider;
core/src/main/java/com/ycsopen/sms/core/common/security/object/S3PrivateObjectStoreAdapter.java:18:import software.amazon.awssdk.services.s3.model.GetBucketPolicyRequest;
core/src/main/java/com/ycsopen/sms/core/common/security/object/S3PrivateObjectStoreAdapter.java:94:            AwsCredentialsProvider credentials = switch (properties.credentialProvider()) {
core/src/main/java/com/ycsopen/sms/core/common/security/object/S3PrivateObjectStoreAdapter.java:95:                case DEFAULT_CHAIN -> DefaultCredentialsProvider.create();
core/src/main/java/com/ycsopen/sms/core/common/security/object/S3PrivateObjectStoreAdapter.java:96:                case CONTAINER -> ContainerCredentialsProvider.builder().build();
core/src/main/java/com/ycsopen/sms/core/common/security/object/S3PrivateObjectStoreAdapter.java:97:                case INSTANCE_PROFILE -> InstanceProfileCredentialsProvider.create();
core/src/main/java/com/ycsopen/sms/core/common/security/object/S3PrivateObjectStoreAdapter.java:101:                    .credentialsProvider(credentials)
core/src/main/java/com/ycsopen/sms/core/common/security/object/S3PrivateObjectStoreAdapter.java:254:                throw Failure.invalidPolicy();
core/src/main/java/com/ycsopen/sms/core/common/security/object/S3PrivateObjectStoreAdapter.java:257:                String policy = s3Client.getBucketPolicy(GetBucketPolicyRequest.builder()
core/src/main/java/com/ycsopen/sms/core/common/security/object/S3PrivateObjectStoreAdapter.java:260:                    throw Failure.invalidPolicy();
core/src/main/java/com/ycsopen/sms/core/common/security/object/S3PrivateObjectStoreAdapter.java:262:            } catch (S3Exception noPolicy) {
core/src/main/java/com/ycsopen/sms/core/common/security/object/S3PrivateObjectStoreAdapter.java:263:                if (!isMissingPolicy(noPolicy)) {
core/src/main/java/com/ycsopen/sms/core/common/security/object/S3PrivateObjectStoreAdapter.java:264:                    throw noPolicy;
core/src/main/java/com/ycsopen/sms/core/common/security/object/S3PrivateObjectStoreAdapter.java:290:    private static boolean isMissingPolicy(S3Exception failure) {
core/src/main/java/com/ycsopen/sms/core/common/security/object/S3PrivateObjectStoreAdapter.java:293:                && "NoSuchBucketPolicy".equals(failure.awsErrorDetails().errorCode());
core/src/main/java/com/ycsopen/sms/core/common/security/persistence/PreparedMessageMobile.java:25:    PreparedMessageMobile(PreparedMessageRouting routing,
core/src/main/java/com/ycsopen/sms/core/common/security/object/ObjectCapabilityService.java:11:import java.security.ProviderException;
core/src/main/java/com/ycsopen/sms/core/common/security/object/ObjectCapabilityService.java:167:        } catch (ProviderException failure) {
core/src/main/java/com/ycsopen/sms/core/common/security/object/ObjectCapabilityService.java:219:        } catch (NoSuchAlgorithmException | ProviderException failure) {
core/src/main/java/com/ycsopen/sms/core/common/security/migration/snapshot/MySqlSnapshotProcess.java:100:                    TrustedExecutablePolicy.system(), Database::password, ProcessBuilder::start);
core/src/main/java/com/ycsopen/sms/core/common/security/migration/snapshot/MySqlSnapshotProcess.java:108:                TrustedExecutablePolicy executablePolicy,
core/src/main/java/com/ycsopen/sms/core/common/security/migration/snapshot/MySqlSnapshotProcess.java:111:            TrustedExecutablePolicy policy = Objects.requireNonNull(
core/src/main/java/com/ycsopen/sms/core/common/security/migration/snapshot/MySqlSnapshotProcess.java:112:                    executablePolicy, "executablePolicy");
core/src/main/java/com/ycsopen/sms/core/common/security/migration/snapshot/MySqlSnapshotProcess.java:208:                TrustedExecutablePolicy policy) {
core/src/main/java/com/ycsopen/sms/core/common/security/migration/snapshot/MySqlSnapshotProcess.java:211:                    Path candidate, String expectedSha256, TrustedExecutablePolicy policy) {
core/src/main/java/com/ycsopen/sms/core/common/security/migration/snapshot/MySqlSnapshotProcess.java:227:        static final class TrustedExecutablePolicy {
core/src/main/java/com/ycsopen/sms/core/common/security/migration/snapshot/MySqlSnapshotProcess.java:233:            TrustedExecutablePolicy(
core/src/main/java/com/ycsopen/sms/core/common/security/migration/snapshot/MySqlSnapshotProcess.java:243:            static TrustedExecutablePolicy system() {
core/src/main/java/com/ycsopen/sms/core/common/security/migration/snapshot/MySqlSnapshotProcess.java:247:                return new TrustedExecutablePolicy(
core/src/main/java/com/ycsopen/sms/core/common/security/migration/snapshot/MySqlSnapshotProcess.java:254:            static TrustedExecutablePolicy system(RuntimeIdentityReader runtimeIdentityReader) {
core/src/main/java/com/ycsopen/sms/core/common/security/migration/snapshot/MySqlSnapshotProcess.java:258:                return new TrustedExecutablePolicy(
core/src/main/java/com/ycsopen/sms/core/common/security/key/pkcs11/Pkcs11ProviderFactory.java:11:import java.security.Provider;
core/src/main/java/com/ycsopen/sms/core/common/security/key/pkcs11/Pkcs11ProviderFactory.java:27:public final class Pkcs11ProviderFactory {
core/src/main/java/com/ycsopen/sms/core/common/security/key/pkcs11/Pkcs11ProviderFactory.java:29:    private final ProviderConfigurator configurator;
core/src/main/java/com/ycsopen/sms/core/common/security/key/pkcs11/Pkcs11ProviderFactory.java:33:    public Pkcs11ProviderFactory(Pkcs11FailureMapper failureMapper) {
core/src/main/java/com/ycsopen/sms/core/common/security/key/pkcs11/Pkcs11ProviderFactory.java:34:        this((config, expectedProviderName) -> {
core/src/main/java/com/ycsopen/sms/core/common/security/key/pkcs11/Pkcs11ProviderFactory.java:35:                    Provider base = Security.getProvider("SunPKCS11");
core/src/main/java/com/ycsopen/sms/core/common/security/key/pkcs11/Pkcs11ProviderFactory.java:39:                    Provider configured = base.configure(config.toString());
core/src/main/java/com/ycsopen/sms/core/common/security/key/pkcs11/Pkcs11ProviderFactory.java:40:                    if (!expectedProviderName.equals(configured.getName())) {
core/src/main/java/com/ycsopen/sms/core/common/security/key/pkcs11/Pkcs11ProviderFactory.java:44:                }, Pkcs11ProviderFactory::loadToken, failureMapper);
core/src/main/java/com/ycsopen/sms/core/common/security/key/pkcs11/Pkcs11ProviderFactory.java:47:    Pkcs11ProviderFactory(ProviderConfigurator configurator,
core/src/main/java/com/ycsopen/sms/core/common/security/key/pkcs11/Pkcs11ProviderFactory.java:61:            String expectedProviderName = "SunPKCS11-" + providerSuffix;
core/src/main/java/com/ycsopen/sms/core/common/security/key/pkcs11/Pkcs11ProviderFactory.java:63:            Provider provider = configurator.configure(config, expectedProviderName);
core/src/main/java/com/ycsopen/sms/core/common/security/key/pkcs11/Pkcs11ProviderFactory.java:64:            if (provider == null || !expectedProviderName.equals(provider.getName())) {
core/src/main/java/com/ycsopen/sms/core/common/security/key/pkcs11/Pkcs11ProviderFactory.java:112:    private static Map<String, TokenKey> loadToken(Provider provider,
core/src/main/java/com/ycsopen/sms/core/common/security/key/pkcs11/Pkcs11ProviderFactory.java:143:    private static TokenKey inspect(Provider provider, SecretKey key) {
core/src/main/java/com/ycsopen/sms/core/common/security/key/pkcs11/Pkcs11ProviderFactory.java:216:    interface ProviderConfigurator {
core/src/main/java/com/ycsopen/sms/core/common/security/key/pkcs11/Pkcs11ProviderFactory.java:217:        Provider configure(Path config, String expectedProviderName) throws IOException;
core/src/main/java/com/ycsopen/sms/core/common/security/key/pkcs11/Pkcs11ProviderFactory.java:222:        Map<String, TokenKey> load(Provider provider,
core/src/main/java/com/ycsopen/sms/core/common/security/key/pkcs11/Pkcs11ProviderFactory.java:240:        private final Provider provider;
core/src/main/java/com/ycsopen/sms/core/common/security/key/pkcs11/Pkcs11ProviderFactory.java:244:        private Session(Provider provider, Map<String, TokenKey> keys, String tokenIdentityHash) {
core/src/main/java/com/ycsopen/sms/core/common/security/key/pkcs11/Pkcs11ProviderFactory.java:250:        Provider provider() {
core/src/main/java/com/ycsopen/sms/core/common/security/key/pkcs11/Pkcs11ProviderFactory.java:264:            // Provider instances are not globally registered; token lifetime follows their handles.
core/src/main/java/com/ycsopen/sms/core/common/security/object/PrivateObjectStorePort.java:76:    /** Stable, sanitized failure boundary. Provider exception text is never retained. */
core/src/main/java/com/ycsopen/sms/core/common/security/object/PrivateObjectStorePort.java:100:        public static Failure invalidPolicy() {
core/src/main/java/com/ycsopen/sms/core/common/security/JwtTokenProvider.java:18:public class JwtTokenProvider {
core/src/main/java/com/ycsopen/sms/core/common/security/JwtTokenProvider.java:23:    public JwtTokenProvider(@Value("${ycsopen.security.jwt.secret}") String secret,
core/src/main/java/com/ycsopen/sms/core/common/security/migration/ProtectedDataMigrationRunner.java:88:        validateReviewedMigrationSet();
core/src/main/java/com/ycsopen/sms/core/common/security/migration/ProtectedDataMigrationRunner.java:410:    private void validateReviewedMigrationSet() {
core/src/main/java/com/ycsopen/sms/core/common/security/JwtAuthenticationFilter.java:17: * Authenticates console requests with the access token issued by {@link JwtTokenProvider}.
core/src/main/java/com/ycsopen/sms/core/common/security/JwtAuthenticationFilter.java:26:    private final JwtTokenProvider tokenProvider;
core/src/main/java/com/ycsopen/sms/core/common/security/JwtAuthenticationFilter.java:29:    public JwtAuthenticationFilter(JwtTokenProvider tokenProvider, JwtAccessVerifier accessVerifier) {
core/src/main/java/com/ycsopen/sms/core/common/security/JwtAuthenticationFilter.java:30:        this.tokenProvider = tokenProvider;
core/src/main/java/com/ycsopen/sms/core/common/security/JwtAuthenticationFilter.java:55:            Claims claims = tokenProvider.parse(token);
